Starting project at C:\Users\DboxAdmin\skill_projects\expense-tracker
React Compiler enabled
Starting Metro Bundler

Waiting on http://localhost:8099

Logs for your project will appear below.
Android Bundled 2490ms node_modules\expo-router\entry.js (1960 modules)
Android Bundled 2517ms node_modules\expo-router\entry.js (1 module)
Android Bundled 2427ms node_modules\expo-router\entry.js (1 module)
 ERROR  [ReferenceError: Property 'StyleSheet' doesn't exist] 

Code: icon.tsx
[0m [90m 220 |[39m [36mconst[39m [33mGRID[39m [33m=[39m [35m24[39m[33m;[39m
 [90m 221 |[39m
[31m[1m>[22m[39m[90m 222 |[39m [36mconst[39m styles [33m=[39m [33mStyleSheet[39m[33m.[39mcreate({
 [90m     |[39m                [31m[1m^[22m[39m
 [90m 223 |[39m   box[33m:[39m {
 [90m 224 |[39m     [90m// Reserves the layout box without clipping the compensated canvas.[39m
 [90m 225 |[39m     overflow[33m:[39m [32m'visible'[39m[33m,[39m[0m
Call Stack
  <global> (src\components\ui\icon.tsx:222:16)
 ERROR  SyntaxError: C:\Users\DboxAdmin\skill_projects\expense-tracker\src\components\ui\icon.tsx: Identifier 'GRID' has already been declared. (228:6)

  226 |
  227 | /** The grid every path is authored on. */
> 228 | const GRID = 24;
      |       ^
  229 |
  230 | const styles = StyleSheet.create({
  231 |   box: {
    at constructor (C:\Users\DboxAdmin\skill_projects\expense-tracker\node_modules\@babel\parser\lib\index.js:369:19)
    at TypeScriptParserMixin.raise (C:\Users\DboxAdmin\skill_projects\expense-tracker\node_modules\@babel\parser\lib\index.js:6622:19)
    at TypeScriptScopeHandler.checkRedeclarationInScope (C:\Users\DboxAdmin\skill_projects\expense-tracker\node_modules\@babel\parser\lib\index.js:1623:19)
    at TypeScriptScopeHandler.declareName (C:\Users\DboxAdmin\skill_projects\expense-tracker\node_modules\@babel\parser\lib\index.js:1589:12)
    at TypeScriptScopeHandler.declareName (C:\Users\DboxAdmin\skill_projects\expense-tracker\node_modules\@babel\parser\lib\index.js:4898:11)
    at TypeScriptParserMixin.declareNameFromIdentifier (C:\Users\DboxAdmin\skill_projects\expense-tracker\node_modules\@babel\parser\lib\index.js:7590:16)
    at TypeScriptParserMixin.checkIdentifier (C:\Users\DboxAdmin\skill_projects\expense-tracker\node_modules\@babel\parser\lib\index.js:7586:12)
    at TypeScriptParserMixin.checkLVal (C:\Users\DboxAdmin\skill_projects\expense-tracker\node_modules\@babel\parser\lib\index.js:7523:12)
    at TypeScriptParserMixin.parseVarId (C:\Users\DboxAdmin\skill_projects\expense-tracker\node_modules\@babel\parser\lib\index.js:13446:10)
    at TypeScriptParserMixin.parseVarId (C:\Users\DboxAdmin\skill_projects\expense-tracker\node_modules\@babel\parser\lib\index.js:9775:11)
    at TypeScriptParserMixin.parseVar (C:\Users\DboxAdmin\skill_projects\expense-tracker\node_modules\@babel\parser\lib\index.js:13417:12)
    at TypeScriptParserMixin.parseVarStatement (C:\Users\DboxAdmin\skill_projects\expense-tracker\node_modules\@babel\parser\lib\index.js:13264:10)
    at TypeScriptParserMixin.parseVarStatement (C:\Users\DboxAdmin\skill_projects\expense-tracker\node_modules\@babel\parser\lib\index.js:9431:31)
    at TypeScriptParserMixin.parseStatementContent (C:\Users\DboxAdmin\skill_projects\expense-tracker\node_modules\@babel\parser\lib\index.js:12885:23)
    at TypeScriptParserMixin.parseStatementContent (C:\Users\DboxAdmin\skill_projects\expense-tracker\node_modules\@babel\parser\lib\index.js:9531:18)
    at TypeScriptParserMixin.parseStatementLike (C:\Users\DboxAdmin\skill_projects\expense-tracker\node_modules\@babel\parser\lib\index.js:12801:17)
    at TypeScriptParserMixin.parseModuleItem (C:\Users\DboxAdmin\skill_projects\expense-tracker\node_modules\@babel\parser\lib\index.js:12778:17)
    at TypeScriptParserMixin.parseBlockOrModuleBlockBody (C:\Users\DboxAdmin\skill_projects\expense-tracker\node_modules\@babel\parser\lib\index.js:13350:36)
    at TypeScriptParserMixin.parseBlockBody (C:\Users\DboxAdmin\skill_projects\expense-tracker\node_modules\@babel\parser\lib\index.js:13343:10)
    at TypeScriptParserMixin.parseProgram (C:\Users\DboxAdmin\skill_projects\expense-tracker\node_modules\@babel\parser\lib\index.js:12656:10)
    at TypeScriptParserMixin.parseTopLevel (C:\Users\DboxAdmin\skill_projects\expense-tracker\node_modules\@babel\parser\lib\index.js:12646:25)
    at TypeScriptParserMixin.parse (C:\Users\DboxAdmin\skill_projects\expense-tracker\node_modules\@babel\parser\lib\index.js:14522:25)
    at TypeScriptParserMixin.parse (C:\Users\DboxAdmin\skill_projects\expense-tracker\node_modules\@babel\parser\lib\index.js:10149:18)
    at parse (C:\Users\DboxAdmin\skill_projects\expense-tracker\node_modules\@babel\parser\lib\index.js:14535:26)
    at parser (C:\Users\DboxAdmin\skill_projects\expense-tracker\node_modules\@babel\core\lib\parser\index.js:41:34)
    at parser.next (<anonymous>)
    at normalizeFile (C:\Users\DboxAdmin\skill_projects\expense-tracker\node_modules\@babel\core\lib\transformation\normalize-file.js:51:37)
    at normalizeFile.next (<anonymous>)
    at run (C:\Users\DboxAdmin\skill_projects\expense-tracker\node_modules\@babel\core\lib\transformation\index.js:22:50)
    at run.next (<anonymous>)
    at transform (C:\Users\DboxAdmin\skill_projects\expense-tracker\node_modules\@babel\core\lib\transform.js:22:33)
    at transform.next (<anonymous>)
    at evaluateSync (C:\Users\DboxAdmin\skill_projects\expense-tracker\node_modules\gensync\index.js:251:28)
    at sync (C:\Users\DboxAdmin\skill_projects\expense-tracker\node_modules\gensync\index.js:89:14)
    at stopHiding - secret - don't use this - v1 (C:\Users\DboxAdmin\skill_projects\expense-tracker\node_modules\@babel\core\lib\errors\rewrite-stack-trace.js:47:12)
    at Object.transformSync (C:\Users\DboxAdmin\skill_projects\expense-tracker\node_modules\@babel\core\lib\transform.js:40:76)
    at parseWithBabel (C:\Users\DboxAdmin\skill_projects\expense-tracker\node_modules\@expo\metro-config\build\transformSync.js:75:18)
    at transformSync (C:\Users\DboxAdmin\skill_projects\expense-tracker\node_modules\@expo\metro-config\build\transformSync.js:54:16)
    at Object.transform (C:\Users\DboxAdmin\skill_projects\expense-tracker\node_modules\@expo\metro-config\build\babel-transformer.js:146:58)
    at transformJSWithBabel (C:\Users\DboxAdmin\skill_projects\expense-tracker\node_modules\@expo\metro-config\build\transform-worker\metro-transform-worker.js:495:47)
    at Object.transform (C:\Users\DboxAdmin\skill_projects\expense-tracker\node_modules\@expo\metro-config\build\transform-worker\metro-transform-worker.js:614:12)
    at Object.transform (C:\Users\DboxAdmin\skill_projects\expense-tracker\node_modules\@expo\metro-config\build\transform-worker\transform-worker.js:179:19)
    at transformFile (C:\Users\DboxAdmin\skill_projects\expense-tracker\node_modules\metro\src\DeltaBundler\Worker.flow.js:67:36)
    at Object.transform (C:\Users\DboxAdmin\skill_projects\expense-tracker\node_modules\metro\src\DeltaBundler\Worker.flow.js:42:10)
    at execFunction (C:\Users\DboxAdmin\skill_projects\expense-tracker\node_modules\jest-worker\build\workers\threadChild.js:167:17)
    at execHelper (C:\Users\DboxAdmin\skill_projects\expense-tracker\node_modules\jest-worker\build\workers\threadChild.js:155:5)
    at execMethod (C:\Users\DboxAdmin\skill_projects\expense-tracker\node_modules\jest-worker\build\workers\threadChild.js:158:5)
    at MessagePort.messageListener (C:\Users\DboxAdmin\skill_projects\expense-tracker\node_modules\jest-worker\build\workers\threadChild.js:52:7)
    at [nodejs.internal.kHybridDispatch] (node:internal/event_target:848:20)
    at MessagePort.<anonymous> (node:internal/per_context/messageport:23:28)
 ERROR  SyntaxError: C:\Users\DboxAdmin\skill_projects\expense-tracker\src\components\ui\icon.tsx: Identifier 'GRID' has already been declared. (228:6)

  226 |
  227 | /** The grid every path is authored on. */
> 228 | const GRID = 24;
      |       ^
  229 |
  230 | const styles = StyleSheet.create({
  231 |   box: {
    at constructor (C:\Users\DboxAdmin\skill_projects\expense-tracker\node_modules\@babel\parser\lib\index.js:369:19)
    at TypeScriptParserMixin.raise (C:\Users\DboxAdmin\skill_projects\expense-tracker\node_modules\@babel\parser\lib\index.js:6622:19)
    at TypeScriptScopeHandler.checkRedeclarationInScope (C:\Users\DboxAdmin\skill_projects\expense-tracker\node_modules\@babel\parser\lib\index.js:1623:19)
    at TypeScriptScopeHandler.declareName (C:\Users\DboxAdmin\skill_projects\expense-tracker\node_modules\@babel\parser\lib\index.js:1589:12)
    at TypeScriptScopeHandler.declareName (C:\Users\DboxAdmin\skill_projects\expense-tracker\node_modules\@babel\parser\lib\index.js:4898:11)
    at TypeScriptParserMixin.declareNameFromIdentifier (C:\Users\DboxAdmin\skill_projects\expense-tracker\node_modules\@babel\parser\lib\index.js:7590:16)
    at TypeScriptParserMixin.checkIdentifier (C:\Users\DboxAdmin\skill_projects\expense-tracker\node_modules\@babel\parser\lib\index.js:7586:12)
    at TypeScriptParserMixin.checkLVal (C:\Users\DboxAdmin\skill_projects\expense-tracker\node_modules\@babel\parser\lib\index.js:7523:12)
    at TypeScriptParserMixin.parseVarId (C:\Users\DboxAdmin\skill_projects\expense-tracker\node_modules\@babel\parser\lib\index.js:13446:10)
    at TypeScriptParserMixin.parseVarId (C:\Users\DboxAdmin\skill_projects\expense-tracker\node_modules\@babel\parser\lib\index.js:9775:11)
    at TypeScriptParserMixin.parseVar (C:\Users\DboxAdmin\skill_projects\expense-tracker\node_modules\@babel\parser\lib\index.js:13417:12)
    at TypeScriptParserMixin.parseVarStatement (C:\Users\DboxAdmin\skill_projects\expense-tracker\node_modules\@babel\parser\lib\index.js:13264:10)
    at TypeScriptParserMixin.parseVarStatement (C:\Users\DboxAdmin\skill_projects\expense-tracker\node_modules\@babel\parser\lib\index.js:9431:31)
    at TypeScriptParserMixin.parseStatementContent (C:\Users\DboxAdmin\skill_projects\expense-tracker\node_modules\@babel\parser\lib\index.js:12885:23)
    at TypeScriptParserMixin.parseStatementContent (C:\Users\DboxAdmin\skill_projects\expense-tracker\node_modules\@babel\parser\lib\index.js:9531:18)
    at TypeScriptParserMixin.parseStatementLike (C:\Users\DboxAdmin\skill_projects\expense-tracker\node_modules\@babel\parser\lib\index.js:12801:17)
    at TypeScriptParserMixin.parseModuleItem (C:\Users\DboxAdmin\skill_projects\expense-tracker\node_modules\@babel\parser\lib\index.js:12778:17)
    at TypeScriptParserMixin.parseBlockOrModuleBlockBody (C:\Users\DboxAdmin\skill_projects\expense-tracker\node_modules\@babel\parser\lib\index.js:13350:36)
    at TypeScriptParserMixin.parseBlockBody (C:\Users\DboxAdmin\skill_projects\expense-tracker\node_modules\@babel\parser\lib\index.js:13343:10)
    at TypeScriptParserMixin.parseProgram (C:\Users\DboxAdmin\skill_projects\expense-tracker\node_modules\@babel\parser\lib\index.js:12656:10)
    at TypeScriptParserMixin.parseTopLevel (C:\Users\DboxAdmin\skill_projects\expense-tracker\node_modules\@babel\parser\lib\index.js:12646:25)
    at TypeScriptParserMixin.parse (C:\Users\DboxAdmin\skill_projects\expense-tracker\node_modules\@babel\parser\lib\index.js:14522:25)
    at TypeScriptParserMixin.parse (C:\Users\DboxAdmin\skill_projects\expense-tracker\node_modules\@babel\parser\lib\index.js:10149:18)
    at parse (C:\Users\DboxAdmin\skill_projects\expense-tracker\node_modules\@babel\parser\lib\index.js:14535:26)
    at parser (C:\Users\DboxAdmin\skill_projects\expense-tracker\node_modules\@babel\core\lib\parser\index.js:41:34)
    at parser.next (<anonymous>)
    at normalizeFile (C:\Users\DboxAdmin\skill_projects\expense-tracker\node_modules\@babel\core\lib\transformation\normalize-file.js:51:37)
    at normalizeFile.next (<anonymous>)
    at run (C:\Users\DboxAdmin\skill_projects\expense-tracker\node_modules\@babel\core\lib\transformation\index.js:22:50)
    at run.next (<anonymous>)
    at transform (C:\Users\DboxAdmin\skill_projects\expense-tracker\node_modules\@babel\core\lib\transform.js:22:33)
    at transform.next (<anonymous>)
    at evaluateSync (C:\Users\DboxAdmin\skill_projects\expense-tracker\node_modules\gensync\index.js:251:28)
    at sync (C:\Users\DboxAdmin\skill_projects\expense-tracker\node_modules\gensync\index.js:89:14)
    at stopHiding - secret - don't use this - v1 (C:\Users\DboxAdmin\skill_projects\expense-tracker\node_modules\@babel\core\lib\errors\rewrite-stack-trace.js:47:12)
    at Object.transformSync (C:\Users\DboxAdmin\skill_projects\expense-tracker\node_modules\@babel\core\lib\transform.js:40:76)
    at parseWithBabel (C:\Users\DboxAdmin\skill_projects\expense-tracker\node_modules\@expo\metro-config\build\transformSync.js:75:18)
    at transformSync (C:\Users\DboxAdmin\skill_projects\expense-tracker\node_modules\@expo\metro-config\build\transformSync.js:54:16)
    at Object.transform (C:\Users\DboxAdmin\skill_projects\expense-tracker\node_modules\@expo\metro-config\build\babel-transformer.js:146:58)
    at transformJSWithBabel (C:\Users\DboxAdmin\skill_projects\expense-tracker\node_modules\@expo\metro-config\build\transform-worker\metro-transform-worker.js:495:47)
    at Object.transform (C:\Users\DboxAdmin\skill_projects\expense-tracker\node_modules\@expo\metro-config\build\transform-worker\metro-transform-worker.js:614:12)
    at Object.transform (C:\Users\DboxAdmin\skill_projects\expense-tracker\node_modules\@expo\metro-config\build\transform-worker\transform-worker.js:179:19)
    at transformFile (C:\Users\DboxAdmin\skill_projects\expense-tracker\node_modules\metro\src\DeltaBundler\Worker.flow.js:67:36)
    at Object.transform (C:\Users\DboxAdmin\skill_projects\expense-tracker\node_modules\metro\src\DeltaBundler\Worker.flow.js:42:10)
    at execFunction (C:\Users\DboxAdmin\skill_projects\expense-tracker\node_modules\jest-worker\build\workers\threadChild.js:167:17)
    at execHelper (C:\Users\DboxAdmin\skill_projects\expense-tracker\node_modules\jest-worker\build\workers\threadChild.js:155:5)
    at execMethod (C:\Users\DboxAdmin\skill_projects\expense-tracker\node_modules\jest-worker\build\workers\threadChild.js:158:5)
    at MessagePort.messageListener (C:\Users\DboxAdmin\skill_projects\expense-tracker\node_modules\jest-worker\build\workers\threadChild.js:52:7)
    at [nodejs.internal.kHybridDispatch] (node:internal/event_target:848:20)
    at MessagePort.<anonymous> (node:internal/per_context/messageport:23:28)
 ERROR  SyntaxError: C:\Users\DboxAdmin\skill_projects\expense-tracker\src\components\navigation\glass-nav-bar.tsx: Adjacent JSX elements must be wrapped in an enclosing tag. Did you want a JSX fragment <>...</>? (256:6)

  254 |           {label}
  255 |         </Text>
> 256 |       </Animated.View>
      |       ^
  257 |     </Pressable>
  258 |   );
  259 | }
    at constructor (C:\Users\DboxAdmin\skill_projects\expense-tracker\node_modules\@babel\parser\lib\index.js:369:19)
    at TypeScriptParserMixin.raise (C:\Users\DboxAdmin\skill_projects\expense-tracker\node_modules\@babel\parser\lib\index.js:6622:19)
    at TypeScriptParserMixin.jsxParseElementAt (C:\Users\DboxAdmin\skill_projects\expense-tracker\node_modules\@babel\parser\lib\index.js:4760:18)
    at TypeScriptParserMixin.jsxParseElement (C:\Users\DboxAdmin\skill_projects\expense-tracker\node_modules\@babel\parser\lib\index.js:4767:17)
    at TypeScriptParserMixin.parseExprAtom (C:\Users\DboxAdmin\skill_projects\expense-tracker\node_modules\@babel\parser\lib\index.js:4777:19)
    at TypeScriptParserMixin.parseExprSubscripts (C:\Users\DboxAdmin\skill_projects\expense-tracker\node_modules\@babel\parser\lib\index.js:11107:23)
    at TypeScriptParserMixin.parseUpdate (C:\Users\DboxAdmin\skill_projects\expense-tracker\node_modules\@babel\parser\lib\index.js:11092:21)
    at TypeScriptParserMixin.parseMaybeUnary (C:\Users\DboxAdmin\skill_projects\expense-tracker\node_modules\@babel\parser\lib\index.js:11072:23)
    at TypeScriptParserMixin.parseMaybeUnary (C:\Users\DboxAdmin\skill_projects\expense-tracker\node_modules\@babel\parser\lib\index.js:9860:18)
    at TypeScriptParserMixin.parseMaybeUnaryOrPrivate (C:\Users\DboxAdmin\skill_projects\expense-tracker\node_modules\@babel\parser\lib\index.js:10925:61)
    at TypeScriptParserMixin.parseExprOps (C:\Users\DboxAdmin\skill_projects\expense-tracker\node_modules\@babel\parser\lib\index.js:10930:23)
    at TypeScriptParserMixin.parseMaybeConditional (C:\Users\DboxAdmin\skill_projects\expense-tracker\node_modules\@babel\parser\lib\index.js:10907:23)
    at TypeScriptParserMixin.parseMaybeAssign (C:\Users\DboxAdmin\skill_projects\expense-tracker\node_modules\@babel\parser\lib\index.js:10857:21)
    at C:\Users\DboxAdmin\skill_projects\expense-tracker\node_modules\@babel\parser\lib\index.js:9798:39
    at TypeScriptParserMixin.tryParse (C:\Users\DboxAdmin\skill_projects\expense-tracker\node_modules\@babel\parser\lib\index.js:6930:20)
    at TypeScriptParserMixin.parseMaybeAssign (C:\Users\DboxAdmin\skill_projects\expense-tracker\node_modules\@babel\parser\lib\index.js:9798:18)
    at TypeScriptParserMixin.parseExpressionBase (C:\Users\DboxAdmin\skill_projects\expense-tracker\node_modules\@babel\parser\lib\index.js:10810:23)
    at C:\Users\DboxAdmin\skill_projects\expense-tracker\node_modules\@babel\parser\lib\index.js:10806:39
    at TypeScriptParserMixin.allowInAnd (C:\Users\DboxAdmin\skill_projects\expense-tracker\node_modules\@babel\parser\lib\index.js:12460:12)
    at TypeScriptParserMixin.parseExpression (C:\Users\DboxAdmin\skill_projects\expense-tracker\node_modules\@babel\parser\lib\index.js:10806:17)
    at TypeScriptParserMixin.jsxParseExpressionContainer (C:\Users\DboxAdmin\skill_projects\expense-tracker\node_modules\@babel\parser\lib\index.js:4650:31)
    at TypeScriptParserMixin.jsxParseElementAt (C:\Users\DboxAdmin\skill_projects\expense-tracker\node_modules\@babel\parser\lib\index.js:4729:36)
    at TypeScriptParserMixin.jsxParseElementAt (C:\Users\DboxAdmin\skill_projects\expense-tracker\node_modules\@babel\parser\lib\index.js:4716:32)
    at TypeScriptParserMixin.jsxParseElement (C:\Users\DboxAdmin\skill_projects\expense-tracker\node_modules\@babel\parser\lib\index.js:4767:17)
    at TypeScriptParserMixin.parseExprAtom (C:\Users\DboxAdmin\skill_projects\expense-tracker\node_modules\@babel\parser\lib\index.js:4777:19)
    at TypeScriptParserMixin.parseExprSubscripts (C:\Users\DboxAdmin\skill_projects\expense-tracker\node_modules\@babel\parser\lib\index.js:11107:23)
    at TypeScriptParserMixin.parseUpdate (C:\Users\DboxAdmin\skill_projects\expense-tracker\node_modules\@babel\parser\lib\index.js:11092:21)
    at TypeScriptParserMixin.parseMaybeUnary (C:\Users\DboxAdmin\skill_projects\expense-tracker\node_modules\@babel\parser\lib\index.js:11072:23)
    at TypeScriptParserMixin.parseMaybeUnary (C:\Users\DboxAdmin\skill_projects\expense-tracker\node_modules\@babel\parser\lib\index.js:9860:18)
    at TypeScriptParserMixin.parseMaybeUnaryOrPrivate (C:\Users\DboxAdmin\skill_projects\expense-tracker\node_modules\@babel\parser\lib\index.js:10925:61)
    at TypeScriptParserMixin.parseExprOps (C:\Users\DboxAdmin\skill_projects\expense-tracker\node_modules\@babel\parser\lib\index.js:10930:23)
    at TypeScriptParserMixin.parseMaybeConditional (C:\Users\DboxAdmin\skill_projects\expense-tracker\node_modules\@babel\parser\lib\index.js:10907:23)
    at TypeScriptParserMixin.parseMaybeAssign (C:\Users\DboxAdmin\skill_projects\expense-tracker\node_modules\@babel\parser\lib\index.js:10857:21)
    at C:\Users\DboxAdmin\skill_projects\expense-tracker\node_modules\@babel\parser\lib\index.js:9798:39
    at TypeScriptParserMixin.tryParse (C:\Users\DboxAdmin\skill_projects\expense-tracker\node_modules\@babel\parser\lib\index.js:6930:20)
    at TypeScriptParserMixin.parseMaybeAssign (C:\Users\DboxAdmin\skill_projects\expense-tracker\node_modules\@babel\parser\lib\index.js:9798:18)
    at C:\Users\DboxAdmin\skill_projects\expense-tracker\node_modules\@babel\parser\lib\index.js:10826:39
    at TypeScriptParserMixin.allowInAnd (C:\Users\DboxAdmin\skill_projects\expense-tracker\node_modules\@babel\parser\lib\index.js:12460:12)
    at TypeScriptParserMixin.parseMaybeAssignAllowIn (C:\Users\DboxAdmin\skill_projects\expense-tracker\node_modules\@babel\parser\lib\index.js:10826:17)
    at TypeScriptParserMixin.parseMaybeAssignAllowInOrVoidPattern (C:\Users\DboxAdmin\skill_projects\expense-tracker\node_modules\@babel\parser\lib\index.js:12527:17)
    at TypeScriptParserMixin.parseParenAndDistinguishExpression (C:\Users\DboxAdmin\skill_projects\expense-tracker\node_modules\@babel\parser\lib\index.js:11706:28)
    at TypeScriptParserMixin.parseExprAtom (C:\Users\DboxAdmin\skill_projects\expense-tracker\node_modules\@babel\parser\lib\index.js:11362:23)
    at TypeScriptParserMixin.parseExprAtom (C:\Users\DboxAdmin\skill_projects\expense-tracker\node_modules\@babel\parser\lib\index.js:4782:20)
    at TypeScriptParserMixin.parseExprSubscripts (C:\Users\DboxAdmin\skill_projects\expense-tracker\node_modules\@babel\parser\lib\index.js:11107:23)
    at TypeScriptParserMixin.parseUpdate (C:\Users\DboxAdmin\skill_projects\expense-tracker\node_modules\@babel\parser\lib\index.js:11092:21)
    at TypeScriptParserMixin.parseMaybeUnary (C:\Users\DboxAdmin\skill_projects\expense-tracker\node_modules\@babel\parser\lib\index.js:11072:23)
    at TypeScriptParserMixin.parseMaybeUnary (C:\Users\DboxAdmin\skill_projects\expense-tracker\node_modules\@babel\parser\lib\index.js:9860:18)
    at TypeScriptParserMixin.parseMaybeUnaryOrPrivate (C:\Users\DboxAdmin\skill_projects\expense-tracker\node_modules\@babel\parser\lib\index.js:10925:61)
    at TypeScriptParserMixin.parseExprOps (C:\Users\DboxAdmin\skill_projects\expense-tracker\node_modules\@babel\parser\lib\index.js:10930:23)
    at TypeScriptParserMixin.parseMaybeConditional (C:\Users\DboxAdmin\skill_projects\expense-tracker\node_modules\@babel\parser\lib\index.js:10907:23)
 ERROR  SyntaxError: C:\Users\DboxAdmin\skill_projects\expense-tracker\src\components\navigation\glass-nav-bar.tsx: Adjacent JSX elements must be wrapped in an enclosing tag. Did you want a JSX fragment <>...</>? (256:6)

  254 |           {label}
  255 |         </Text>
> 256 |       </Animated.View>
      |       ^
  257 |     </Pressable>
  258 |   );
  259 | }
    at constructor (C:\Users\DboxAdmin\skill_projects\expense-tracker\node_modules\@babel\parser\lib\index.js:369:19)
    at TypeScriptParserMixin.raise (C:\Users\DboxAdmin\skill_projects\expense-tracker\node_modules\@babel\parser\lib\index.js:6622:19)
    at TypeScriptParserMixin.jsxParseElementAt (C:\Users\DboxAdmin\skill_projects\expense-tracker\node_modules\@babel\parser\lib\index.js:4760:18)
    at TypeScriptParserMixin.jsxParseElement (C:\Users\DboxAdmin\skill_projects\expense-tracker\node_modules\@babel\parser\lib\index.js:4767:17)
    at TypeScriptParserMixin.parseExprAtom (C:\Users\DboxAdmin\skill_projects\expense-tracker\node_modules\@babel\parser\lib\index.js:4777:19)
    at TypeScriptParserMixin.parseExprSubscripts (C:\Users\DboxAdmin\skill_projects\expense-tracker\node_modules\@babel\parser\lib\index.js:11107:23)
    at TypeScriptParserMixin.parseUpdate (C:\Users\DboxAdmin\skill_projects\expense-tracker\node_modules\@babel\parser\lib\index.js:11092:21)
    at TypeScriptParserMixin.parseMaybeUnary (C:\Users\DboxAdmin\skill_projects\expense-tracker\node_modules\@babel\parser\lib\index.js:11072:23)
    at TypeScriptParserMixin.parseMaybeUnary (C:\Users\DboxAdmin\skill_projects\expense-tracker\node_modules\@babel\parser\lib\index.js:9860:18)
    at TypeScriptParserMixin.parseMaybeUnaryOrPrivate (C:\Users\DboxAdmin\skill_projects\expense-tracker\node_modules\@babel\parser\lib\index.js:10925:61)
    at TypeScriptParserMixin.parseExprOps (C:\Users\DboxAdmin\skill_projects\expense-tracker\node_modules\@babel\parser\lib\index.js:10930:23)
    at TypeScriptParserMixin.parseMaybeConditional (C:\Users\DboxAdmin\skill_projects\expense-tracker\node_modules\@babel\parser\lib\index.js:10907:23)
    at TypeScriptParserMixin.parseMaybeAssign (C:\Users\DboxAdmin\skill_projects\expense-tracker\node_modules\@babel\parser\lib\index.js:10857:21)
    at C:\Users\DboxAdmin\skill_projects\expense-tracker\node_modules\@babel\parser\lib\index.js:9798:39
    at TypeScriptParserMixin.tryParse (C:\Users\DboxAdmin\skill_projects\expense-tracker\node_modules\@babel\parser\lib\index.js:6930:20)
    at TypeScriptParserMixin.parseMaybeAssign (C:\Users\DboxAdmin\skill_projects\expense-tracker\node_modules\@babel\parser\lib\index.js:9798:18)
    at TypeScriptParserMixin.parseExpressionBase (C:\Users\DboxAdmin\skill_projects\expense-tracker\node_modules\@babel\parser\lib\index.js:10810:23)
    at C:\Users\DboxAdmin\skill_projects\expense-tracker\node_modules\@babel\parser\lib\index.js:10806:39
    at TypeScriptParserMixin.allowInAnd (C:\Users\DboxAdmin\skill_projects\expense-tracker\node_modules\@babel\parser\lib\index.js:12460:12)
    at TypeScriptParserMixin.parseExpression (C:\Users\DboxAdmin\skill_projects\expense-tracker\node_modules\@babel\parser\lib\index.js:10806:17)
    at TypeScriptParserMixin.jsxParseExpressionContainer (C:\Users\DboxAdmin\skill_projects\expense-tracker\node_modules\@babel\parser\lib\index.js:4650:31)
    at TypeScriptParserMixin.jsxParseElementAt (C:\Users\DboxAdmin\skill_projects\expense-tracker\node_modules\@babel\parser\lib\index.js:4729:36)
    at TypeScriptParserMixin.jsxParseElementAt (C:\Users\DboxAdmin\skill_projects\expense-tracker\node_modules\@babel\parser\lib\index.js:4716:32)
    at TypeScriptParserMixin.jsxParseElement (C:\Users\DboxAdmin\skill_projects\expense-tracker\node_modules\@babel\parser\lib\index.js:4767:17)
    at TypeScriptParserMixin.parseExprAtom (C:\Users\DboxAdmin\skill_projects\expense-tracker\node_modules\@babel\parser\lib\index.js:4777:19)
    at TypeScriptParserMixin.parseExprSubscripts (C:\Users\DboxAdmin\skill_projects\expense-tracker\node_modules\@babel\parser\lib\index.js:11107:23)
    at TypeScriptParserMixin.parseUpdate (C:\Users\DboxAdmin\skill_projects\expense-tracker\node_modules\@babel\parser\lib\index.js:11092:21)
    at TypeScriptParserMixin.parseMaybeUnary (C:\Users\DboxAdmin\skill_projects\expense-tracker\node_modules\@babel\parser\lib\index.js:11072:23)
    at TypeScriptParserMixin.parseMaybeUnary (C:\Users\DboxAdmin\skill_projects\expense-tracker\node_modules\@babel\parser\lib\index.js:9860:18)
    at TypeScriptParserMixin.parseMaybeUnaryOrPrivate (C:\Users\DboxAdmin\skill_projects\expense-tracker\node_modules\@babel\parser\lib\index.js:10925:61)
    at TypeScriptParserMixin.parseExprOps (C:\Users\DboxAdmin\skill_projects\expense-tracker\node_modules\@babel\parser\lib\index.js:10930:23)
    at TypeScriptParserMixin.parseMaybeConditional (C:\Users\DboxAdmin\skill_projects\expense-tracker\node_modules\@babel\parser\lib\index.js:10907:23)
    at TypeScriptParserMixin.parseMaybeAssign (C:\Users\DboxAdmin\skill_projects\expense-tracker\node_modules\@babel\parser\lib\index.js:10857:21)
    at C:\Users\DboxAdmin\skill_projects\expense-tracker\node_modules\@babel\parser\lib\index.js:9798:39
    at TypeScriptParserMixin.tryParse (C:\Users\DboxAdmin\skill_projects\expense-tracker\node_modules\@babel\parser\lib\index.js:6930:20)
    at TypeScriptParserMixin.parseMaybeAssign (C:\Users\DboxAdmin\skill_projects\expense-tracker\node_modules\@babel\parser\lib\index.js:9798:18)
    at C:\Users\DboxAdmin\skill_projects\expense-tracker\node_modules\@babel\parser\lib\index.js:10826:39
    at TypeScriptParserMixin.allowInAnd (C:\Users\DboxAdmin\skill_projects\expense-tracker\node_modules\@babel\parser\lib\index.js:12460:12)
    at TypeScriptParserMixin.parseMaybeAssignAllowIn (C:\Users\DboxAdmin\skill_projects\expense-tracker\node_modules\@babel\parser\lib\index.js:10826:17)
    at TypeScriptParserMixin.parseMaybeAssignAllowInOrVoidPattern (C:\Users\DboxAdmin\skill_projects\expense-tracker\node_modules\@babel\parser\lib\index.js:12527:17)
    at TypeScriptParserMixin.parseParenAndDistinguishExpression (C:\Users\DboxAdmin\skill_projects\expense-tracker\node_modules\@babel\parser\lib\index.js:11706:28)
    at TypeScriptParserMixin.parseExprAtom (C:\Users\DboxAdmin\skill_projects\expense-tracker\node_modules\@babel\parser\lib\index.js:11362:23)
    at TypeScriptParserMixin.parseExprAtom (C:\Users\DboxAdmin\skill_projects\expense-tracker\node_modules\@babel\parser\lib\index.js:4782:20)
    at TypeScriptParserMixin.parseExprSubscripts (C:\Users\DboxAdmin\skill_projects\expense-tracker\node_modules\@babel\parser\lib\index.js:11107:23)
    at TypeScriptParserMixin.parseUpdate (C:\Users\DboxAdmin\skill_projects\expense-tracker\node_modules\@babel\parser\lib\index.js:11092:21)
    at TypeScriptParserMixin.parseMaybeUnary (C:\Users\DboxAdmin\skill_projects\expense-tracker\node_modules\@babel\parser\lib\index.js:11072:23)
    at TypeScriptParserMixin.parseMaybeUnary (C:\Users\DboxAdmin\skill_projects\expense-tracker\node_modules\@babel\parser\lib\index.js:9860:18)
    at TypeScriptParserMixin.parseMaybeUnaryOrPrivate (C:\Users\DboxAdmin\skill_projects\expense-tracker\node_modules\@babel\parser\lib\index.js:10925:61)
    at TypeScriptParserMixin.parseExprOps (C:\Users\DboxAdmin\skill_projects\expense-tracker\node_modules\@babel\parser\lib\index.js:10930:23)
    at TypeScriptParserMixin.parseMaybeConditional (C:\Users\DboxAdmin\skill_projects\expense-tracker\node_modules\@babel\parser\lib\index.js:10907:23)
 ERROR  SyntaxError: C:\Users\DboxAdmin\skill_projects\expense-tracker\src\components\navigation\glass-nav-bar.tsx: Adjacent JSX elements must be wrapped in an enclosing tag. Did you want a JSX fragment <>...</>? (251:6)

  249 |           {label}
  250 |         </Text>
> 251 |       </Animated.View>
      |       ^
  252 |     </Pressable>
  253 |   );
  254 | }
    at constructor (C:\Users\DboxAdmin\skill_projects\expense-tracker\node_modules\@babel\parser\lib\index.js:369:19)
    at TypeScriptParserMixin.raise (C:\Users\DboxAdmin\skill_projects\expense-tracker\node_modules\@babel\parser\lib\index.js:6622:19)
    at TypeScriptParserMixin.jsxParseElementAt (C:\Users\DboxAdmin\skill_projects\expense-tracker\node_modules\@babel\parser\lib\index.js:4760:18)
    at TypeScriptParserMixin.jsxParseElement (C:\Users\DboxAdmin\skill_projects\expense-tracker\node_modules\@babel\parser\lib\index.js:4767:17)
    at TypeScriptParserMixin.parseExprAtom (C:\Users\DboxAdmin\skill_projects\expense-tracker\node_modules\@babel\parser\lib\index.js:4777:19)
    at TypeScriptParserMixin.parseExprSubscripts (C:\Users\DboxAdmin\skill_projects\expense-tracker\node_modules\@babel\parser\lib\index.js:11107:23)
    at TypeScriptParserMixin.parseUpdate (C:\Users\DboxAdmin\skill_projects\expense-tracker\node_modules\@babel\parser\lib\index.js:11092:21)
    at TypeScriptParserMixin.parseMaybeUnary (C:\Users\DboxAdmin\skill_projects\expense-tracker\node_modules\@babel\parser\lib\index.js:11072:23)
    at TypeScriptParserMixin.parseMaybeUnary (C:\Users\DboxAdmin\skill_projects\expense-tracker\node_modules\@babel\parser\lib\index.js:9860:18)
    at TypeScriptParserMixin.parseMaybeUnaryOrPrivate (C:\Users\DboxAdmin\skill_projects\expense-tracker\node_modules\@babel\parser\lib\index.js:10925:61)
    at TypeScriptParserMixin.parseExprOps (C:\Users\DboxAdmin\skill_projects\expense-tracker\node_modules\@babel\parser\lib\index.js:10930:23)
    at TypeScriptParserMixin.parseMaybeConditional (C:\Users\DboxAdmin\skill_projects\expense-tracker\node_modules\@babel\parser\lib\index.js:10907:23)
    at TypeScriptParserMixin.parseMaybeAssign (C:\Users\DboxAdmin\skill_projects\expense-tracker\node_modules\@babel\parser\lib\index.js:10857:21)
    at C:\Users\DboxAdmin\skill_projects\expense-tracker\node_modules\@babel\parser\lib\index.js:9798:39
    at TypeScriptParserMixin.tryParse (C:\Users\DboxAdmin\skill_projects\expense-tracker\node_modules\@babel\parser\lib\index.js:6930:20)
    at TypeScriptParserMixin.parseMaybeAssign (C:\Users\DboxAdmin\skill_projects\expense-tracker\node_modules\@babel\parser\lib\index.js:9798:18)
    at TypeScriptParserMixin.parseExpressionBase (C:\Users\DboxAdmin\skill_projects\expense-tracker\node_modules\@babel\parser\lib\index.js:10810:23)
    at C:\Users\DboxAdmin\skill_projects\expense-tracker\node_modules\@babel\parser\lib\index.js:10806:39
    at TypeScriptParserMixin.allowInAnd (C:\Users\DboxAdmin\skill_projects\expense-tracker\node_modules\@babel\parser\lib\index.js:12460:12)
    at TypeScriptParserMixin.parseExpression (C:\Users\DboxAdmin\skill_projects\expense-tracker\node_modules\@babel\parser\lib\index.js:10806:17)
    at TypeScriptParserMixin.jsxParseExpressionContainer (C:\Users\DboxAdmin\skill_projects\expense-tracker\node_modules\@babel\parser\lib\index.js:4650:31)
    at TypeScriptParserMixin.jsxParseElementAt (C:\Users\DboxAdmin\skill_projects\expense-tracker\node_modules\@babel\parser\lib\index.js:4729:36)
    at TypeScriptParserMixin.jsxParseElementAt (C:\Users\DboxAdmin\skill_projects\expense-tracker\node_modules\@babel\parser\lib\index.js:4716:32)
    at TypeScriptParserMixin.jsxParseElement (C:\Users\DboxAdmin\skill_projects\expense-tracker\node_modules\@babel\parser\lib\index.js:4767:17)
    at TypeScriptParserMixin.parseExprAtom (C:\Users\DboxAdmin\skill_projects\expense-tracker\node_modules\@babel\parser\lib\index.js:4777:19)
    at TypeScriptParserMixin.parseExprSubscripts (C:\Users\DboxAdmin\skill_projects\expense-tracker\node_modules\@babel\parser\lib\index.js:11107:23)
    at TypeScriptParserMixin.parseUpdate (C:\Users\DboxAdmin\skill_projects\expense-tracker\node_modules\@babel\parser\lib\index.js:11092:21)
    at TypeScriptParserMixin.parseMaybeUnary (C:\Users\DboxAdmin\skill_projects\expense-tracker\node_modules\@babel\parser\lib\index.js:11072:23)
    at TypeScriptParserMixin.parseMaybeUnary (C:\Users\DboxAdmin\skill_projects\expense-tracker\node_modules\@babel\parser\lib\index.js:9860:18)
    at TypeScriptParserMixin.parseMaybeUnaryOrPrivate (C:\Users\DboxAdmin\skill_projects\expense-tracker\node_modules\@babel\parser\lib\index.js:10925:61)
    at TypeScriptParserMixin.parseExprOps (C:\Users\DboxAdmin\skill_projects\expense-tracker\node_modules\@babel\parser\lib\index.js:10930:23)
    at TypeScriptParserMixin.parseMaybeConditional (C:\Users\DboxAdmin\skill_projects\expense-tracker\node_modules\@babel\parser\lib\index.js:10907:23)
    at TypeScriptParserMixin.parseMaybeAssign (C:\Users\DboxAdmin\skill_projects\expense-tracker\node_modules\@babel\parser\lib\index.js:10857:21)
    at C:\Users\DboxAdmin\skill_projects\expense-tracker\node_modules\@babel\parser\lib\index.js:9798:39
    at TypeScriptParserMixin.tryParse (C:\Users\DboxAdmin\skill_projects\expense-tracker\node_modules\@babel\parser\lib\index.js:6930:20)
    at TypeScriptParserMixin.parseMaybeAssign (C:\Users\DboxAdmin\skill_projects\expense-tracker\node_modules\@babel\parser\lib\index.js:9798:18)
    at C:\Users\DboxAdmin\skill_projects\expense-tracker\node_modules\@babel\parser\lib\index.js:10826:39
    at TypeScriptParserMixin.allowInAnd (C:\Users\DboxAdmin\skill_projects\expense-tracker\node_modules\@babel\parser\lib\index.js:12460:12)
    at TypeScriptParserMixin.parseMaybeAssignAllowIn (C:\Users\DboxAdmin\skill_projects\expense-tracker\node_modules\@babel\parser\lib\index.js:10826:17)
    at TypeScriptParserMixin.parseMaybeAssignAllowInOrVoidPattern (C:\Users\DboxAdmin\skill_projects\expense-tracker\node_modules\@babel\parser\lib\index.js:12527:17)
    at TypeScriptParserMixin.parseParenAndDistinguishExpression (C:\Users\DboxAdmin\skill_projects\expense-tracker\node_modules\@babel\parser\lib\index.js:11706:28)
    at TypeScriptParserMixin.parseExprAtom (C:\Users\DboxAdmin\skill_projects\expense-tracker\node_modules\@babel\parser\lib\index.js:11362:23)
    at TypeScriptParserMixin.parseExprAtom (C:\Users\DboxAdmin\skill_projects\expense-tracker\node_modules\@babel\parser\lib\index.js:4782:20)
    at TypeScriptParserMixin.parseExprSubscripts (C:\Users\DboxAdmin\skill_projects\expense-tracker\node_modules\@babel\parser\lib\index.js:11107:23)
    at TypeScriptParserMixin.parseUpdate (C:\Users\DboxAdmin\skill_projects\expense-tracker\node_modules\@babel\parser\lib\index.js:11092:21)
    at TypeScriptParserMixin.parseMaybeUnary (C:\Users\DboxAdmin\skill_projects\expense-tracker\node_modules\@babel\parser\lib\index.js:11072:23)
    at TypeScriptParserMixin.parseMaybeUnary (C:\Users\DboxAdmin\skill_projects\expense-tracker\node_modules\@babel\parser\lib\index.js:9860:18)
    at TypeScriptParserMixin.parseMaybeUnaryOrPrivate (C:\Users\DboxAdmin\skill_projects\expense-tracker\node_modules\@babel\parser\lib\index.js:10925:61)
    at TypeScriptParserMixin.parseExprOps (C:\Users\DboxAdmin\skill_projects\expense-tracker\node_modules\@babel\parser\lib\index.js:10930:23)
    at TypeScriptParserMixin.parseMaybeConditional (C:\Users\DboxAdmin\skill_projects\expense-tracker\node_modules\@babel\parser\lib\index.js:10907:23)
 ERROR  SyntaxError: C:\Users\DboxAdmin\skill_projects\expense-tracker\src\components\navigation\glass-nav-bar.tsx: Adjacent JSX elements must be wrapped in an enclosing tag. Did you want a JSX fragment <>...</>? (251:6)

  249 |           {label}
  250 |         </Text>
> 251 |       </Animated.View>
      |       ^
  252 |     </Pressable>
  253 |   );
  254 | }
    at constructor (C:\Users\DboxAdmin\skill_projects\expense-tracker\node_modules\@babel\parser\lib\index.js:369:19)
    at TypeScriptParserMixin.raise (C:\Users\DboxAdmin\skill_projects\expense-tracker\node_modules\@babel\parser\lib\index.js:6622:19)
    at TypeScriptParserMixin.jsxParseElementAt (C:\Users\DboxAdmin\skill_projects\expense-tracker\node_modules\@babel\parser\lib\index.js:4760:18)
    at TypeScriptParserMixin.jsxParseElement (C:\Users\DboxAdmin\skill_projects\expense-tracker\node_modules\@babel\parser\lib\index.js:4767:17)
    at TypeScriptParserMixin.parseExprAtom (C:\Users\DboxAdmin\skill_projects\expense-tracker\node_modules\@babel\parser\lib\index.js:4777:19)
    at TypeScriptParserMixin.parseExprSubscripts (C:\Users\DboxAdmin\skill_projects\expense-tracker\node_modules\@babel\parser\lib\index.js:11107:23)
    at TypeScriptParserMixin.parseUpdate (C:\Users\DboxAdmin\skill_projects\expense-tracker\node_modules\@babel\parser\lib\index.js:11092:21)
    at TypeScriptParserMixin.parseMaybeUnary (C:\Users\DboxAdmin\skill_projects\expense-tracker\node_modules\@babel\parser\lib\index.js:11072:23)
    at TypeScriptParserMixin.parseMaybeUnary (C:\Users\DboxAdmin\skill_projects\expense-tracker\node_modules\@babel\parser\lib\index.js:9860:18)
    at TypeScriptParserMixin.parseMaybeUnaryOrPrivate (C:\Users\DboxAdmin\skill_projects\expense-tracker\node_modules\@babel\parser\lib\index.js:10925:61)
    at TypeScriptParserMixin.parseExprOps (C:\Users\DboxAdmin\skill_projects\expense-tracker\node_modules\@babel\parser\lib\index.js:10930:23)
    at TypeScriptParserMixin.parseMaybeConditional (C:\Users\DboxAdmin\skill_projects\expense-tracker\node_modules\@babel\parser\lib\index.js:10907:23)
    at TypeScriptParserMixin.parseMaybeAssign (C:\Users\DboxAdmin\skill_projects\expense-tracker\node_modules\@babel\parser\lib\index.js:10857:21)
    at C:\Users\DboxAdmin\skill_projects\expense-tracker\node_modules\@babel\parser\lib\index.js:9798:39
    at TypeScriptParserMixin.tryParse (C:\Users\DboxAdmin\skill_projects\expense-tracker\node_modules\@babel\parser\lib\index.js:6930:20)
    at TypeScriptParserMixin.parseMaybeAssign (C:\Users\DboxAdmin\skill_projects\expense-tracker\node_modules\@babel\parser\lib\index.js:9798:18)
    at TypeScriptParserMixin.parseExpressionBase (C:\Users\DboxAdmin\skill_projects\expense-tracker\node_modules\@babel\parser\lib\index.js:10810:23)
    at C:\Users\DboxAdmin\skill_projects\expense-tracker\node_modules\@babel\parser\lib\index.js:10806:39
    at TypeScriptParserMixin.allowInAnd (C:\Users\DboxAdmin\skill_projects\expense-tracker\node_modules\@babel\parser\lib\index.js:12460:12)
    at TypeScriptParserMixin.parseExpression (C:\Users\DboxAdmin\skill_projects\expense-tracker\node_modules\@babel\parser\lib\index.js:10806:17)
    at TypeScriptParserMixin.jsxParseExpressionContainer (C:\Users\DboxAdmin\skill_projects\expense-tracker\node_modules\@babel\parser\lib\index.js:4650:31)
    at TypeScriptParserMixin.jsxParseElementAt (C:\Users\DboxAdmin\skill_projects\expense-tracker\node_modules\@babel\parser\lib\index.js:4729:36)
    at TypeScriptParserMixin.jsxParseElementAt (C:\Users\DboxAdmin\skill_projects\expense-tracker\node_modules\@babel\parser\lib\index.js:4716:32)
    at TypeScriptParserMixin.jsxParseElement (C:\Users\DboxAdmin\skill_projects\expense-tracker\node_modules\@babel\parser\lib\index.js:4767:17)
    at TypeScriptParserMixin.parseExprAtom (C:\Users\DboxAdmin\skill_projects\expense-tracker\node_modules\@babel\parser\lib\index.js:4777:19)
    at TypeScriptParserMixin.parseExprSubscripts (C:\Users\DboxAdmin\skill_projects\expense-tracker\node_modules\@babel\parser\lib\index.js:11107:23)
    at TypeScriptParserMixin.parseUpdate (C:\Users\DboxAdmin\skill_projects\expense-tracker\node_modules\@babel\parser\lib\index.js:11092:21)
    at TypeScriptParserMixin.parseMaybeUnary (C:\Users\DboxAdmin\skill_projects\expense-tracker\node_modules\@babel\parser\lib\index.js:11072:23)
    at TypeScriptParserMixin.parseMaybeUnary (C:\Users\DboxAdmin\skill_projects\expense-tracker\node_modules\@babel\parser\lib\index.js:9860:18)
    at TypeScriptParserMixin.parseMaybeUnaryOrPrivate (C:\Users\DboxAdmin\skill_projects\expense-tracker\node_modules\@babel\parser\lib\index.js:10925:61)
    at TypeScriptParserMixin.parseExprOps (C:\Users\DboxAdmin\skill_projects\expense-tracker\node_modules\@babel\parser\lib\index.js:10930:23)
    at TypeScriptParserMixin.parseMaybeConditional (C:\Users\DboxAdmin\skill_projects\expense-tracker\node_modules\@babel\parser\lib\index.js:10907:23)
    at TypeScriptParserMixin.parseMaybeAssign (C:\Users\DboxAdmin\skill_projects\expense-tracker\node_modules\@babel\parser\lib\index.js:10857:21)
    at C:\Users\DboxAdmin\skill_projects\expense-tracker\node_modules\@babel\parser\lib\index.js:9798:39
    at TypeScriptParserMixin.tryParse (C:\Users\DboxAdmin\skill_projects\expense-tracker\node_modules\@babel\parser\lib\index.js:6930:20)
    at TypeScriptParserMixin.parseMaybeAssign (C:\Users\DboxAdmin\skill_projects\expense-tracker\node_modules\@babel\parser\lib\index.js:9798:18)
    at C:\Users\DboxAdmin\skill_projects\expense-tracker\node_modules\@babel\parser\lib\index.js:10826:39
    at TypeScriptParserMixin.allowInAnd (C:\Users\DboxAdmin\skill_projects\expense-tracker\node_modules\@babel\parser\lib\index.js:12460:12)
    at TypeScriptParserMixin.parseMaybeAssignAllowIn (C:\Users\DboxAdmin\skill_projects\expense-tracker\node_modules\@babel\parser\lib\index.js:10826:17)
    at TypeScriptParserMixin.parseMaybeAssignAllowInOrVoidPattern (C:\Users\DboxAdmin\skill_projects\expense-tracker\node_modules\@babel\parser\lib\index.js:12527:17)
    at TypeScriptParserMixin.parseParenAndDistinguishExpression (C:\Users\DboxAdmin\skill_projects\expense-tracker\node_modules\@babel\parser\lib\index.js:11706:28)
    at TypeScriptParserMixin.parseExprAtom (C:\Users\DboxAdmin\skill_projects\expense-tracker\node_modules\@babel\parser\lib\index.js:11362:23)
    at TypeScriptParserMixin.parseExprAtom (C:\Users\DboxAdmin\skill_projects\expense-tracker\node_modules\@babel\parser\lib\index.js:4782:20)
    at TypeScriptParserMixin.parseExprSubscripts (C:\Users\DboxAdmin\skill_projects\expense-tracker\node_modules\@babel\parser\lib\index.js:11107:23)
    at TypeScriptParserMixin.parseUpdate (C:\Users\DboxAdmin\skill_projects\expense-tracker\node_modules\@babel\parser\lib\index.js:11092:21)
    at TypeScriptParserMixin.parseMaybeUnary (C:\Users\DboxAdmin\skill_projects\expense-tracker\node_modules\@babel\parser\lib\index.js:11072:23)
    at TypeScriptParserMixin.parseMaybeUnary (C:\Users\DboxAdmin\skill_projects\expense-tracker\node_modules\@babel\parser\lib\index.js:9860:18)
    at TypeScriptParserMixin.parseMaybeUnaryOrPrivate (C:\Users\DboxAdmin\skill_projects\expense-tracker\node_modules\@babel\parser\lib\index.js:10925:61)
    at TypeScriptParserMixin.parseExprOps (C:\Users\DboxAdmin\skill_projects\expense-tracker\node_modules\@babel\parser\lib\index.js:10930:23)
    at TypeScriptParserMixin.parseMaybeConditional (C:\Users\DboxAdmin\skill_projects\expense-tracker\node_modules\@babel\parser\lib\index.js:10907:23)
 ERROR  SyntaxError: C:\Users\DboxAdmin\skill_projects\expense-tracker\src\components\navigation\glass-nav-bar.tsx: Adjacent JSX elements must be wrapped in an enclosing tag. Did you want a JSX fragment <>...</>? (251:6)

  249 |           {label}
  250 |         </Text>
> 251 |       </Animated.View>
      |       ^
  252 |     </Pressable>
  253 |   );
  254 | }
    at constructor (C:\Users\DboxAdmin\skill_projects\expense-tracker\node_modules\@babel\parser\lib\index.js:369:19)
    at TypeScriptParserMixin.raise (C:\Users\DboxAdmin\skill_projects\expense-tracker\node_modules\@babel\parser\lib\index.js:6622:19)
    at TypeScriptParserMixin.jsxParseElementAt (C:\Users\DboxAdmin\skill_projects\expense-tracker\node_modules\@babel\parser\lib\index.js:4760:18)
    at TypeScriptParserMixin.jsxParseElement (C:\Users\DboxAdmin\skill_projects\expense-tracker\node_modules\@babel\parser\lib\index.js:4767:17)
    at TypeScriptParserMixin.parseExprAtom (C:\Users\DboxAdmin\skill_projects\expense-tracker\node_modules\@babel\parser\lib\index.js:4777:19)
    at TypeScriptParserMixin.parseExprSubscripts (C:\Users\DboxAdmin\skill_projects\expense-tracker\node_modules\@babel\parser\lib\index.js:11107:23)
    at TypeScriptParserMixin.parseUpdate (C:\Users\DboxAdmin\skill_projects\expense-tracker\node_modules\@babel\parser\lib\index.js:11092:21)
    at TypeScriptParserMixin.parseMaybeUnary (C:\Users\DboxAdmin\skill_projects\expense-tracker\node_modules\@babel\parser\lib\index.js:11072:23)
    at TypeScriptParserMixin.parseMaybeUnary (C:\Users\DboxAdmin\skill_projects\expense-tracker\node_modules\@babel\parser\lib\index.js:9860:18)
    at TypeScriptParserMixin.parseMaybeUnaryOrPrivate (C:\Users\DboxAdmin\skill_projects\expense-tracker\node_modules\@babel\parser\lib\index.js:10925:61)
    at TypeScriptParserMixin.parseExprOps (C:\Users\DboxAdmin\skill_projects\expense-tracker\node_modules\@babel\parser\lib\index.js:10930:23)
    at TypeScriptParserMixin.parseMaybeConditional (C:\Users\DboxAdmin\skill_projects\expense-tracker\node_modules\@babel\parser\lib\index.js:10907:23)
    at TypeScriptParserMixin.parseMaybeAssign (C:\Users\DboxAdmin\skill_projects\expense-tracker\node_modules\@babel\parser\lib\index.js:10857:21)
    at C:\Users\DboxAdmin\skill_projects\expense-tracker\node_modules\@babel\parser\lib\index.js:9798:39
    at TypeScriptParserMixin.tryParse (C:\Users\DboxAdmin\skill_projects\expense-tracker\node_modules\@babel\parser\lib\index.js:6930:20)
    at TypeScriptParserMixin.parseMaybeAssign (C:\Users\DboxAdmin\skill_projects\expense-tracker\node_modules\@babel\parser\lib\index.js:9798:18)
    at TypeScriptParserMixin.parseExpressionBase (C:\Users\DboxAdmin\skill_projects\expense-tracker\node_modules\@babel\parser\lib\index.js:10810:23)
    at C:\Users\DboxAdmin\skill_projects\expense-tracker\node_modules\@babel\parser\lib\index.js:10806:39
    at TypeScriptParserMixin.allowInAnd (C:\Users\DboxAdmin\skill_projects\expense-tracker\node_modules\@babel\parser\lib\index.js:12460:12)
    at TypeScriptParserMixin.parseExpression (C:\Users\DboxAdmin\skill_projects\expense-tracker\node_modules\@babel\parser\lib\index.js:10806:17)
    at TypeScriptParserMixin.jsxParseExpressionContainer (C:\Users\DboxAdmin\skill_projects\expense-tracker\node_modules\@babel\parser\lib\index.js:4650:31)
    at TypeScriptParserMixin.jsxParseElementAt (C:\Users\DboxAdmin\skill_projects\expense-tracker\node_modules\@babel\parser\lib\index.js:4729:36)
    at TypeScriptParserMixin.jsxParseElementAt (C:\Users\DboxAdmin\skill_projects\expense-tracker\node_modules\@babel\parser\lib\index.js:4716:32)
    at TypeScriptParserMixin.jsxParseElement (C:\Users\DboxAdmin\skill_projects\expense-tracker\node_modules\@babel\parser\lib\index.js:4767:17)
    at TypeScriptParserMixin.parseExprAtom (C:\Users\DboxAdmin\skill_projects\expense-tracker\node_modules\@babel\parser\lib\index.js:4777:19)
    at TypeScriptParserMixin.parseExprSubscripts (C:\Users\DboxAdmin\skill_projects\expense-tracker\node_modules\@babel\parser\lib\index.js:11107:23)
    at TypeScriptParserMixin.parseUpdate (C:\Users\DboxAdmin\skill_projects\expense-tracker\node_modules\@babel\parser\lib\index.js:11092:21)
    at TypeScriptParserMixin.parseMaybeUnary (C:\Users\DboxAdmin\skill_projects\expense-tracker\node_modules\@babel\parser\lib\index.js:11072:23)
    at TypeScriptParserMixin.parseMaybeUnary (C:\Users\DboxAdmin\skill_projects\expense-tracker\node_modules\@babel\parser\lib\index.js:9860:18)
    at TypeScriptParserMixin.parseMaybeUnaryOrPrivate (C:\Users\DboxAdmin\skill_projects\expense-tracker\node_modules\@babel\parser\lib\index.js:10925:61)
    at TypeScriptParserMixin.parseExprOps (C:\Users\DboxAdmin\skill_projects\expense-tracker\node_modules\@babel\parser\lib\index.js:10930:23)
    at TypeScriptParserMixin.parseMaybeConditional (C:\Users\DboxAdmin\skill_projects\expense-tracker\node_modules\@babel\parser\lib\index.js:10907:23)
    at TypeScriptParserMixin.parseMaybeAssign (C:\Users\DboxAdmin\skill_projects\expense-tracker\node_modules\@babel\parser\lib\index.js:10857:21)
    at C:\Users\DboxAdmin\skill_projects\expense-tracker\node_modules\@babel\parser\lib\index.js:9798:39
    at TypeScriptParserMixin.tryParse (C:\Users\DboxAdmin\skill_projects\expense-tracker\node_modules\@babel\parser\lib\index.js:6930:20)
    at TypeScriptParserMixin.parseMaybeAssign (C:\Users\DboxAdmin\skill_projects\expense-tracker\node_modules\@babel\parser\lib\index.js:9798:18)
    at C:\Users\DboxAdmin\skill_projects\expense-tracker\node_modules\@babel\parser\lib\index.js:10826:39
    at TypeScriptParserMixin.allowInAnd (C:\Users\DboxAdmin\skill_projects\expense-tracker\node_modules\@babel\parser\lib\index.js:12460:12)
    at TypeScriptParserMixin.parseMaybeAssignAllowIn (C:\Users\DboxAdmin\skill_projects\expense-tracker\node_modules\@babel\parser\lib\index.js:10826:17)
    at TypeScriptParserMixin.parseMaybeAssignAllowInOrVoidPattern (C:\Users\DboxAdmin\skill_projects\expense-tracker\node_modules\@babel\parser\lib\index.js:12527:17)
    at TypeScriptParserMixin.parseParenAndDistinguishExpression (C:\Users\DboxAdmin\skill_projects\expense-tracker\node_modules\@babel\parser\lib\index.js:11706:28)
    at TypeScriptParserMixin.parseExprAtom (C:\Users\DboxAdmin\skill_projects\expense-tracker\node_modules\@babel\parser\lib\index.js:11362:23)
    at TypeScriptParserMixin.parseExprAtom (C:\Users\DboxAdmin\skill_projects\expense-tracker\node_modules\@babel\parser\lib\index.js:4782:20)
    at TypeScriptParserMixin.parseExprSubscripts (C:\Users\DboxAdmin\skill_projects\expense-tracker\node_modules\@babel\parser\lib\index.js:11107:23)
    at TypeScriptParserMixin.parseUpdate (C:\Users\DboxAdmin\skill_projects\expense-tracker\node_modules\@babel\parser\lib\index.js:11092:21)
    at TypeScriptParserMixin.parseMaybeUnary (C:\Users\DboxAdmin\skill_projects\expense-tracker\node_modules\@babel\parser\lib\index.js:11072:23)
    at TypeScriptParserMixin.parseMaybeUnary (C:\Users\DboxAdmin\skill_projects\expense-tracker\node_modules\@babel\parser\lib\index.js:9860:18)
    at TypeScriptParserMixin.parseMaybeUnaryOrPrivate (C:\Users\DboxAdmin\skill_projects\expense-tracker\node_modules\@babel\parser\lib\index.js:10925:61)
    at TypeScriptParserMixin.parseExprOps (C:\Users\DboxAdmin\skill_projects\expense-tracker\node_modules\@babel\parser\lib\index.js:10930:23)
    at TypeScriptParserMixin.parseMaybeConditional (C:\Users\DboxAdmin\skill_projects\expense-tracker\node_modules\@babel\parser\lib\index.js:10907:23)
 ERROR  SyntaxError: C:\Users\DboxAdmin\skill_projects\expense-tracker\src\components\navigation\glass-nav-bar.tsx: Adjacent JSX elements must be wrapped in an enclosing tag. Did you want a JSX fragment <>...</>? (242:6)

  240 |           {label}
  241 |         </Text>
> 242 |       </Animated.View>
      |       ^
  243 |     </Pressable>
  244 |   );
  245 | }
    at constructor (C:\Users\DboxAdmin\skill_projects\expense-tracker\node_modules\@babel\parser\lib\index.js:369:19)
    at TypeScriptParserMixin.raise (C:\Users\DboxAdmin\skill_projects\expense-tracker\node_modules\@babel\parser\lib\index.js:6622:19)
    at TypeScriptParserMixin.jsxParseElementAt (C:\Users\DboxAdmin\skill_projects\expense-tracker\node_modules\@babel\parser\lib\index.js:4760:18)
    at TypeScriptParserMixin.jsxParseElement (C:\Users\DboxAdmin\skill_projects\expense-tracker\node_modules\@babel\parser\lib\index.js:4767:17)
    at TypeScriptParserMixin.parseExprAtom (C:\Users\DboxAdmin\skill_projects\expense-tracker\node_modules\@babel\parser\lib\index.js:4777:19)
    at TypeScriptParserMixin.parseExprSubscripts (C:\Users\DboxAdmin\skill_projects\expense-tracker\node_modules\@babel\parser\lib\index.js:11107:23)
    at TypeScriptParserMixin.parseUpdate (C:\Users\DboxAdmin\skill_projects\expense-tracker\node_modules\@babel\parser\lib\index.js:11092:21)
    at TypeScriptParserMixin.parseMaybeUnary (C:\Users\DboxAdmin\skill_projects\expense-tracker\node_modules\@babel\parser\lib\index.js:11072:23)
    at TypeScriptParserMixin.parseMaybeUnary (C:\Users\DboxAdmin\skill_projects\expense-tracker\node_modules\@babel\parser\lib\index.js:9860:18)
    at TypeScriptParserMixin.parseMaybeUnaryOrPrivate (C:\Users\DboxAdmin\skill_projects\expense-tracker\node_modules\@babel\parser\lib\index.js:10925:61)
    at TypeScriptParserMixin.parseExprOps (C:\Users\DboxAdmin\skill_projects\expense-tracker\node_modules\@babel\parser\lib\index.js:10930:23)
    at TypeScriptParserMixin.parseMaybeConditional (C:\Users\DboxAdmin\skill_projects\expense-tracker\node_modules\@babel\parser\lib\index.js:10907:23)
    at TypeScriptParserMixin.parseMaybeAssign (C:\Users\DboxAdmin\skill_projects\expense-tracker\node_modules\@babel\parser\lib\index.js:10857:21)
    at C:\Users\DboxAdmin\skill_projects\expense-tracker\node_modules\@babel\parser\lib\index.js:9798:39
    at TypeScriptParserMixin.tryParse (C:\Users\DboxAdmin\skill_projects\expense-tracker\node_modules\@babel\parser\lib\index.js:6930:20)
    at TypeScriptParserMixin.parseMaybeAssign (C:\Users\DboxAdmin\skill_projects\expense-tracker\node_modules\@babel\parser\lib\index.js:9798:18)
    at TypeScriptParserMixin.parseExpressionBase (C:\Users\DboxAdmin\skill_projects\expense-tracker\node_modules\@babel\parser\lib\index.js:10810:23)
    at C:\Users\DboxAdmin\skill_projects\expense-tracker\node_modules\@babel\parser\lib\index.js:10806:39
    at TypeScriptParserMixin.allowInAnd (C:\Users\DboxAdmin\skill_projects\expense-tracker\node_modules\@babel\parser\lib\index.js:12460:12)
    at TypeScriptParserMixin.parseExpression (C:\Users\DboxAdmin\skill_projects\expense-tracker\node_modules\@babel\parser\lib\index.js:10806:17)
    at TypeScriptParserMixin.jsxParseExpressionContainer (C:\Users\DboxAdmin\skill_projects\expense-tracker\node_modules\@babel\parser\lib\index.js:4650:31)
    at TypeScriptParserMixin.jsxParseElementAt (C:\Users\DboxAdmin\skill_projects\expense-tracker\node_modules\@babel\parser\lib\index.js:4729:36)
    at TypeScriptParserMixin.jsxParseElementAt (C:\Users\DboxAdmin\skill_projects\expense-tracker\node_modules\@babel\parser\lib\index.js:4716:32)
    at TypeScriptParserMixin.jsxParseElement (C:\Users\DboxAdmin\skill_projects\expense-tracker\node_modules\@babel\parser\lib\index.js:4767:17)
    at TypeScriptParserMixin.parseExprAtom (C:\Users\DboxAdmin\skill_projects\expense-tracker\node_modules\@babel\parser\lib\index.js:4777:19)
    at TypeScriptParserMixin.parseExprSubscripts (C:\Users\DboxAdmin\skill_projects\expense-tracker\node_modules\@babel\parser\lib\index.js:11107:23)
    at TypeScriptParserMixin.parseUpdate (C:\Users\DboxAdmin\skill_projects\expense-tracker\node_modules\@babel\parser\lib\index.js:11092:21)
    at TypeScriptParserMixin.parseMaybeUnary (C:\Users\DboxAdmin\skill_projects\expense-tracker\node_modules\@babel\parser\lib\index.js:11072:23)
    at TypeScriptParserMixin.parseMaybeUnary (C:\Users\DboxAdmin\skill_projects\expense-tracker\node_modules\@babel\parser\lib\index.js:9860:18)
    at TypeScriptParserMixin.parseMaybeUnaryOrPrivate (C:\Users\DboxAdmin\skill_projects\expense-tracker\node_modules\@babel\parser\lib\index.js:10925:61)
    at TypeScriptParserMixin.parseExprOps (C:\Users\DboxAdmin\skill_projects\expense-tracker\node_modules\@babel\parser\lib\index.js:10930:23)
    at TypeScriptParserMixin.parseMaybeConditional (C:\Users\DboxAdmin\skill_projects\expense-tracker\node_modules\@babel\parser\lib\index.js:10907:23)
    at TypeScriptParserMixin.parseMaybeAssign (C:\Users\DboxAdmin\skill_projects\expense-tracker\node_modules\@babel\parser\lib\index.js:10857:21)
    at C:\Users\DboxAdmin\skill_projects\expense-tracker\node_modules\@babel\parser\lib\index.js:9798:39
    at TypeScriptParserMixin.tryParse (C:\Users\DboxAdmin\skill_projects\expense-tracker\node_modules\@babel\parser\lib\index.js:6930:20)
    at TypeScriptParserMixin.parseMaybeAssign (C:\Users\DboxAdmin\skill_projects\expense-tracker\node_modules\@babel\parser\lib\index.js:9798:18)
    at C:\Users\DboxAdmin\skill_projects\expense-tracker\node_modules\@babel\parser\lib\index.js:10826:39
    at TypeScriptParserMixin.allowInAnd (C:\Users\DboxAdmin\skill_projects\expense-tracker\node_modules\@babel\parser\lib\index.js:12460:12)
    at TypeScriptParserMixin.parseMaybeAssignAllowIn (C:\Users\DboxAdmin\skill_projects\expense-tracker\node_modules\@babel\parser\lib\index.js:10826:17)
    at TypeScriptParserMixin.parseMaybeAssignAllowInOrVoidPattern (C:\Users\DboxAdmin\skill_projects\expense-tracker\node_modules\@babel\parser\lib\index.js:12527:17)
    at TypeScriptParserMixin.parseParenAndDistinguishExpression (C:\Users\DboxAdmin\skill_projects\expense-tracker\node_modules\@babel\parser\lib\index.js:11706:28)
    at TypeScriptParserMixin.parseExprAtom (C:\Users\DboxAdmin\skill_projects\expense-tracker\node_modules\@babel\parser\lib\index.js:11362:23)
    at TypeScriptParserMixin.parseExprAtom (C:\Users\DboxAdmin\skill_projects\expense-tracker\node_modules\@babel\parser\lib\index.js:4782:20)
    at TypeScriptParserMixin.parseExprSubscripts (C:\Users\DboxAdmin\skill_projects\expense-tracker\node_modules\@babel\parser\lib\index.js:11107:23)
    at TypeScriptParserMixin.parseUpdate (C:\Users\DboxAdmin\skill_projects\expense-tracker\node_modules\@babel\parser\lib\index.js:11092:21)
    at TypeScriptParserMixin.parseMaybeUnary (C:\Users\DboxAdmin\skill_projects\expense-tracker\node_modules\@babel\parser\lib\index.js:11072:23)
    at TypeScriptParserMixin.parseMaybeUnary (C:\Users\DboxAdmin\skill_projects\expense-tracker\node_modules\@babel\parser\lib\index.js:9860:18)
    at TypeScriptParserMixin.parseMaybeUnaryOrPrivate (C:\Users\DboxAdmin\skill_projects\expense-tracker\node_modules\@babel\parser\lib\index.js:10925:61)
    at TypeScriptParserMixin.parseExprOps (C:\Users\DboxAdmin\skill_projects\expense-tracker\node_modules\@babel\parser\lib\index.js:10930:23)
    at TypeScriptParserMixin.parseMaybeConditional (C:\Users\DboxAdmin\skill_projects\expense-tracker\node_modules\@babel\parser\lib\index.js:10907:23)
 ERROR  SyntaxError: C:\Users\DboxAdmin\skill_projects\expense-tracker\src\components\navigation\glass-nav-bar.tsx: Adjacent JSX elements must be wrapped in an enclosing tag. Did you want a JSX fragment <>...</>? (242:6)

  240 |           {label}
  241 |         </Text>
> 242 |       </Animated.View>
      |       ^
  243 |     </Pressable>
  244 |   );
  245 | }
    at constructor (C:\Users\DboxAdmin\skill_projects\expense-tracker\node_modules\@babel\parser\lib\index.js:369:19)
    at TypeScriptParserMixin.raise (C:\Users\DboxAdmin\skill_projects\expense-tracker\node_modules\@babel\parser\lib\index.js:6622:19)
    at TypeScriptParserMixin.jsxParseElementAt (C:\Users\DboxAdmin\skill_projects\expense-tracker\node_modules\@babel\parser\lib\index.js:4760:18)
    at TypeScriptParserMixin.jsxParseElement (C:\Users\DboxAdmin\skill_projects\expense-tracker\node_modules\@babel\parser\lib\index.js:4767:17)
    at TypeScriptParserMixin.parseExprAtom (C:\Users\DboxAdmin\skill_projects\expense-tracker\node_modules\@babel\parser\lib\index.js:4777:19)
    at TypeScriptParserMixin.parseExprSubscripts (C:\Users\DboxAdmin\skill_projects\expense-tracker\node_modules\@babel\parser\lib\index.js:11107:23)
    at TypeScriptParserMixin.parseUpdate (C:\Users\DboxAdmin\skill_projects\expense-tracker\node_modules\@babel\parser\lib\index.js:11092:21)
    at TypeScriptParserMixin.parseMaybeUnary (C:\Users\DboxAdmin\skill_projects\expense-tracker\node_modules\@babel\parser\lib\index.js:11072:23)
    at TypeScriptParserMixin.parseMaybeUnary (C:\Users\DboxAdmin\skill_projects\expense-tracker\node_modules\@babel\parser\lib\index.js:9860:18)
    at TypeScriptParserMixin.parseMaybeUnaryOrPrivate (C:\Users\DboxAdmin\skill_projects\expense-tracker\node_modules\@babel\parser\lib\index.js:10925:61)
    at TypeScriptParserMixin.parseExprOps (C:\Users\DboxAdmin\skill_projects\expense-tracker\node_modules\@babel\parser\lib\index.js:10930:23)
    at TypeScriptParserMixin.parseMaybeConditional (C:\Users\DboxAdmin\skill_projects\expense-tracker\node_modules\@babel\parser\lib\index.js:10907:23)
    at TypeScriptParserMixin.parseMaybeAssign (C:\Users\DboxAdmin\skill_projects\expense-tracker\node_modules\@babel\parser\lib\index.js:10857:21)
    at C:\Users\DboxAdmin\skill_projects\expense-tracker\node_modules\@babel\parser\lib\index.js:9798:39
    at TypeScriptParserMixin.tryParse (C:\Users\DboxAdmin\skill_projects\expense-tracker\node_modules\@babel\parser\lib\index.js:6930:20)
    at TypeScriptParserMixin.parseMaybeAssign (C:\Users\DboxAdmin\skill_projects\expense-tracker\node_modules\@babel\parser\lib\index.js:9798:18)
    at TypeScriptParserMixin.parseExpressionBase (C:\Users\DboxAdmin\skill_projects\expense-tracker\node_modules\@babel\parser\lib\index.js:10810:23)
    at C:\Users\DboxAdmin\skill_projects\expense-tracker\node_modules\@babel\parser\lib\index.js:10806:39
    at TypeScriptParserMixin.allowInAnd (C:\Users\DboxAdmin\skill_projects\expense-tracker\node_modules\@babel\parser\lib\index.js:12460:12)
    at TypeScriptParserMixin.parseExpression (C:\Users\DboxAdmin\skill_projects\expense-tracker\node_modules\@babel\parser\lib\index.js:10806:17)
    at TypeScriptParserMixin.jsxParseExpressionContainer (C:\Users\DboxAdmin\skill_projects\expense-tracker\node_modules\@babel\parser\lib\index.js:4650:31)
    at TypeScriptParserMixin.jsxParseElementAt (C:\Users\DboxAdmin\skill_projects\expense-tracker\node_modules\@babel\parser\lib\index.js:4729:36)
    at TypeScriptParserMixin.jsxParseElementAt (C:\Users\DboxAdmin\skill_projects\expense-tracker\node_modules\@babel\parser\lib\index.js:4716:32)
    at TypeScriptParserMixin.jsxParseElement (C:\Users\DboxAdmin\skill_projects\expense-tracker\node_modules\@babel\parser\lib\index.js:4767:17)
    at TypeScriptParserMixin.parseExprAtom (C:\Users\DboxAdmin\skill_projects\expense-tracker\node_modules\@babel\parser\lib\index.js:4777:19)
    at TypeScriptParserMixin.parseExprSubscripts (C:\Users\DboxAdmin\skill_projects\expense-tracker\node_modules\@babel\parser\lib\index.js:11107:23)
    at TypeScriptParserMixin.parseUpdate (C:\Users\DboxAdmin\skill_projects\expense-tracker\node_modules\@babel\parser\lib\index.js:11092:21)
    at TypeScriptParserMixin.parseMaybeUnary (C:\Users\DboxAdmin\skill_projects\expense-tracker\node_modules\@babel\parser\lib\index.js:11072:23)
    at TypeScriptParserMixin.parseMaybeUnary (C:\Users\DboxAdmin\skill_projects\expense-tracker\node_modules\@babel\parser\lib\index.js:9860:18)
    at TypeScriptParserMixin.parseMaybeUnaryOrPrivate (C:\Users\DboxAdmin\skill_projects\expense-tracker\node_modules\@babel\parser\lib\index.js:10925:61)
    at TypeScriptParserMixin.parseExprOps (C:\Users\DboxAdmin\skill_projects\expense-tracker\node_modules\@babel\parser\lib\index.js:10930:23)
    at TypeScriptParserMixin.parseMaybeConditional (C:\Users\DboxAdmin\skill_projects\expense-tracker\node_modules\@babel\parser\lib\index.js:10907:23)
    at TypeScriptParserMixin.parseMaybeAssign (C:\Users\DboxAdmin\skill_projects\expense-tracker\node_modules\@babel\parser\lib\index.js:10857:21)
    at C:\Users\DboxAdmin\skill_projects\expense-tracker\node_modules\@babel\parser\lib\index.js:9798:39
    at TypeScriptParserMixin.tryParse (C:\Users\DboxAdmin\skill_projects\expense-tracker\node_modules\@babel\parser\lib\index.js:6930:20)
    at TypeScriptParserMixin.parseMaybeAssign (C:\Users\DboxAdmin\skill_projects\expense-tracker\node_modules\@babel\parser\lib\index.js:9798:18)
    at C:\Users\DboxAdmin\skill_projects\expense-tracker\node_modules\@babel\parser\lib\index.js:10826:39
    at TypeScriptParserMixin.allowInAnd (C:\Users\DboxAdmin\skill_projects\expense-tracker\node_modules\@babel\parser\lib\index.js:12460:12)
    at TypeScriptParserMixin.parseMaybeAssignAllowIn (C:\Users\DboxAdmin\skill_projects\expense-tracker\node_modules\@babel\parser\lib\index.js:10826:17)
    at TypeScriptParserMixin.parseMaybeAssignAllowInOrVoidPattern (C:\Users\DboxAdmin\skill_projects\expense-tracker\node_modules\@babel\parser\lib\index.js:12527:17)
    at TypeScriptParserMixin.parseParenAndDistinguishExpression (C:\Users\DboxAdmin\skill_projects\expense-tracker\node_modules\@babel\parser\lib\index.js:11706:28)
    at TypeScriptParserMixin.parseExprAtom (C:\Users\DboxAdmin\skill_projects\expense-tracker\node_modules\@babel\parser\lib\index.js:11362:23)
    at TypeScriptParserMixin.parseExprAtom (C:\Users\DboxAdmin\skill_projects\expense-tracker\node_modules\@babel\parser\lib\index.js:4782:20)
    at TypeScriptParserMixin.parseExprSubscripts (C:\Users\DboxAdmin\skill_projects\expense-tracker\node_modules\@babel\parser\lib\index.js:11107:23)
    at TypeScriptParserMixin.parseUpdate (C:\Users\DboxAdmin\skill_projects\expense-tracker\node_modules\@babel\parser\lib\index.js:11092:21)
    at TypeScriptParserMixin.parseMaybeUnary (C:\Users\DboxAdmin\skill_projects\expense-tracker\node_modules\@babel\parser\lib\index.js:11072:23)
    at TypeScriptParserMixin.parseMaybeUnary (C:\Users\DboxAdmin\skill_projects\expense-tracker\node_modules\@babel\parser\lib\index.js:9860:18)
    at TypeScriptParserMixin.parseMaybeUnaryOrPrivate (C:\Users\DboxAdmin\skill_projects\expense-tracker\node_modules\@babel\parser\lib\index.js:10925:61)
    at TypeScriptParserMixin.parseExprOps (C:\Users\DboxAdmin\skill_projects\expense-tracker\node_modules\@babel\parser\lib\index.js:10930:23)
    at TypeScriptParserMixin.parseMaybeConditional (C:\Users\DboxAdmin\skill_projects\expense-tracker\node_modules\@babel\parser\lib\index.js:10907:23)
 ERROR  SyntaxError: C:\Users\DboxAdmin\skill_projects\expense-tracker\src\components\navigation\glass-nav-bar.tsx: Adjacent JSX elements must be wrapped in an enclosing tag. Did you want a JSX fragment <>...</>? (246:6)

  244 |           {label}
  245 |         </Text>
> 246 |       </Animated.View>
      |       ^
  247 |     </Pressable>
  248 |   );
  249 | }
    at constructor (C:\Users\DboxAdmin\skill_projects\expense-tracker\node_modules\@babel\parser\lib\index.js:369:19)
    at TypeScriptParserMixin.raise (C:\Users\DboxAdmin\skill_projects\expense-tracker\node_modules\@babel\parser\lib\index.js:6622:19)
    at TypeScriptParserMixin.jsxParseElementAt (C:\Users\DboxAdmin\skill_projects\expense-tracker\node_modules\@babel\parser\lib\index.js:4760:18)
    at TypeScriptParserMixin.jsxParseElement (C:\Users\DboxAdmin\skill_projects\expense-tracker\node_modules\@babel\parser\lib\index.js:4767:17)
    at TypeScriptParserMixin.parseExprAtom (C:\Users\DboxAdmin\skill_projects\expense-tracker\node_modules\@babel\parser\lib\index.js:4777:19)
    at TypeScriptParserMixin.parseExprSubscripts (C:\Users\DboxAdmin\skill_projects\expense-tracker\node_modules\@babel\parser\lib\index.js:11107:23)
    at TypeScriptParserMixin.parseUpdate (C:\Users\DboxAdmin\skill_projects\expense-tracker\node_modules\@babel\parser\lib\index.js:11092:21)
    at TypeScriptParserMixin.parseMaybeUnary (C:\Users\DboxAdmin\skill_projects\expense-tracker\node_modules\@babel\parser\lib\index.js:11072:23)
    at TypeScriptParserMixin.parseMaybeUnary (C:\Users\DboxAdmin\skill_projects\expense-tracker\node_modules\@babel\parser\lib\index.js:9860:18)
    at TypeScriptParserMixin.parseMaybeUnaryOrPrivate (C:\Users\DboxAdmin\skill_projects\expense-tracker\node_modules\@babel\parser\lib\index.js:10925:61)
    at TypeScriptParserMixin.parseExprOps (C:\Users\DboxAdmin\skill_projects\expense-tracker\node_modules\@babel\parser\lib\index.js:10930:23)
    at TypeScriptParserMixin.parseMaybeConditional (C:\Users\DboxAdmin\skill_projects\expense-tracker\node_modules\@babel\parser\lib\index.js:10907:23)
    at TypeScriptParserMixin.parseMaybeAssign (C:\Users\DboxAdmin\skill_projects\expense-tracker\node_modules\@babel\parser\lib\index.js:10857:21)
    at C:\Users\DboxAdmin\skill_projects\expense-tracker\node_modules\@babel\parser\lib\index.js:9798:39
    at TypeScriptParserMixin.tryParse (C:\Users\DboxAdmin\skill_projects\expense-tracker\node_modules\@babel\parser\lib\index.js:6930:20)
    at TypeScriptParserMixin.parseMaybeAssign (C:\Users\DboxAdmin\skill_projects\expense-tracker\node_modules\@babel\parser\lib\index.js:9798:18)
    at TypeScriptParserMixin.parseExpressionBase (C:\Users\DboxAdmin\skill_projects\expense-tracker\node_modules\@babel\parser\lib\index.js:10810:23)
    at C:\Users\DboxAdmin\skill_projects\expense-tracker\node_modules\@babel\parser\lib\index.js:10806:39
    at TypeScriptParserMixin.allowInAnd (C:\Users\DboxAdmin\skill_projects\expense-tracker\node_modules\@babel\parser\lib\index.js:12460:12)
    at TypeScriptParserMixin.parseExpression (C:\Users\DboxAdmin\skill_projects\expense-tracker\node_modules\@babel\parser\lib\index.js:10806:17)
    at TypeScriptParserMixin.jsxParseExpressionContainer (C:\Users\DboxAdmin\skill_projects\expense-tracker\node_modules\@babel\parser\lib\index.js:4650:31)
    at TypeScriptParserMixin.jsxParseElementAt (C:\Users\DboxAdmin\skill_projects\expense-tracker\node_modules\@babel\parser\lib\index.js:4729:36)
    at TypeScriptParserMixin.jsxParseElementAt (C:\Users\DboxAdmin\skill_projects\expense-tracker\node_modules\@babel\parser\lib\index.js:4716:32)
    at TypeScriptParserMixin.jsxParseElement (C:\Users\DboxAdmin\skill_projects\expense-tracker\node_modules\@babel\parser\lib\index.js:4767:17)
    at TypeScriptParserMixin.parseExprAtom (C:\Users\DboxAdmin\skill_projects\expense-tracker\node_modules\@babel\parser\lib\index.js:4777:19)
    at TypeScriptParserMixin.parseExprSubscripts (C:\Users\DboxAdmin\skill_projects\expense-tracker\node_modules\@babel\parser\lib\index.js:11107:23)
    at TypeScriptParserMixin.parseUpdate (C:\Users\DboxAdmin\skill_projects\expense-tracker\node_modules\@babel\parser\lib\index.js:11092:21)
    at TypeScriptParserMixin.parseMaybeUnary (C:\Users\DboxAdmin\skill_projects\expense-tracker\node_modules\@babel\parser\lib\index.js:11072:23)
    at TypeScriptParserMixin.parseMaybeUnary (C:\Users\DboxAdmin\skill_projects\expense-tracker\node_modules\@babel\parser\lib\index.js:9860:18)
    at TypeScriptParserMixin.parseMaybeUnaryOrPrivate (C:\Users\DboxAdmin\skill_projects\expense-tracker\node_modules\@babel\parser\lib\index.js:10925:61)
    at TypeScriptParserMixin.parseExprOps (C:\Users\DboxAdmin\skill_projects\expense-tracker\node_modules\@babel\parser\lib\index.js:10930:23)
    at TypeScriptParserMixin.parseMaybeConditional (C:\Users\DboxAdmin\skill_projects\expense-tracker\node_modules\@babel\parser\lib\index.js:10907:23)
    at TypeScriptParserMixin.parseMaybeAssign (C:\Users\DboxAdmin\skill_projects\expense-tracker\node_modules\@babel\parser\lib\index.js:10857:21)
    at C:\Users\DboxAdmin\skill_projects\expense-tracker\node_modules\@babel\parser\lib\index.js:9798:39
    at TypeScriptParserMixin.tryParse (C:\Users\DboxAdmin\skill_projects\expense-tracker\node_modules\@babel\parser\lib\index.js:6930:20)
    at TypeScriptParserMixin.parseMaybeAssign (C:\Users\DboxAdmin\skill_projects\expense-tracker\node_modules\@babel\parser\lib\index.js:9798:18)
    at C:\Users\DboxAdmin\skill_projects\expense-tracker\node_modules\@babel\parser\lib\index.js:10826:39
    at TypeScriptParserMixin.allowInAnd (C:\Users\DboxAdmin\skill_projects\expense-tracker\node_modules\@babel\parser\lib\index.js:12460:12)
    at TypeScriptParserMixin.parseMaybeAssignAllowIn (C:\Users\DboxAdmin\skill_projects\expense-tracker\node_modules\@babel\parser\lib\index.js:10826:17)
    at TypeScriptParserMixin.parseMaybeAssignAllowInOrVoidPattern (C:\Users\DboxAdmin\skill_projects\expense-tracker\node_modules\@babel\parser\lib\index.js:12527:17)
    at TypeScriptParserMixin.parseParenAndDistinguishExpression (C:\Users\DboxAdmin\skill_projects\expense-tracker\node_modules\@babel\parser\lib\index.js:11706:28)
    at TypeScriptParserMixin.parseExprAtom (C:\Users\DboxAdmin\skill_projects\expense-tracker\node_modules\@babel\parser\lib\index.js:11362:23)
    at TypeScriptParserMixin.parseExprAtom (C:\Users\DboxAdmin\skill_projects\expense-tracker\node_modules\@babel\parser\lib\index.js:4782:20)
    at TypeScriptParserMixin.parseExprSubscripts (C:\Users\DboxAdmin\skill_projects\expense-tracker\node_modules\@babel\parser\lib\index.js:11107:23)
    at TypeScriptParserMixin.parseUpdate (C:\Users\DboxAdmin\skill_projects\expense-tracker\node_modules\@babel\parser\lib\index.js:11092:21)
    at TypeScriptParserMixin.parseMaybeUnary (C:\Users\DboxAdmin\skill_projects\expense-tracker\node_modules\@babel\parser\lib\index.js:11072:23)
    at TypeScriptParserMixin.parseMaybeUnary (C:\Users\DboxAdmin\skill_projects\expense-tracker\node_modules\@babel\parser\lib\index.js:9860:18)
    at TypeScriptParserMixin.parseMaybeUnaryOrPrivate (C:\Users\DboxAdmin\skill_projects\expense-tracker\node_modules\@babel\parser\lib\index.js:10925:61)
    at TypeScriptParserMixin.parseExprOps (C:\Users\DboxAdmin\skill_projects\expense-tracker\node_modules\@babel\parser\lib\index.js:10930:23)
    at TypeScriptParserMixin.parseMaybeConditional (C:\Users\DboxAdmin\skill_projects\expense-tracker\node_modules\@babel\parser\lib\index.js:10907:23)
 ERROR  SyntaxError: C:\Users\DboxAdmin\skill_projects\expense-tracker\src\components\navigation\glass-nav-bar.tsx: Adjacent JSX elements must be wrapped in an enclosing tag. Did you want a JSX fragment <>...</>? (246:6)

  244 |           {label}
  245 |         </Text>
> 246 |       </Animated.View>
      |       ^
  247 |     </Pressable>
  248 |   );
  249 | }
    at constructor (C:\Users\DboxAdmin\skill_projects\expense-tracker\node_modules\@babel\parser\lib\index.js:369:19)
    at TypeScriptParserMixin.raise (C:\Users\DboxAdmin\skill_projects\expense-tracker\node_modules\@babel\parser\lib\index.js:6622:19)
    at TypeScriptParserMixin.jsxParseElementAt (C:\Users\DboxAdmin\skill_projects\expense-tracker\node_modules\@babel\parser\lib\index.js:4760:18)
    at TypeScriptParserMixin.jsxParseElement (C:\Users\DboxAdmin\skill_projects\expense-tracker\node_modules\@babel\parser\lib\index.js:4767:17)
    at TypeScriptParserMixin.parseExprAtom (C:\Users\DboxAdmin\skill_projects\expense-tracker\node_modules\@babel\parser\lib\index.js:4777:19)
    at TypeScriptParserMixin.parseExprSubscripts (C:\Users\DboxAdmin\skill_projects\expense-tracker\node_modules\@babel\parser\lib\index.js:11107:23)
    at TypeScriptParserMixin.parseUpdate (C:\Users\DboxAdmin\skill_projects\expense-tracker\node_modules\@babel\parser\lib\index.js:11092:21)
    at TypeScriptParserMixin.parseMaybeUnary (C:\Users\DboxAdmin\skill_projects\expense-tracker\node_modules\@babel\parser\lib\index.js:11072:23)
    at TypeScriptParserMixin.parseMaybeUnary (C:\Users\DboxAdmin\skill_projects\expense-tracker\node_modules\@babel\parser\lib\index.js:9860:18)
    at TypeScriptParserMixin.parseMaybeUnaryOrPrivate (C:\Users\DboxAdmin\skill_projects\expense-tracker\node_modules\@babel\parser\lib\index.js:10925:61)
    at TypeScriptParserMixin.parseExprOps (C:\Users\DboxAdmin\skill_projects\expense-tracker\node_modules\@babel\parser\lib\index.js:10930:23)
    at TypeScriptParserMixin.parseMaybeConditional (C:\Users\DboxAdmin\skill_projects\expense-tracker\node_modules\@babel\parser\lib\index.js:10907:23)
    at TypeScriptParserMixin.parseMaybeAssign (C:\Users\DboxAdmin\skill_projects\expense-tracker\node_modules\@babel\parser\lib\index.js:10857:21)
    at C:\Users\DboxAdmin\skill_projects\expense-tracker\node_modules\@babel\parser\lib\index.js:9798:39
    at TypeScriptParserMixin.tryParse (C:\Users\DboxAdmin\skill_projects\expense-tracker\node_modules\@babel\parser\lib\index.js:6930:20)
    at TypeScriptParserMixin.parseMaybeAssign (C:\Users\DboxAdmin\skill_projects\expense-tracker\node_modules\@babel\parser\lib\index.js:9798:18)
    at TypeScriptParserMixin.parseExpressionBase (C:\Users\DboxAdmin\skill_projects\expense-tracker\node_modules\@babel\parser\lib\index.js:10810:23)
    at C:\Users\DboxAdmin\skill_projects\expense-tracker\node_modules\@babel\parser\lib\index.js:10806:39
    at TypeScriptParserMixin.allowInAnd (C:\Users\DboxAdmin\skill_projects\expense-tracker\node_modules\@babel\parser\lib\index.js:12460:12)
    at TypeScriptParserMixin.parseExpression (C:\Users\DboxAdmin\skill_projects\expense-tracker\node_modules\@babel\parser\lib\index.js:10806:17)
    at TypeScriptParserMixin.jsxParseExpressionContainer (C:\Users\DboxAdmin\skill_projects\expense-tracker\node_modules\@babel\parser\lib\index.js:4650:31)
    at TypeScriptParserMixin.jsxParseElementAt (C:\Users\DboxAdmin\skill_projects\expense-tracker\node_modules\@babel\parser\lib\index.js:4729:36)
    at TypeScriptParserMixin.jsxParseElementAt (C:\Users\DboxAdmin\skill_projects\expense-tracker\node_modules\@babel\parser\lib\index.js:4716:32)
    at TypeScriptParserMixin.jsxParseElement (C:\Users\DboxAdmin\skill_projects\expense-tracker\node_modules\@babel\parser\lib\index.js:4767:17)
    at TypeScriptParserMixin.parseExprAtom (C:\Users\DboxAdmin\skill_projects\expense-tracker\node_modules\@babel\parser\lib\index.js:4777:19)
    at TypeScriptParserMixin.parseExprSubscripts (C:\Users\DboxAdmin\skill_projects\expense-tracker\node_modules\@babel\parser\lib\index.js:11107:23)
    at TypeScriptParserMixin.parseUpdate (C:\Users\DboxAdmin\skill_projects\expense-tracker\node_modules\@babel\parser\lib\index.js:11092:21)
    at TypeScriptParserMixin.parseMaybeUnary (C:\Users\DboxAdmin\skill_projects\expense-tracker\node_modules\@babel\parser\lib\index.js:11072:23)
    at TypeScriptParserMixin.parseMaybeUnary (C:\Users\DboxAdmin\skill_projects\expense-tracker\node_modules\@babel\parser\lib\index.js:9860:18)
    at TypeScriptParserMixin.parseMaybeUnaryOrPrivate (C:\Users\DboxAdmin\skill_projects\expense-tracker\node_modules\@babel\parser\lib\index.js:10925:61)
    at TypeScriptParserMixin.parseExprOps (C:\Users\DboxAdmin\skill_projects\expense-tracker\node_modules\@babel\parser\lib\index.js:10930:23)
    at TypeScriptParserMixin.parseMaybeConditional (C:\Users\DboxAdmin\skill_projects\expense-tracker\node_modules\@babel\parser\lib\index.js:10907:23)
    at TypeScriptParserMixin.parseMaybeAssign (C:\Users\DboxAdmin\skill_projects\expense-tracker\node_modules\@babel\parser\lib\index.js:10857:21)
    at C:\Users\DboxAdmin\skill_projects\expense-tracker\node_modules\@babel\parser\lib\index.js:9798:39
    at TypeScriptParserMixin.tryParse (C:\Users\DboxAdmin\skill_projects\expense-tracker\node_modules\@babel\parser\lib\index.js:6930:20)
    at TypeScriptParserMixin.parseMaybeAssign (C:\Users\DboxAdmin\skill_projects\expense-tracker\node_modules\@babel\parser\lib\index.js:9798:18)
    at C:\Users\DboxAdmin\skill_projects\expense-tracker\node_modules\@babel\parser\lib\index.js:10826:39
    at TypeScriptParserMixin.allowInAnd (C:\Users\DboxAdmin\skill_projects\expense-tracker\node_modules\@babel\parser\lib\index.js:12460:12)
    at TypeScriptParserMixin.parseMaybeAssignAllowIn (C:\Users\DboxAdmin\skill_projects\expense-tracker\node_modules\@babel\parser\lib\index.js:10826:17)
    at TypeScriptParserMixin.parseMaybeAssignAllowInOrVoidPattern (C:\Users\DboxAdmin\skill_projects\expense-tracker\node_modules\@babel\parser\lib\index.js:12527:17)
    at TypeScriptParserMixin.parseParenAndDistinguishExpression (C:\Users\DboxAdmin\skill_projects\expense-tracker\node_modules\@babel\parser\lib\index.js:11706:28)
    at TypeScriptParserMixin.parseExprAtom (C:\Users\DboxAdmin\skill_projects\expense-tracker\node_modules\@babel\parser\lib\index.js:11362:23)
    at TypeScriptParserMixin.parseExprAtom (C:\Users\DboxAdmin\skill_projects\expense-tracker\node_modules\@babel\parser\lib\index.js:4782:20)
    at TypeScriptParserMixin.parseExprSubscripts (C:\Users\DboxAdmin\skill_projects\expense-tracker\node_modules\@babel\parser\lib\index.js:11107:23)
    at TypeScriptParserMixin.parseUpdate (C:\Users\DboxAdmin\skill_projects\expense-tracker\node_modules\@babel\parser\lib\index.js:11092:21)
    at TypeScriptParserMixin.parseMaybeUnary (C:\Users\DboxAdmin\skill_projects\expense-tracker\node_modules\@babel\parser\lib\index.js:11072:23)
    at TypeScriptParserMixin.parseMaybeUnary (C:\Users\DboxAdmin\skill_projects\expense-tracker\node_modules\@babel\parser\lib\index.js:9860:18)
    at TypeScriptParserMixin.parseMaybeUnaryOrPrivate (C:\Users\DboxAdmin\skill_projects\expense-tracker\node_modules\@babel\parser\lib\index.js:10925:61)
    at TypeScriptParserMixin.parseExprOps (C:\Users\DboxAdmin\skill_projects\expense-tracker\node_modules\@babel\parser\lib\index.js:10930:23)
    at TypeScriptParserMixin.parseMaybeConditional (C:\Users\DboxAdmin\skill_projects\expense-tracker\node_modules\@babel\parser\lib\index.js:10907:23)
 ERROR  SyntaxError: C:\Users\DboxAdmin\skill_projects\expense-tracker\src\components\navigation\glass-nav-bar.tsx: Adjacent JSX elements must be wrapped in an enclosing tag. Did you want a JSX fragment <>...</>? (246:6)

  244 |           {label}
  245 |         </Text>
> 246 |       </Animated.View>
      |       ^
  247 |     </Pressable>
  248 |   );
  249 | }
    at constructor (C:\Users\DboxAdmin\skill_projects\expense-tracker\node_modules\@babel\parser\lib\index.js:369:19)
    at TypeScriptParserMixin.raise (C:\Users\DboxAdmin\skill_projects\expense-tracker\node_modules\@babel\parser\lib\index.js:6622:19)
    at TypeScriptParserMixin.jsxParseElementAt (C:\Users\DboxAdmin\skill_projects\expense-tracker\node_modules\@babel\parser\lib\index.js:4760:18)
    at TypeScriptParserMixin.jsxParseElement (C:\Users\DboxAdmin\skill_projects\expense-tracker\node_modules\@babel\parser\lib\index.js:4767:17)
    at TypeScriptParserMixin.parseExprAtom (C:\Users\DboxAdmin\skill_projects\expense-tracker\node_modules\@babel\parser\lib\index.js:4777:19)
    at TypeScriptParserMixin.parseExprSubscripts (C:\Users\DboxAdmin\skill_projects\expense-tracker\node_modules\@babel\parser\lib\index.js:11107:23)
    at TypeScriptParserMixin.parseUpdate (C:\Users\DboxAdmin\skill_projects\expense-tracker\node_modules\@babel\parser\lib\index.js:11092:21)
    at TypeScriptParserMixin.parseMaybeUnary (C:\Users\DboxAdmin\skill_projects\expense-tracker\node_modules\@babel\parser\lib\index.js:11072:23)
    at TypeScriptParserMixin.parseMaybeUnary (C:\Users\DboxAdmin\skill_projects\expense-tracker\node_modules\@babel\parser\lib\index.js:9860:18)
    at TypeScriptParserMixin.parseMaybeUnaryOrPrivate (C:\Users\DboxAdmin\skill_projects\expense-tracker\node_modules\@babel\parser\lib\index.js:10925:61)
    at TypeScriptParserMixin.parseExprOps (C:\Users\DboxAdmin\skill_projects\expense-tracker\node_modules\@babel\parser\lib\index.js:10930:23)
    at TypeScriptParserMixin.parseMaybeConditional (C:\Users\DboxAdmin\skill_projects\expense-tracker\node_modules\@babel\parser\lib\index.js:10907:23)
    at TypeScriptParserMixin.parseMaybeAssign (C:\Users\DboxAdmin\skill_projects\expense-tracker\node_modules\@babel\parser\lib\index.js:10857:21)
    at C:\Users\DboxAdmin\skill_projects\expense-tracker\node_modules\@babel\parser\lib\index.js:9798:39
    at TypeScriptParserMixin.tryParse (C:\Users\DboxAdmin\skill_projects\expense-tracker\node_modules\@babel\parser\lib\index.js:6930:20)
    at TypeScriptParserMixin.parseMaybeAssign (C:\Users\DboxAdmin\skill_projects\expense-tracker\node_modules\@babel\parser\lib\index.js:9798:18)
    at TypeScriptParserMixin.parseExpressionBase (C:\Users\DboxAdmin\skill_projects\expense-tracker\node_modules\@babel\parser\lib\index.js:10810:23)
    at C:\Users\DboxAdmin\skill_projects\expense-tracker\node_modules\@babel\parser\lib\index.js:10806:39
    at TypeScriptParserMixin.allowInAnd (C:\Users\DboxAdmin\skill_projects\expense-tracker\node_modules\@babel\parser\lib\index.js:12460:12)
    at TypeScriptParserMixin.parseExpression (C:\Users\DboxAdmin\skill_projects\expense-tracker\node_modules\@babel\parser\lib\index.js:10806:17)
    at TypeScriptParserMixin.jsxParseExpressionContainer (C:\Users\DboxAdmin\skill_projects\expense-tracker\node_modules\@babel\parser\lib\index.js:4650:31)
    at TypeScriptParserMixin.jsxParseElementAt (C:\Users\DboxAdmin\skill_projects\expense-tracker\node_modules\@babel\parser\lib\index.js:4729:36)
    at TypeScriptParserMixin.jsxParseElementAt (C:\Users\DboxAdmin\skill_projects\expense-tracker\node_modules\@babel\parser\lib\index.js:4716:32)
    at TypeScriptParserMixin.jsxParseElement (C:\Users\DboxAdmin\skill_projects\expense-tracker\node_modules\@babel\parser\lib\index.js:4767:17)
    at TypeScriptParserMixin.parseExprAtom (C:\Users\DboxAdmin\skill_projects\expense-tracker\node_modules\@babel\parser\lib\index.js:4777:19)
    at TypeScriptParserMixin.parseExprSubscripts (C:\Users\DboxAdmin\skill_projects\expense-tracker\node_modules\@babel\parser\lib\index.js:11107:23)
    at TypeScriptParserMixin.parseUpdate (C:\Users\DboxAdmin\skill_projects\expense-tracker\node_modules\@babel\parser\lib\index.js:11092:21)
    at TypeScriptParserMixin.parseMaybeUnary (C:\Users\DboxAdmin\skill_projects\expense-tracker\node_modules\@babel\parser\lib\index.js:11072:23)
    at TypeScriptParserMixin.parseMaybeUnary (C:\Users\DboxAdmin\skill_projects\expense-tracker\node_modules\@babel\parser\lib\index.js:9860:18)
    at TypeScriptParserMixin.parseMaybeUnaryOrPrivate (C:\Users\DboxAdmin\skill_projects\expense-tracker\node_modules\@babel\parser\lib\index.js:10925:61)
    at TypeScriptParserMixin.parseExprOps (C:\Users\DboxAdmin\skill_projects\expense-tracker\node_modules\@babel\parser\lib\index.js:10930:23)
    at TypeScriptParserMixin.parseMaybeConditional (C:\Users\DboxAdmin\skill_projects\expense-tracker\node_modules\@babel\parser\lib\index.js:10907:23)
    at TypeScriptParserMixin.parseMaybeAssign (C:\Users\DboxAdmin\skill_projects\expense-tracker\node_modules\@babel\parser\lib\index.js:10857:21)
    at C:\Users\DboxAdmin\skill_projects\expense-tracker\node_modules\@babel\parser\lib\index.js:9798:39
    at TypeScriptParserMixin.tryParse (C:\Users\DboxAdmin\skill_projects\expense-tracker\node_modules\@babel\parser\lib\index.js:6930:20)
    at TypeScriptParserMixin.parseMaybeAssign (C:\Users\DboxAdmin\skill_projects\expense-tracker\node_modules\@babel\parser\lib\index.js:9798:18)
    at C:\Users\DboxAdmin\skill_projects\expense-tracker\node_modules\@babel\parser\lib\index.js:10826:39
    at TypeScriptParserMixin.allowInAnd (C:\Users\DboxAdmin\skill_projects\expense-tracker\node_modules\@babel\parser\lib\index.js:12460:12)
    at TypeScriptParserMixin.parseMaybeAssignAllowIn (C:\Users\DboxAdmin\skill_projects\expense-tracker\node_modules\@babel\parser\lib\index.js:10826:17)
    at TypeScriptParserMixin.parseMaybeAssignAllowInOrVoidPattern (C:\Users\DboxAdmin\skill_projects\expense-tracker\node_modules\@babel\parser\lib\index.js:12527:17)
    at TypeScriptParserMixin.parseParenAndDistinguishExpression (C:\Users\DboxAdmin\skill_projects\expense-tracker\node_modules\@babel\parser\lib\index.js:11706:28)
    at TypeScriptParserMixin.parseExprAtom (C:\Users\DboxAdmin\skill_projects\expense-tracker\node_modules\@babel\parser\lib\index.js:11362:23)
    at TypeScriptParserMixin.parseExprAtom (C:\Users\DboxAdmin\skill_projects\expense-tracker\node_modules\@babel\parser\lib\index.js:4782:20)
    at TypeScriptParserMixin.parseExprSubscripts (C:\Users\DboxAdmin\skill_projects\expense-tracker\node_modules\@babel\parser\lib\index.js:11107:23)
    at TypeScriptParserMixin.parseUpdate (C:\Users\DboxAdmin\skill_projects\expense-tracker\node_modules\@babel\parser\lib\index.js:11092:21)
    at TypeScriptParserMixin.parseMaybeUnary (C:\Users\DboxAdmin\skill_projects\expense-tracker\node_modules\@babel\parser\lib\index.js:11072:23)
    at TypeScriptParserMixin.parseMaybeUnary (C:\Users\DboxAdmin\skill_projects\expense-tracker\node_modules\@babel\parser\lib\index.js:9860:18)
    at TypeScriptParserMixin.parseMaybeUnaryOrPrivate (C:\Users\DboxAdmin\skill_projects\expense-tracker\node_modules\@babel\parser\lib\index.js:10925:61)
    at TypeScriptParserMixin.parseExprOps (C:\Users\DboxAdmin\skill_projects\expense-tracker\node_modules\@babel\parser\lib\index.js:10930:23)
    at TypeScriptParserMixin.parseMaybeConditional (C:\Users\DboxAdmin\skill_projects\expense-tracker\node_modules\@babel\parser\lib\index.js:10907:23)
 ERROR  SyntaxError: C:\Users\DboxAdmin\skill_projects\expense-tracker\src\components\navigation\glass-nav-bar.tsx: Adjacent JSX elements must be wrapped in an enclosing tag. Did you want a JSX fragment <>...</>? (246:6)

  244 |           {label}
  245 |         </Text>
> 246 |       </Animated.View>
      |       ^
  247 |     </Pressable>
  248 |   );
  249 | }
    at constructor (C:\Users\DboxAdmin\skill_projects\expense-tracker\node_modules\@babel\parser\lib\index.js:369:19)
    at TypeScriptParserMixin.raise (C:\Users\DboxAdmin\skill_projects\expense-tracker\node_modules\@babel\parser\lib\index.js:6622:19)
    at TypeScriptParserMixin.jsxParseElementAt (C:\Users\DboxAdmin\skill_projects\expense-tracker\node_modules\@babel\parser\lib\index.js:4760:18)
    at TypeScriptParserMixin.jsxParseElement (C:\Users\DboxAdmin\skill_projects\expense-tracker\node_modules\@babel\parser\lib\index.js:4767:17)
    at TypeScriptParserMixin.parseExprAtom (C:\Users\DboxAdmin\skill_projects\expense-tracker\node_modules\@babel\parser\lib\index.js:4777:19)
    at TypeScriptParserMixin.parseExprSubscripts (C:\Users\DboxAdmin\skill_projects\expense-tracker\node_modules\@babel\parser\lib\index.js:11107:23)
    at TypeScriptParserMixin.parseUpdate (C:\Users\DboxAdmin\skill_projects\expense-tracker\node_modules\@babel\parser\lib\index.js:11092:21)
    at TypeScriptParserMixin.parseMaybeUnary (C:\Users\DboxAdmin\skill_projects\expense-tracker\node_modules\@babel\parser\lib\index.js:11072:23)
    at TypeScriptParserMixin.parseMaybeUnary (C:\Users\DboxAdmin\skill_projects\expense-tracker\node_modules\@babel\parser\lib\index.js:9860:18)
    at TypeScriptParserMixin.parseMaybeUnaryOrPrivate (C:\Users\DboxAdmin\skill_projects\expense-tracker\node_modules\@babel\parser\lib\index.js:10925:61)
    at TypeScriptParserMixin.parseExprOps (C:\Users\DboxAdmin\skill_projects\expense-tracker\node_modules\@babel\parser\lib\index.js:10930:23)
    at TypeScriptParserMixin.parseMaybeConditional (C:\Users\DboxAdmin\skill_projects\expense-tracker\node_modules\@babel\parser\lib\index.js:10907:23)
    at TypeScriptParserMixin.parseMaybeAssign (C:\Users\DboxAdmin\skill_projects\expense-tracker\node_modules\@babel\parser\lib\index.js:10857:21)
    at C:\Users\DboxAdmin\skill_projects\expense-tracker\node_modules\@babel\parser\lib\index.js:9798:39
    at TypeScriptParserMixin.tryParse (C:\Users\DboxAdmin\skill_projects\expense-tracker\node_modules\@babel\parser\lib\index.js:6930:20)
    at TypeScriptParserMixin.parseMaybeAssign (C:\Users\DboxAdmin\skill_projects\expense-tracker\node_modules\@babel\parser\lib\index.js:9798:18)
    at TypeScriptParserMixin.parseExpressionBase (C:\Users\DboxAdmin\skill_projects\expense-tracker\node_modules\@babel\parser\lib\index.js:10810:23)
    at C:\Users\DboxAdmin\skill_projects\expense-tracker\node_modules\@babel\parser\lib\index.js:10806:39
    at TypeScriptParserMixin.allowInAnd (C:\Users\DboxAdmin\skill_projects\expense-tracker\node_modules\@babel\parser\lib\index.js:12460:12)
    at TypeScriptParserMixin.parseExpression (C:\Users\DboxAdmin\skill_projects\expense-tracker\node_modules\@babel\parser\lib\index.js:10806:17)
    at TypeScriptParserMixin.jsxParseExpressionContainer (C:\Users\DboxAdmin\skill_projects\expense-tracker\node_modules\@babel\parser\lib\index.js:4650:31)
    at TypeScriptParserMixin.jsxParseElementAt (C:\Users\DboxAdmin\skill_projects\expense-tracker\node_modules\@babel\parser\lib\index.js:4729:36)
    at TypeScriptParserMixin.jsxParseElementAt (C:\Users\DboxAdmin\skill_projects\expense-tracker\node_modules\@babel\parser\lib\index.js:4716:32)
    at TypeScriptParserMixin.jsxParseElement (C:\Users\DboxAdmin\skill_projects\expense-tracker\node_modules\@babel\parser\lib\index.js:4767:17)
    at TypeScriptParserMixin.parseExprAtom (C:\Users\DboxAdmin\skill_projects\expense-tracker\node_modules\@babel\parser\lib\index.js:4777:19)
    at TypeScriptParserMixin.parseExprSubscripts (C:\Users\DboxAdmin\skill_projects\expense-tracker\node_modules\@babel\parser\lib\index.js:11107:23)
    at TypeScriptParserMixin.parseUpdate (C:\Users\DboxAdmin\skill_projects\expense-tracker\node_modules\@babel\parser\lib\index.js:11092:21)
    at TypeScriptParserMixin.parseMaybeUnary (C:\Users\DboxAdmin\skill_projects\expense-tracker\node_modules\@babel\parser\lib\index.js:11072:23)
    at TypeScriptParserMixin.parseMaybeUnary (C:\Users\DboxAdmin\skill_projects\expense-tracker\node_modules\@babel\parser\lib\index.js:9860:18)
    at TypeScriptParserMixin.parseMaybeUnaryOrPrivate (C:\Users\DboxAdmin\skill_projects\expense-tracker\node_modules\@babel\parser\lib\index.js:10925:61)
    at TypeScriptParserMixin.parseExprOps (C:\Users\DboxAdmin\skill_projects\expense-tracker\node_modules\@babel\parser\lib\index.js:10930:23)
    at TypeScriptParserMixin.parseMaybeConditional (C:\Users\DboxAdmin\skill_projects\expense-tracker\node_modules\@babel\parser\lib\index.js:10907:23)
    at TypeScriptParserMixin.parseMaybeAssign (C:\Users\DboxAdmin\skill_projects\expense-tracker\node_modules\@babel\parser\lib\index.js:10857:21)
    at C:\Users\DboxAdmin\skill_projects\expense-tracker\node_modules\@babel\parser\lib\index.js:9798:39
    at TypeScriptParserMixin.tryParse (C:\Users\DboxAdmin\skill_projects\expense-tracker\node_modules\@babel\parser\lib\index.js:6930:20)
    at TypeScriptParserMixin.parseMaybeAssign (C:\Users\DboxAdmin\skill_projects\expense-tracker\node_modules\@babel\parser\lib\index.js:9798:18)
    at C:\Users\DboxAdmin\skill_projects\expense-tracker\node_modules\@babel\parser\lib\index.js:10826:39
    at TypeScriptParserMixin.allowInAnd (C:\Users\DboxAdmin\skill_projects\expense-tracker\node_modules\@babel\parser\lib\index.js:12460:12)
    at TypeScriptParserMixin.parseMaybeAssignAllowIn (C:\Users\DboxAdmin\skill_projects\expense-tracker\node_modules\@babel\parser\lib\index.js:10826:17)
    at TypeScriptParserMixin.parseMaybeAssignAllowInOrVoidPattern (C:\Users\DboxAdmin\skill_projects\expense-tracker\node_modules\@babel\parser\lib\index.js:12527:17)
    at TypeScriptParserMixin.parseParenAndDistinguishExpression (C:\Users\DboxAdmin\skill_projects\expense-tracker\node_modules\@babel\parser\lib\index.js:11706:28)
    at TypeScriptParserMixin.parseExprAtom (C:\Users\DboxAdmin\skill_projects\expense-tracker\node_modules\@babel\parser\lib\index.js:11362:23)
    at TypeScriptParserMixin.parseExprAtom (C:\Users\DboxAdmin\skill_projects\expense-tracker\node_modules\@babel\parser\lib\index.js:4782:20)
    at TypeScriptParserMixin.parseExprSubscripts (C:\Users\DboxAdmin\skill_projects\expense-tracker\node_modules\@babel\parser\lib\index.js:11107:23)
    at TypeScriptParserMixin.parseUpdate (C:\Users\DboxAdmin\skill_projects\expense-tracker\node_modules\@babel\parser\lib\index.js:11092:21)
    at TypeScriptParserMixin.parseMaybeUnary (C:\Users\DboxAdmin\skill_projects\expense-tracker\node_modules\@babel\parser\lib\index.js:11072:23)
    at TypeScriptParserMixin.parseMaybeUnary (C:\Users\DboxAdmin\skill_projects\expense-tracker\node_modules\@babel\parser\lib\index.js:9860:18)
    at TypeScriptParserMixin.parseMaybeUnaryOrPrivate (C:\Users\DboxAdmin\skill_projects\expense-tracker\node_modules\@babel\parser\lib\index.js:10925:61)
    at TypeScriptParserMixin.parseExprOps (C:\Users\DboxAdmin\skill_projects\expense-tracker\node_modules\@babel\parser\lib\index.js:10930:23)
    at TypeScriptParserMixin.parseMaybeConditional (C:\Users\DboxAdmin\skill_projects\expense-tracker\node_modules\@babel\parser\lib\index.js:10907:23)
 ERROR  SyntaxError: C:\Users\DboxAdmin\skill_projects\expense-tracker\src\components\navigation\glass-nav-bar.tsx: Adjacent JSX elements must be wrapped in an enclosing tag. Did you want a JSX fragment <>...</>? (246:6)

  244 |           {label}
  245 |         </Text>
> 246 |       </Animated.View>
      |       ^
  247 |     </Pressable>
  248 |   );
  249 | }
    at constructor (C:\Users\DboxAdmin\skill_projects\expense-tracker\node_modules\@babel\parser\lib\index.js:369:19)
    at TypeScriptParserMixin.raise (C:\Users\DboxAdmin\skill_projects\expense-tracker\node_modules\@babel\parser\lib\index.js:6622:19)
    at TypeScriptParserMixin.jsxParseElementAt (C:\Users\DboxAdmin\skill_projects\expense-tracker\node_modules\@babel\parser\lib\index.js:4760:18)
    at TypeScriptParserMixin.jsxParseElement (C:\Users\DboxAdmin\skill_projects\expense-tracker\node_modules\@babel\parser\lib\index.js:4767:17)
    at TypeScriptParserMixin.parseExprAtom (C:\Users\DboxAdmin\skill_projects\expense-tracker\node_modules\@babel\parser\lib\index.js:4777:19)
    at TypeScriptParserMixin.parseExprSubscripts (C:\Users\DboxAdmin\skill_projects\expense-tracker\node_modules\@babel\parser\lib\index.js:11107:23)
    at TypeScriptParserMixin.parseUpdate (C:\Users\DboxAdmin\skill_projects\expense-tracker\node_modules\@babel\parser\lib\index.js:11092:21)
    at TypeScriptParserMixin.parseMaybeUnary (C:\Users\DboxAdmin\skill_projects\expense-tracker\node_modules\@babel\parser\lib\index.js:11072:23)
    at TypeScriptParserMixin.parseMaybeUnary (C:\Users\DboxAdmin\skill_projects\expense-tracker\node_modules\@babel\parser\lib\index.js:9860:18)
    at TypeScriptParserMixin.parseMaybeUnaryOrPrivate (C:\Users\DboxAdmin\skill_projects\expense-tracker\node_modules\@babel\parser\lib\index.js:10925:61)
    at TypeScriptParserMixin.parseExprOps (C:\Users\DboxAdmin\skill_projects\expense-tracker\node_modules\@babel\parser\lib\index.js:10930:23)
    at TypeScriptParserMixin.parseMaybeConditional (C:\Users\DboxAdmin\skill_projects\expense-tracker\node_modules\@babel\parser\lib\index.js:10907:23)
    at TypeScriptParserMixin.parseMaybeAssign (C:\Users\DboxAdmin\skill_projects\expense-tracker\node_modules\@babel\parser\lib\index.js:10857:21)
    at C:\Users\DboxAdmin\skill_projects\expense-tracker\node_modules\@babel\parser\lib\index.js:9798:39
    at TypeScriptParserMixin.tryParse (C:\Users\DboxAdmin\skill_projects\expense-tracker\node_modules\@babel\parser\lib\index.js:6930:20)
    at TypeScriptParserMixin.parseMaybeAssign (C:\Users\DboxAdmin\skill_projects\expense-tracker\node_modules\@babel\parser\lib\index.js:9798:18)
    at TypeScriptParserMixin.parseExpressionBase (C:\Users\DboxAdmin\skill_projects\expense-tracker\node_modules\@babel\parser\lib\index.js:10810:23)
    at C:\Users\DboxAdmin\skill_projects\expense-tracker\node_modules\@babel\parser\lib\index.js:10806:39
    at TypeScriptParserMixin.allowInAnd (C:\Users\DboxAdmin\skill_projects\expense-tracker\node_modules\@babel\parser\lib\index.js:12460:12)
    at TypeScriptParserMixin.parseExpression (C:\Users\DboxAdmin\skill_projects\expense-tracker\node_modules\@babel\parser\lib\index.js:10806:17)
    at TypeScriptParserMixin.jsxParseExpressionContainer (C:\Users\DboxAdmin\skill_projects\expense-tracker\node_modules\@babel\parser\lib\index.js:4650:31)
    at TypeScriptParserMixin.jsxParseElementAt (C:\Users\DboxAdmin\skill_projects\expense-tracker\node_modules\@babel\parser\lib\index.js:4729:36)
    at TypeScriptParserMixin.jsxParseElementAt (C:\Users\DboxAdmin\skill_projects\expense-tracker\node_modules\@babel\parser\lib\index.js:4716:32)
    at TypeScriptParserMixin.jsxParseElement (C:\Users\DboxAdmin\skill_projects\expense-tracker\node_modules\@babel\parser\lib\index.js:4767:17)
    at TypeScriptParserMixin.parseExprAtom (C:\Users\DboxAdmin\skill_projects\expense-tracker\node_modules\@babel\parser\lib\index.js:4777:19)
    at TypeScriptParserMixin.parseExprSubscripts (C:\Users\DboxAdmin\skill_projects\expense-tracker\node_modules\@babel\parser\lib\index.js:11107:23)
    at TypeScriptParserMixin.parseUpdate (C:\Users\DboxAdmin\skill_projects\expense-tracker\node_modules\@babel\parser\lib\index.js:11092:21)
    at TypeScriptParserMixin.parseMaybeUnary (C:\Users\DboxAdmin\skill_projects\expense-tracker\node_modules\@babel\parser\lib\index.js:11072:23)
    at TypeScriptParserMixin.parseMaybeUnary (C:\Users\DboxAdmin\skill_projects\expense-tracker\node_modules\@babel\parser\lib\index.js:9860:18)
    at TypeScriptParserMixin.parseMaybeUnaryOrPrivate (C:\Users\DboxAdmin\skill_projects\expense-tracker\node_modules\@babel\parser\lib\index.js:10925:61)
    at TypeScriptParserMixin.parseExprOps (C:\Users\DboxAdmin\skill_projects\expense-tracker\node_modules\@babel\parser\lib\index.js:10930:23)
    at TypeScriptParserMixin.parseMaybeConditional (C:\Users\DboxAdmin\skill_projects\expense-tracker\node_modules\@babel\parser\lib\index.js:10907:23)
    at TypeScriptParserMixin.parseMaybeAssign (C:\Users\DboxAdmin\skill_projects\expense-tracker\node_modules\@babel\parser\lib\index.js:10857:21)
    at C:\Users\DboxAdmin\skill_projects\expense-tracker\node_modules\@babel\parser\lib\index.js:9798:39
    at TypeScriptParserMixin.tryParse (C:\Users\DboxAdmin\skill_projects\expense-tracker\node_modules\@babel\parser\lib\index.js:6930:20)
    at TypeScriptParserMixin.parseMaybeAssign (C:\Users\DboxAdmin\skill_projects\expense-tracker\node_modules\@babel\parser\lib\index.js:9798:18)
    at C:\Users\DboxAdmin\skill_projects\expense-tracker\node_modules\@babel\parser\lib\index.js:10826:39
    at TypeScriptParserMixin.allowInAnd (C:\Users\DboxAdmin\skill_projects\expense-tracker\node_modules\@babel\parser\lib\index.js:12460:12)
    at TypeScriptParserMixin.parseMaybeAssignAllowIn (C:\Users\DboxAdmin\skill_projects\expense-tracker\node_modules\@babel\parser\lib\index.js:10826:17)
    at TypeScriptParserMixin.parseMaybeAssignAllowInOrVoidPattern (C:\Users\DboxAdmin\skill_projects\expense-tracker\node_modules\@babel\parser\lib\index.js:12527:17)
    at TypeScriptParserMixin.parseParenAndDistinguishExpression (C:\Users\DboxAdmin\skill_projects\expense-tracker\node_modules\@babel\parser\lib\index.js:11706:28)
    at TypeScriptParserMixin.parseExprAtom (C:\Users\DboxAdmin\skill_projects\expense-tracker\node_modules\@babel\parser\lib\index.js:11362:23)
    at TypeScriptParserMixin.parseExprAtom (C:\Users\DboxAdmin\skill_projects\expense-tracker\node_modules\@babel\parser\lib\index.js:4782:20)
    at TypeScriptParserMixin.parseExprSubscripts (C:\Users\DboxAdmin\skill_projects\expense-tracker\node_modules\@babel\parser\lib\index.js:11107:23)
    at TypeScriptParserMixin.parseUpdate (C:\Users\DboxAdmin\skill_projects\expense-tracker\node_modules\@babel\parser\lib\index.js:11092:21)
    at TypeScriptParserMixin.parseMaybeUnary (C:\Users\DboxAdmin\skill_projects\expense-tracker\node_modules\@babel\parser\lib\index.js:11072:23)
    at TypeScriptParserMixin.parseMaybeUnary (C:\Users\DboxAdmin\skill_projects\expense-tracker\node_modules\@babel\parser\lib\index.js:9860:18)
    at TypeScriptParserMixin.parseMaybeUnaryOrPrivate (C:\Users\DboxAdmin\skill_projects\expense-tracker\node_modules\@babel\parser\lib\index.js:10925:61)
    at TypeScriptParserMixin.parseExprOps (C:\Users\DboxAdmin\skill_projects\expense-tracker\node_modules\@babel\parser\lib\index.js:10930:23)
    at TypeScriptParserMixin.parseMaybeConditional (C:\Users\DboxAdmin\skill_projects\expense-tracker\node_modules\@babel\parser\lib\index.js:10907:23)
Android Bundled 224ms node_modules\expo-router\entry.js (1 module)
Android Bundled 3145ms node_modules\expo-router\entry.js (1 module)
Android Bundled 145ms node_modules\expo-router\entry.js (1 module)
 ERROR  [ReferenceError: Property 'cellSize' doesn't exist] 

Code: date-picker.tsx
[0m [90m 275 |[39m             [33m<[39m[33mView[39m style[33m=[39m{styles[33m.[39mweekdayRow}[33m>[39m
 [90m 276 |[39m               {[33mWEEKDAY_INITIALS[39m[33m.[39mmap((initial[33m,[39m index) [33m=>[39m (
[31m[1m>[22m[39m[90m 277 |[39m                 [33m<[39m[33mView[39m key[33m=[39m{[32m`${initial}-${index}`[39m} style[33m=[39m{{ width[33m:[39m cellSize }}[33m>[39m
 [90m     |[39m                                                                   [31m[1m^[22m[39m
 [90m 278 |[39m                   [33m<[39m[33mText[39m variant[33m=[39m[32m"micro"[39m tone[33m=[39m[32m"tertiary"[39m center[33m>[39m
 [90m 279 |[39m                     {initial}
 [90m 280 |[39m                   [33m<[39m[33m/[39m[33mText[39m[33m>[39m[0m
Call Stack
  WEEKDAY_INITIALS.map$argument_0 (src\components\expenses\date-picker.tsx:277:67)
  CalendarSheet (src\components\expenses\date-picker.tsx:276:36) 

Code: date-picker.tsx
[0m [90m 144 |[39m           handleSelect(key)[33m;[39m
 [90m 145 |[39m           setCalendarOpen([36mfalse[39m)[33m;[39m
[31m[1m>[22m[39m[90m 146 |[39m         }}
 [90m     |[39m          [31m[1m^[22m[39m
 [90m 147 |[39m         todayKey[33m=[39m{todayKey}
 [90m 148 |[39m       [33m/[39m[33m>[39m
 [90m 149 |[39m     [33m<[39m[33m/[39m[33mView[39m[33m>[39m[0m
Call Stack
  DatePicker (src\components\expenses\date-picker.tsx:146:10)
  AddExpenseScreen (src\app\add-expense.tsx:196:11)
  RootLayout (src\app\_layout.tsx:50:13)
Android Bundled 136ms node_modules\expo-router\entry.js (1 module)
Android Bundled 135ms node_modules\expo-router\entry.js (1 module)
 LOG  [add-expense] saved {"amountPaise": 123450, "category": "food", "dateKey": "2026-10-06", "note": null}
 LOG  [add-expense] saved {"amountPaise": 4800, "category": "food", "dateKey": "2026-10-06", "note": null}
 LOG  [add-expense] saved {"amountPaise": 800, "category": "food", "dateKey": "2026-10-06", "note": null}
 LOG  [add-expense] saved {"amountPaise": 800, "category": "food", "dateKey": "2026-10-06", "note": null}
 LOG  [add-expense] saved {"amountPaise": 5050, "category": "food", "dateKey": "2026-10-04", "note": null}
Android Bundled 192ms node_modules\expo-router\entry.js (1 module)
 LOG  [add-expense] saved {"amountPaise": 5000, "category": "transport", "dateKey": "2026-10-06", "note": null}
Android Bundled 267ms node_modules\expo-router\entry.js (1 module)
Android Bundled 174ms node_modules\expo-router\entry.js (1 module)
Android Bundled 187ms node_modules\expo-router\entry.js (1 module)
 ERROR  ReactCompilerError: Found 2 errors:

Todo: (BuildHIR::lowerStatement) Handle TryStatement with a finalizer ('finally') clause

  110 |     loadingMore.current = true;
  111 |
> 112 |     try {
      |     ^^^^^
> 113 |       const repository = new ExpenseRepository(await getDatabase());
      | ^^^^^^^^^^^^^^^^^^^^^^^^^^^^^^^^^^^^^^^^^^^^^^^^^^^^^^^^^^^^^^^^^^^^
> 114 |       const page = await repository.listRecent({ limit: EXPENSE_PAGE_SIZE, offset: 0 });
      | ^^^^^^^^^^^^^^^^^^^^^^^^^^^^^^^^^^^^^^^^^^^^^^^^^^^^^^^^^^^^^^^^^^^^
> 115 |
      | ^^^^^^^^^^^^^^^^^^^^^^^^^^^^^^^^^^^^^^^^^^^^^^^^^^^^^^^^^^^^^^^^^^^^
> 116 |       setRows(page.expenses);
      | ^^^^^^^^^^^^^^^^^^^^^^^^^^^^^^^^^^^^^^^^^^^^^^^^^^^^^^^^^^^^^^^^^^^^
> 117 |       setHasMore(page.hasMore);
      | ^^^^^^^^^^^^^^^^^^^^^^^^^^^^^^^^^^^^^^^^^^^^^^^^^^^^^^^^^^^^^^^^^^^^
> 118 |       setStatus('ready');
      | ^^^^^^^^^^^^^^^^^^^^^^^^^^^^^^^^^^^^^^^^^^^^^^^^^^^^^^^^^^^^^^^^^^^^
> 119 |     } catch (error) {
      | ^^^^^^^^^^^^^^^^^^^^^^^^^^^^^^^^^^^^^^^^^^^^^^^^^^^^^^^^^^^^^^^^^^^^
> 120 |       // Rows already on screen are left alone; only a first load with nothing to
      | ^^^^^^^^^^^^^^^^^^^^^^^^^^^^^^^^^^^^^^^^^^^^^^^^^^^^^^^^^^^^^^^^^^^^
> 121 |       // show replaces them with an error.
      | ^^^^^^^^^^^^^^^^^^^^^^^^^^^^^^^^^^^^^^^^^^^^^^^^^^^^^^^^^^^^^^^^^^^^
> 122 |       console.warn('[expenses] could not load the first page', error);
      | ^^^^^^^^^^^^^^^^^^^^^^^^^^^^^^^^^^^^^^^^^^^^^^^^^^^^^^^^^^^^^^^^^^^^
> 123 |
      | ^^^^^^^^^^^^^^^^^^^^^^^^^^^^^^^^^^^^^^^^^^^^^^^^^^^^^^^^^^^^^^^^^^^^
> 124 |       if (rows.length === 0) {
      | ^^^^^^^^^^^^^^^^^^^^^^^^^^^^^^^^^^^^^^^^^^^^^^^^^^^^^^^^^^^^^^^^^^^^
> 125 |         setStatus('error');
      | ^^^^^^^^^^^^^^^^^^^^^^^^^^^^^^^^^^^^^^^^^^^^^^^^^^^^^^^^^^^^^^^^^^^^
> 126 |       }
      | ^^^^^^^^^^^^^^^^^^^^^^^^^^^^^^^^^^^^^^^^^^^^^^^^^^^^^^^^^^^^^^^^^^^^
> 127 |     } finally {
      | ^^^^^^^^^^^^^^^^^^^^^^^^^^^^^^^^^^^^^^^^^^^^^^^^^^^^^^^^^^^^^^^^^^^^
> 128 |       loadingMore.current = false;
      | ^^^^^^^^^^^^^^^^^^^^^^^^^^^^^^^^^^^^^^^^^^^^^^^^^^^^^^^^^^^^^^^^^^^^
> 129 |     }
      | ^^^^^^ (BuildHIR::lowerStatement) Handle TryStatement with a finalizer ('finally') clause
  130 |   }, [rows.length]);
  131 |
  132 |   const loadNextPage = useCallback(async () => {

Todo: (BuildHIR::lowerStatement) Handle TryStatement with a finalizer ('finally') clause

  140 |     loadingMore.current = true;
  141 |
> 142 |     try {
      |     ^^^^^
> 143 |       const repository = new ExpenseRepository(await getDatabase());
      | ^^^^^^^^^^^^^^^^^^^^^^^^^^^^^^^^^^^^^^^^^^^^^^^^^^^^^^^^^^^^^^^^^^^^
> 144 |       const page = await repository.listRecent({
      | ^^^^^^^^^^^^^^^^^^^^^^^^^^^^^^^^^^^^^^^^^^^^^^^^^^^^^^^^^^^^^^^^^^^^
> 145 |         limit: EXPENSE_PAGE_SIZE,
      | ^^^^^^^^^^^^^^^^^^^^^^^^^^^^^^^^^^^^^^^^^^^^^^^^^^^^^^^^^^^^^^^^^^^^
> 146 |         // Read against the rows on screen, not against a separate counter that
      | ^^^^^^^^^^^^^^^^^^^^^^^^^^^^^^^^^^^^^^^^^^^^^^^^^^^^^^^^^^^^^^^^^^^^
> 147 |         // could drift from them.
      | ^^^^^^^^^^^^^^^^^^^^^^^^^^^^^^^^^^^^^^^^^^^^^^^^^^^^^^^^^^^^^^^^^^^^
> 148 |         offset: rows.length,
      | ^^^^^^^^^^^^^^^^^^^^^^^^^^^^^^^^^^^^^^^^^^^^^^^^^^^^^^^^^^^^^^^^^^^^
> 149 |       });
      | ^^^^^^^^^^^^^^^^^^^^^^^^^^^^^^^^^^^^^^^^^^^^^^^^^^^^^^^^^^^^^^^^^^^^
> 150 |
      | ^^^^^^^^^^^^^^^^^^^^^^^^^^^^^^^^^^^^^^^^^^^^^^^^^^^^^^^^^^^^^^^^^^^^
> 151 |       setHasMore(page.hasMore);
      | ^^^^^^^^^^^^^^^^^^^^^^^^^^^^^^^^^^^^^^^^^^^^^^^^^^^^^^^^^^^^^^^^^^^^
> 152 |
      | ^^^^^^^^^^^^^^^^^^^^^^^^^^^^^^^^^^^^^^^^^^^^^^^^^^^^^^^^^^^^^^^^^^^^
> 153 |       if (page.expenses.length > 0) {
      | ^^^^^^^^^^^^^^^^^^^^^^^^^^^^^^^^^^^^^^^^^^^^^^^^^^^^^^^^^^^^^^^^^^^^
> 154 |         // Append. These are the same row objects the query returned, so the
      | ^^^^^^^^^^^^^^^^^^^^^^^^^^^^^^^^^^^^^^^^^^^^^^^^^^^^^^^^^^^^^^^^^^^^
> 155 |         // rows already on screen keep their identity and do not re-render.
      | ^^^^^^^^^^^^^^^^^^^^^^^^^^^^^^^^^^^^^^^^^^^^^^^^^^^^^^^^^^^^^^^^^^^^
> 156 |         setRows((current) => [...current, ...page.expenses]);
      | ^^^^^^^^^^^^^^^^^^^^^^^^^^^^^^^^^^^^^^^^^^^^^^^^^^^^^^^^^^^^^^^^^^^^
> 157 |       }
      | ^^^^^^^^^^^^^^^^^^^^^^^^^^^^^^^^^^^^^^^^^^^^^^^^^^^^^^^^^^^^^^^^^^^^
> 158 |     } catch (error) {
      | ^^^^^^^^^^^^^^^^^^^^^^^^^^^^^^^^^^^^^^^^^^^^^^^^^^^^^^^^^^^^^^^^^^^^
> 159 |       /*
      | ^^^^^^^^^^^^^^^^^^^^^^^^^^^^^^^^^^^^^^^^^^^^^^^^^^^^^^^^^^^^^^^^^^^^
> 160 |         Stop paging rather than looping. A failure here leaves the offset where it
      | ^^^^^^^^^^^^^^^^^^^^^^^^^^^^^^^^^^^^^^^^^^^^^^^^^^^^^^^^^^^^^^^^^^^^
> 161 |         was, so the next scroll would ask for the same page again and keep
      | ^^^^^^^^^^^^^^^^^^^^^^^^^^^^^^^^^^^^^^^^^^^^^^^^^^^^^^^^^^^^^^^^^^^^
> 162 |         failing; clearing `hasMore` turns the footer into "End of history" and
      | ^^^^^^^^^^^^^^^^^^^^^^^^^^^^^^^^^^^^^^^^^^^^^^^^^^^^^^^^^^^^^^^^^^^^
> 163 |         leaves a working part of the list rather than an endless spinner.
      | ^^^^^^^^^^^^^^^^^^^^^^^^^^^^^^^^^^^^^^^^^^^^^^^^^^^^^^^^^^^^^^^^^^^^
> 164 |       */
      | ^^^^^^^^^^^^^^^^^^^^^^^^^^^^^^^^^^^^^^^^^^^^^^^^^^^^^^^^^^^^^^^^^^^^
> 165 |       console.warn('[expenses] could not load the next page', error);
      | ^^^^^^^^^^^^^^^^^^^^^^^^^^^^^^^^^^^^^^^^^^^^^^^^^^^^^^^^^^^^^^^^^^^^
> 166 |       setHasMore(false);
      | ^^^^^^^^^^^^^^^^^^^^^^^^^^^^^^^^^^^^^^^^^^^^^^^^^^^^^^^^^^^^^^^^^^^^
> 167 |     } finally {
      | ^^^^^^^^^^^^^^^^^^^^^^^^^^^^^^^^^^^^^^^^^^^^^^^^^^^^^^^^^^^^^^^^^^^^
> 168 |       loadingMore.current = false;
      | ^^^^^^^^^^^^^^^^^^^^^^^^^^^^^^^^^^^^^^^^^^^^^^^^^^^^^^^^^^^^^^^^^^^^
> 169 |     }
      | ^^^^^^ (BuildHIR::lowerStatement) Handle TryStatement with a finalizer ('finally') clause
  170 |   }, [hasMore, rows.length]);
  171 |
  172 |   /*
    at new HIRBuilder (C:\Users\DboxAdmin\skill_projects\expense-tracker\node_modules\babel-plugin-react-compiler\dist\index.js:76126:19)
    at lower (C:\Users\DboxAdmin\skill_projects\expense-tracker\node_modules\babel-plugin-react-compiler\dist\index.js:78097:19)
    at runWithEnvironment (C:\Users\DboxAdmin\skill_projects\expense-tracker\node_modules\babel-plugin-react-compiler\dist\index.js:106368:15)
    at run (C:\Users\DboxAdmin\skill_projects\expense-tracker\node_modules\babel-plugin-react-compiler\dist\index.js:106361:10)
    at compileFn (C:\Users\DboxAdmin\skill_projects\expense-tracker\node_modules\babel-plugin-react-compiler\dist\index.js:106689:10)
    at tryCompileFunction (C:\Users\DboxAdmin\skill_projects\expense-tracker\node_modules\babel-plugin-react-compiler\dist\index.js:107289:19)
    at processFn (C:\Users\DboxAdmin\skill_projects\expense-tracker\node_modules\babel-plugin-react-compiler\dist\index.js:107226:25)
    at compileProgram (C:\Users\DboxAdmin\skill_projects\expense-tracker\node_modules\babel-plugin-react-compiler\dist\index.js:107107:22)
    at PluginPass.enter (C:\Users\DboxAdmin\skill_projects\expense-tracker\node_modules\babel-plugin-react-compiler\dist\index.js:108443:28)
    at newFn (C:\Users\DboxAdmin\skill_projects\expense-tracker\node_modules\@babel\traverse\lib\visitors.js:168:14)
    at NodePath._call (C:\Users\DboxAdmin\skill_projects\expense-tracker\node_modules\@babel\traverse\lib\path\context.js:50:20)
    at NodePath.call (C:\Users\DboxAdmin\skill_projects\expense-tracker\node_modules\@babel\traverse\lib\path\context.js:40:18)
    at NodePath.visit (C:\Users\DboxAdmin\skill_projects\expense-tracker\node_modules\@babel\traverse\lib\path\context.js:87:31)
    at TraversalContext.visitQueue (C:\Users\DboxAdmin\skill_projects\expense-tracker\node_modules\@babel\traverse\lib\context.js:96:16)
    at TraversalContext.visitSingle (C:\Users\DboxAdmin\skill_projects\expense-tracker\node_modules\@babel\traverse\lib\context.js:72:19)
    at TraversalContext.visit (C:\Users\DboxAdmin\skill_projects\expense-tracker\node_modules\@babel\traverse\lib\context.js:119:19)
    at traverseNode (C:\Users\DboxAdmin\skill_projects\expense-tracker\node_modules\@babel\traverse\lib\traverse-node.js:130:17)
    at traverse (C:\Users\DboxAdmin\skill_projects\expense-tracker\node_modules\@babel\traverse\lib\index.js:53:34)
    at transformFile (C:\Users\DboxAdmin\skill_projects\expense-tracker\node_modules\@babel\core\lib\transformation\index.js:79:29)
    at transformFile.next (<anonymous>)
    at run (C:\Users\DboxAdmin\skill_projects\expense-tracker\node_modules\@babel\core\lib\transformation\index.js:25:12)
    at run.next (<anonymous>)
    at transform (C:\Users\DboxAdmin\skill_projects\expense-tracker\node_modules\@babel\core\lib\transform.js:22:33)
    at transform.next (<anonymous>)
    at evaluateSync (C:\Users\DboxAdmin\skill_projects\expense-tracker\node_modules\gensync\index.js:251:28)
    at sync (C:\Users\DboxAdmin\skill_projects\expense-tracker\node_modules\gensync\index.js:89:14)
    at stopHiding - secret - don't use this - v1 (C:\Users\DboxAdmin\skill_projects\expense-tracker\node_modules\@babel\core\lib\errors\rewrite-stack-trace.js:47:12)
    at Object.transformSync (C:\Users\DboxAdmin\skill_projects\expense-tracker\node_modules\@babel\core\lib\transform.js:40:76)
    at parseWithBabel (C:\Users\DboxAdmin\skill_projects\expense-tracker\node_modules\@expo\metro-config\build\transformSync.js:75:18)
    at transformSync (C:\Users\DboxAdmin\skill_projects\expense-tracker\node_modules\@expo\metro-config\build\transformSync.js:54:16)
    at Object.transform (C:\Users\DboxAdmin\skill_projects\expense-tracker\node_modules\@expo\metro-config\build\babel-transformer.js:146:58)
    at transformJSWithBabel (C:\Users\DboxAdmin\skill_projects\expense-tracker\node_modules\@expo\metro-config\build\transform-worker\metro-transform-worker.js:495:47)
    at Object.transform (C:\Users\DboxAdmin\skill_projects\expense-tracker\node_modules\@expo\metro-config\build\transform-worker\metro-transform-worker.js:614:12)
    at Object.transform (C:\Users\DboxAdmin\skill_projects\expense-tracker\node_modules\@expo\metro-config\build\transform-worker\transform-worker.js:179:19)
    at transformFile (C:\Users\DboxAdmin\skill_projects\expense-tracker\node_modules\metro\src\DeltaBundler\Worker.flow.js:67:36)
    at Object.transform (C:\Users\DboxAdmin\skill_projects\expense-tracker\node_modules\metro\src\DeltaBundler\Worker.flow.js:42:10)
    at execFunction (C:\Users\DboxAdmin\skill_projects\expense-tracker\node_modules\jest-worker\build\workers\threadChild.js:167:17)
    at execHelper (C:\Users\DboxAdmin\skill_projects\expense-tracker\node_modules\jest-worker\build\workers\threadChild.js:155:5)
    at execMethod (C:\Users\DboxAdmin\skill_projects\expense-tracker\node_modules\jest-worker\build\workers\threadChild.js:158:5)
    at MessagePort.messageListener (C:\Users\DboxAdmin\skill_projects\expense-tracker\node_modules\jest-worker\build\workers\threadChild.js:52:7)
    at [nodejs.internal.kHybridDispatch] (node:internal/event_target:848:20)
 ERROR  ReactCompilerError: Found 2 errors:

Todo: (BuildHIR::lowerStatement) Handle TryStatement with a finalizer ('finally') clause

  110 |     loadingMore.current = true;
  111 |
> 112 |     try {
      |     ^^^^^
> 113 |       const repository = new ExpenseRepository(await getDatabase());
      | ^^^^^^^^^^^^^^^^^^^^^^^^^^^^^^^^^^^^^^^^^^^^^^^^^^^^^^^^^^^^^^^^^^^^
> 114 |       const page = await repository.listRecent({ limit: EXPENSE_PAGE_SIZE, offset: 0 });
      | ^^^^^^^^^^^^^^^^^^^^^^^^^^^^^^^^^^^^^^^^^^^^^^^^^^^^^^^^^^^^^^^^^^^^
> 115 |
      | ^^^^^^^^^^^^^^^^^^^^^^^^^^^^^^^^^^^^^^^^^^^^^^^^^^^^^^^^^^^^^^^^^^^^
> 116 |       setRows(page.expenses);
      | ^^^^^^^^^^^^^^^^^^^^^^^^^^^^^^^^^^^^^^^^^^^^^^^^^^^^^^^^^^^^^^^^^^^^
> 117 |       setHasMore(page.hasMore);
      | ^^^^^^^^^^^^^^^^^^^^^^^^^^^^^^^^^^^^^^^^^^^^^^^^^^^^^^^^^^^^^^^^^^^^
> 118 |       setStatus('ready');
      | ^^^^^^^^^^^^^^^^^^^^^^^^^^^^^^^^^^^^^^^^^^^^^^^^^^^^^^^^^^^^^^^^^^^^
> 119 |     } catch (error) {
      | ^^^^^^^^^^^^^^^^^^^^^^^^^^^^^^^^^^^^^^^^^^^^^^^^^^^^^^^^^^^^^^^^^^^^
> 120 |       // Rows already on screen are left alone; only a first load with nothing to
      | ^^^^^^^^^^^^^^^^^^^^^^^^^^^^^^^^^^^^^^^^^^^^^^^^^^^^^^^^^^^^^^^^^^^^
> 121 |       // show replaces them with an error.
      | ^^^^^^^^^^^^^^^^^^^^^^^^^^^^^^^^^^^^^^^^^^^^^^^^^^^^^^^^^^^^^^^^^^^^
> 122 |       console.warn('[expenses] could not load the first page', error);
      | ^^^^^^^^^^^^^^^^^^^^^^^^^^^^^^^^^^^^^^^^^^^^^^^^^^^^^^^^^^^^^^^^^^^^
> 123 |
      | ^^^^^^^^^^^^^^^^^^^^^^^^^^^^^^^^^^^^^^^^^^^^^^^^^^^^^^^^^^^^^^^^^^^^
> 124 |       if (rows.length === 0) {
      | ^^^^^^^^^^^^^^^^^^^^^^^^^^^^^^^^^^^^^^^^^^^^^^^^^^^^^^^^^^^^^^^^^^^^
> 125 |         setStatus('error');
      | ^^^^^^^^^^^^^^^^^^^^^^^^^^^^^^^^^^^^^^^^^^^^^^^^^^^^^^^^^^^^^^^^^^^^
> 126 |       }
      | ^^^^^^^^^^^^^^^^^^^^^^^^^^^^^^^^^^^^^^^^^^^^^^^^^^^^^^^^^^^^^^^^^^^^
> 127 |     } finally {
      | ^^^^^^^^^^^^^^^^^^^^^^^^^^^^^^^^^^^^^^^^^^^^^^^^^^^^^^^^^^^^^^^^^^^^
> 128 |       loadingMore.current = false;
      | ^^^^^^^^^^^^^^^^^^^^^^^^^^^^^^^^^^^^^^^^^^^^^^^^^^^^^^^^^^^^^^^^^^^^
> 129 |     }
      | ^^^^^^ (BuildHIR::lowerStatement) Handle TryStatement with a finalizer ('finally') clause
  130 |   }, [rows.length]);
  131 |
  132 |   const loadNextPage = useCallback(async () => {

Todo: (BuildHIR::lowerStatement) Handle TryStatement with a finalizer ('finally') clause

  140 |     loadingMore.current = true;
  141 |
> 142 |     try {
      |     ^^^^^
> 143 |       const repository = new ExpenseRepository(await getDatabase());
      | ^^^^^^^^^^^^^^^^^^^^^^^^^^^^^^^^^^^^^^^^^^^^^^^^^^^^^^^^^^^^^^^^^^^^
> 144 |       const page = await repository.listRecent({
      | ^^^^^^^^^^^^^^^^^^^^^^^^^^^^^^^^^^^^^^^^^^^^^^^^^^^^^^^^^^^^^^^^^^^^
> 145 |         limit: EXPENSE_PAGE_SIZE,
      | ^^^^^^^^^^^^^^^^^^^^^^^^^^^^^^^^^^^^^^^^^^^^^^^^^^^^^^^^^^^^^^^^^^^^
> 146 |         // Read against the rows on screen, not against a separate counter that
      | ^^^^^^^^^^^^^^^^^^^^^^^^^^^^^^^^^^^^^^^^^^^^^^^^^^^^^^^^^^^^^^^^^^^^
> 147 |         // could drift from them.
      | ^^^^^^^^^^^^^^^^^^^^^^^^^^^^^^^^^^^^^^^^^^^^^^^^^^^^^^^^^^^^^^^^^^^^
> 148 |         offset: rows.length,
      | ^^^^^^^^^^^^^^^^^^^^^^^^^^^^^^^^^^^^^^^^^^^^^^^^^^^^^^^^^^^^^^^^^^^^
> 149 |       });
      | ^^^^^^^^^^^^^^^^^^^^^^^^^^^^^^^^^^^^^^^^^^^^^^^^^^^^^^^^^^^^^^^^^^^^
> 150 |
      | ^^^^^^^^^^^^^^^^^^^^^^^^^^^^^^^^^^^^^^^^^^^^^^^^^^^^^^^^^^^^^^^^^^^^
> 151 |       setHasMore(page.hasMore);
      | ^^^^^^^^^^^^^^^^^^^^^^^^^^^^^^^^^^^^^^^^^^^^^^^^^^^^^^^^^^^^^^^^^^^^
> 152 |
      | ^^^^^^^^^^^^^^^^^^^^^^^^^^^^^^^^^^^^^^^^^^^^^^^^^^^^^^^^^^^^^^^^^^^^
> 153 |       if (page.expenses.length > 0) {
      | ^^^^^^^^^^^^^^^^^^^^^^^^^^^^^^^^^^^^^^^^^^^^^^^^^^^^^^^^^^^^^^^^^^^^
> 154 |         // Append. These are the same row objects the query returned, so the
      | ^^^^^^^^^^^^^^^^^^^^^^^^^^^^^^^^^^^^^^^^^^^^^^^^^^^^^^^^^^^^^^^^^^^^
> 155 |         // rows already on screen keep their identity and do not re-render.
      | ^^^^^^^^^^^^^^^^^^^^^^^^^^^^^^^^^^^^^^^^^^^^^^^^^^^^^^^^^^^^^^^^^^^^
> 156 |         setRows((current) => [...current, ...page.expenses]);
      | ^^^^^^^^^^^^^^^^^^^^^^^^^^^^^^^^^^^^^^^^^^^^^^^^^^^^^^^^^^^^^^^^^^^^
> 157 |       }
      | ^^^^^^^^^^^^^^^^^^^^^^^^^^^^^^^^^^^^^^^^^^^^^^^^^^^^^^^^^^^^^^^^^^^^
> 158 |     } catch (error) {
      | ^^^^^^^^^^^^^^^^^^^^^^^^^^^^^^^^^^^^^^^^^^^^^^^^^^^^^^^^^^^^^^^^^^^^
> 159 |       /*
      | ^^^^^^^^^^^^^^^^^^^^^^^^^^^^^^^^^^^^^^^^^^^^^^^^^^^^^^^^^^^^^^^^^^^^
> 160 |         Stop paging rather than looping. A failure here leaves the offset where it
      | ^^^^^^^^^^^^^^^^^^^^^^^^^^^^^^^^^^^^^^^^^^^^^^^^^^^^^^^^^^^^^^^^^^^^
> 161 |         was, so the next scroll would ask for the same page again and keep
      | ^^^^^^^^^^^^^^^^^^^^^^^^^^^^^^^^^^^^^^^^^^^^^^^^^^^^^^^^^^^^^^^^^^^^
> 162 |         failing; clearing `hasMore` turns the footer into "End of history" and
      | ^^^^^^^^^^^^^^^^^^^^^^^^^^^^^^^^^^^^^^^^^^^^^^^^^^^^^^^^^^^^^^^^^^^^
> 163 |         leaves a working part of the list rather than an endless spinner.
      | ^^^^^^^^^^^^^^^^^^^^^^^^^^^^^^^^^^^^^^^^^^^^^^^^^^^^^^^^^^^^^^^^^^^^
> 164 |       */
      | ^^^^^^^^^^^^^^^^^^^^^^^^^^^^^^^^^^^^^^^^^^^^^^^^^^^^^^^^^^^^^^^^^^^^
> 165 |       console.warn('[expenses] could not load the next page', error);
      | ^^^^^^^^^^^^^^^^^^^^^^^^^^^^^^^^^^^^^^^^^^^^^^^^^^^^^^^^^^^^^^^^^^^^
> 166 |       setHasMore(false);
      | ^^^^^^^^^^^^^^^^^^^^^^^^^^^^^^^^^^^^^^^^^^^^^^^^^^^^^^^^^^^^^^^^^^^^
> 167 |     } finally {
      | ^^^^^^^^^^^^^^^^^^^^^^^^^^^^^^^^^^^^^^^^^^^^^^^^^^^^^^^^^^^^^^^^^^^^
> 168 |       loadingMore.current = false;
      | ^^^^^^^^^^^^^^^^^^^^^^^^^^^^^^^^^^^^^^^^^^^^^^^^^^^^^^^^^^^^^^^^^^^^
> 169 |     }
      | ^^^^^^ (BuildHIR::lowerStatement) Handle TryStatement with a finalizer ('finally') clause
  170 |   }, [hasMore, rows.length]);
  171 |
  172 |   /*
    at new HIRBuilder (C:\Users\DboxAdmin\skill_projects\expense-tracker\node_modules\babel-plugin-react-compiler\dist\index.js:76126:19)
    at lower (C:\Users\DboxAdmin\skill_projects\expense-tracker\node_modules\babel-plugin-react-compiler\dist\index.js:78097:19)
    at runWithEnvironment (C:\Users\DboxAdmin\skill_projects\expense-tracker\node_modules\babel-plugin-react-compiler\dist\index.js:106368:15)
    at run (C:\Users\DboxAdmin\skill_projects\expense-tracker\node_modules\babel-plugin-react-compiler\dist\index.js:106361:10)
    at compileFn (C:\Users\DboxAdmin\skill_projects\expense-tracker\node_modules\babel-plugin-react-compiler\dist\index.js:106689:10)
    at tryCompileFunction (C:\Users\DboxAdmin\skill_projects\expense-tracker\node_modules\babel-plugin-react-compiler\dist\index.js:107289:19)
    at processFn (C:\Users\DboxAdmin\skill_projects\expense-tracker\node_modules\babel-plugin-react-compiler\dist\index.js:107226:25)
    at compileProgram (C:\Users\DboxAdmin\skill_projects\expense-tracker\node_modules\babel-plugin-react-compiler\dist\index.js:107107:22)
    at PluginPass.enter (C:\Users\DboxAdmin\skill_projects\expense-tracker\node_modules\babel-plugin-react-compiler\dist\index.js:108443:28)
    at newFn (C:\Users\DboxAdmin\skill_projects\expense-tracker\node_modules\@babel\traverse\lib\visitors.js:168:14)
    at NodePath._call (C:\Users\DboxAdmin\skill_projects\expense-tracker\node_modules\@babel\traverse\lib\path\context.js:50:20)
    at NodePath.call (C:\Users\DboxAdmin\skill_projects\expense-tracker\node_modules\@babel\traverse\lib\path\context.js:40:18)
    at NodePath.visit (C:\Users\DboxAdmin\skill_projects\expense-tracker\node_modules\@babel\traverse\lib\path\context.js:87:31)
    at TraversalContext.visitQueue (C:\Users\DboxAdmin\skill_projects\expense-tracker\node_modules\@babel\traverse\lib\context.js:96:16)
    at TraversalContext.visitSingle (C:\Users\DboxAdmin\skill_projects\expense-tracker\node_modules\@babel\traverse\lib\context.js:72:19)
    at TraversalContext.visit (C:\Users\DboxAdmin\skill_projects\expense-tracker\node_modules\@babel\traverse\lib\context.js:119:19)
    at traverseNode (C:\Users\DboxAdmin\skill_projects\expense-tracker\node_modules\@babel\traverse\lib\traverse-node.js:130:17)
    at traverse (C:\Users\DboxAdmin\skill_projects\expense-tracker\node_modules\@babel\traverse\lib\index.js:53:34)
    at transformFile (C:\Users\DboxAdmin\skill_projects\expense-tracker\node_modules\@babel\core\lib\transformation\index.js:79:29)
    at transformFile.next (<anonymous>)
    at run (C:\Users\DboxAdmin\skill_projects\expense-tracker\node_modules\@babel\core\lib\transformation\index.js:25:12)
    at run.next (<anonymous>)
    at transform (C:\Users\DboxAdmin\skill_projects\expense-tracker\node_modules\@babel\core\lib\transform.js:22:33)
    at transform.next (<anonymous>)
    at evaluateSync (C:\Users\DboxAdmin\skill_projects\expense-tracker\node_modules\gensync\index.js:251:28)
    at sync (C:\Users\DboxAdmin\skill_projects\expense-tracker\node_modules\gensync\index.js:89:14)
    at stopHiding - secret - don't use this - v1 (C:\Users\DboxAdmin\skill_projects\expense-tracker\node_modules\@babel\core\lib\errors\rewrite-stack-trace.js:47:12)
    at Object.transformSync (C:\Users\DboxAdmin\skill_projects\expense-tracker\node_modules\@babel\core\lib\transform.js:40:76)
    at parseWithBabel (C:\Users\DboxAdmin\skill_projects\expense-tracker\node_modules\@expo\metro-config\build\transformSync.js:75:18)
    at transformSync (C:\Users\DboxAdmin\skill_projects\expense-tracker\node_modules\@expo\metro-config\build\transformSync.js:54:16)
    at Object.transform (C:\Users\DboxAdmin\skill_projects\expense-tracker\node_modules\@expo\metro-config\build\babel-transformer.js:146:58)
    at transformJSWithBabel (C:\Users\DboxAdmin\skill_projects\expense-tracker\node_modules\@expo\metro-config\build\transform-worker\metro-transform-worker.js:495:47)
    at Object.transform (C:\Users\DboxAdmin\skill_projects\expense-tracker\node_modules\@expo\metro-config\build\transform-worker\metro-transform-worker.js:614:12)
    at Object.transform (C:\Users\DboxAdmin\skill_projects\expense-tracker\node_modules\@expo\metro-config\build\transform-worker\transform-worker.js:179:19)
    at transformFile (C:\Users\DboxAdmin\skill_projects\expense-tracker\node_modules\metro\src\DeltaBundler\Worker.flow.js:67:36)
    at Object.transform (C:\Users\DboxAdmin\skill_projects\expense-tracker\node_modules\metro\src\DeltaBundler\Worker.flow.js:42:10)
    at execFunction (C:\Users\DboxAdmin\skill_projects\expense-tracker\node_modules\jest-worker\build\workers\threadChild.js:167:17)
    at execHelper (C:\Users\DboxAdmin\skill_projects\expense-tracker\node_modules\jest-worker\build\workers\threadChild.js:155:5)
    at execMethod (C:\Users\DboxAdmin\skill_projects\expense-tracker\node_modules\jest-worker\build\workers\threadChild.js:158:5)
    at MessagePort.messageListener (C:\Users\DboxAdmin\skill_projects\expense-tracker\node_modules\jest-worker\build\workers\threadChild.js:52:7)
    at [nodejs.internal.kHybridDispatch] (node:internal/event_target:848:20)
 ERROR  ReactCompilerError: Found 2 errors:

Todo: (BuildHIR::lowerStatement) Handle TryStatement with a finalizer ('finally') clause

  110 |     loadingMore.current = true;
  111 |
> 112 |     try {
      |     ^^^^^
> 113 |       const repository = new ExpenseRepository(await getDatabase());
      | ^^^^^^^^^^^^^^^^^^^^^^^^^^^^^^^^^^^^^^^^^^^^^^^^^^^^^^^^^^^^^^^^^^^^
> 114 |       const page = await repository.listRecent({ limit: EXPENSE_PAGE_SIZE, offset: 0 });
      | ^^^^^^^^^^^^^^^^^^^^^^^^^^^^^^^^^^^^^^^^^^^^^^^^^^^^^^^^^^^^^^^^^^^^
> 115 |
      | ^^^^^^^^^^^^^^^^^^^^^^^^^^^^^^^^^^^^^^^^^^^^^^^^^^^^^^^^^^^^^^^^^^^^
> 116 |       setRows(page.expenses);
      | ^^^^^^^^^^^^^^^^^^^^^^^^^^^^^^^^^^^^^^^^^^^^^^^^^^^^^^^^^^^^^^^^^^^^
> 117 |       setHasMore(page.hasMore);
      | ^^^^^^^^^^^^^^^^^^^^^^^^^^^^^^^^^^^^^^^^^^^^^^^^^^^^^^^^^^^^^^^^^^^^
> 118 |       setStatus('ready');
      | ^^^^^^^^^^^^^^^^^^^^^^^^^^^^^^^^^^^^^^^^^^^^^^^^^^^^^^^^^^^^^^^^^^^^
> 119 |     } catch (error) {
      | ^^^^^^^^^^^^^^^^^^^^^^^^^^^^^^^^^^^^^^^^^^^^^^^^^^^^^^^^^^^^^^^^^^^^
> 120 |       // Rows already on screen are left alone; only a first load with nothing to
      | ^^^^^^^^^^^^^^^^^^^^^^^^^^^^^^^^^^^^^^^^^^^^^^^^^^^^^^^^^^^^^^^^^^^^
> 121 |       // show replaces them with an error.
      | ^^^^^^^^^^^^^^^^^^^^^^^^^^^^^^^^^^^^^^^^^^^^^^^^^^^^^^^^^^^^^^^^^^^^
> 122 |       console.warn('[expenses] could not load the first page', error);
      | ^^^^^^^^^^^^^^^^^^^^^^^^^^^^^^^^^^^^^^^^^^^^^^^^^^^^^^^^^^^^^^^^^^^^
> 123 |
      | ^^^^^^^^^^^^^^^^^^^^^^^^^^^^^^^^^^^^^^^^^^^^^^^^^^^^^^^^^^^^^^^^^^^^
> 124 |       if (rows.length === 0) {
      | ^^^^^^^^^^^^^^^^^^^^^^^^^^^^^^^^^^^^^^^^^^^^^^^^^^^^^^^^^^^^^^^^^^^^
> 125 |         setStatus('error');
      | ^^^^^^^^^^^^^^^^^^^^^^^^^^^^^^^^^^^^^^^^^^^^^^^^^^^^^^^^^^^^^^^^^^^^
> 126 |       }
      | ^^^^^^^^^^^^^^^^^^^^^^^^^^^^^^^^^^^^^^^^^^^^^^^^^^^^^^^^^^^^^^^^^^^^
> 127 |     } finally {
      | ^^^^^^^^^^^^^^^^^^^^^^^^^^^^^^^^^^^^^^^^^^^^^^^^^^^^^^^^^^^^^^^^^^^^
> 128 |       loadingMore.current = false;
      | ^^^^^^^^^^^^^^^^^^^^^^^^^^^^^^^^^^^^^^^^^^^^^^^^^^^^^^^^^^^^^^^^^^^^
> 129 |     }
      | ^^^^^^ (BuildHIR::lowerStatement) Handle TryStatement with a finalizer ('finally') clause
  130 |   }, [rows.length]);
  131 |
  132 |   const loadNextPage = useCallback(async () => {

Todo: (BuildHIR::lowerStatement) Handle TryStatement with a finalizer ('finally') clause

  140 |     loadingMore.current = true;
  141 |
> 142 |     try {
      |     ^^^^^
> 143 |       const repository = new ExpenseRepository(await getDatabase());
      | ^^^^^^^^^^^^^^^^^^^^^^^^^^^^^^^^^^^^^^^^^^^^^^^^^^^^^^^^^^^^^^^^^^^^
> 144 |       const page = await repository.listRecent({
      | ^^^^^^^^^^^^^^^^^^^^^^^^^^^^^^^^^^^^^^^^^^^^^^^^^^^^^^^^^^^^^^^^^^^^
> 145 |         limit: EXPENSE_PAGE_SIZE,
      | ^^^^^^^^^^^^^^^^^^^^^^^^^^^^^^^^^^^^^^^^^^^^^^^^^^^^^^^^^^^^^^^^^^^^
> 146 |         // Read against the rows on screen, not against a separate counter that
      | ^^^^^^^^^^^^^^^^^^^^^^^^^^^^^^^^^^^^^^^^^^^^^^^^^^^^^^^^^^^^^^^^^^^^
> 147 |         // could drift from them.
      | ^^^^^^^^^^^^^^^^^^^^^^^^^^^^^^^^^^^^^^^^^^^^^^^^^^^^^^^^^^^^^^^^^^^^
> 148 |         offset: rows.length,
      | ^^^^^^^^^^^^^^^^^^^^^^^^^^^^^^^^^^^^^^^^^^^^^^^^^^^^^^^^^^^^^^^^^^^^
> 149 |       });
      | ^^^^^^^^^^^^^^^^^^^^^^^^^^^^^^^^^^^^^^^^^^^^^^^^^^^^^^^^^^^^^^^^^^^^
> 150 |
      | ^^^^^^^^^^^^^^^^^^^^^^^^^^^^^^^^^^^^^^^^^^^^^^^^^^^^^^^^^^^^^^^^^^^^
> 151 |       setHasMore(page.hasMore);
      | ^^^^^^^^^^^^^^^^^^^^^^^^^^^^^^^^^^^^^^^^^^^^^^^^^^^^^^^^^^^^^^^^^^^^
> 152 |
      | ^^^^^^^^^^^^^^^^^^^^^^^^^^^^^^^^^^^^^^^^^^^^^^^^^^^^^^^^^^^^^^^^^^^^
> 153 |       if (page.expenses.length > 0) {
      | ^^^^^^^^^^^^^^^^^^^^^^^^^^^^^^^^^^^^^^^^^^^^^^^^^^^^^^^^^^^^^^^^^^^^
> 154 |         // Append. These are the same row objects the query returned, so the
      | ^^^^^^^^^^^^^^^^^^^^^^^^^^^^^^^^^^^^^^^^^^^^^^^^^^^^^^^^^^^^^^^^^^^^
> 155 |         // rows already on screen keep their identity and do not re-render.
      | ^^^^^^^^^^^^^^^^^^^^^^^^^^^^^^^^^^^^^^^^^^^^^^^^^^^^^^^^^^^^^^^^^^^^
> 156 |         setRows((current) => [...current, ...page.expenses]);
      | ^^^^^^^^^^^^^^^^^^^^^^^^^^^^^^^^^^^^^^^^^^^^^^^^^^^^^^^^^^^^^^^^^^^^
> 157 |       }
      | ^^^^^^^^^^^^^^^^^^^^^^^^^^^^^^^^^^^^^^^^^^^^^^^^^^^^^^^^^^^^^^^^^^^^
> 158 |     } catch (error) {
      | ^^^^^^^^^^^^^^^^^^^^^^^^^^^^^^^^^^^^^^^^^^^^^^^^^^^^^^^^^^^^^^^^^^^^
> 159 |       /*
      | ^^^^^^^^^^^^^^^^^^^^^^^^^^^^^^^^^^^^^^^^^^^^^^^^^^^^^^^^^^^^^^^^^^^^
> 160 |         Stop paging rather than looping. A failure here leaves the offset where it
      | ^^^^^^^^^^^^^^^^^^^^^^^^^^^^^^^^^^^^^^^^^^^^^^^^^^^^^^^^^^^^^^^^^^^^
> 161 |         was, so the next scroll would ask for the same page again and keep
      | ^^^^^^^^^^^^^^^^^^^^^^^^^^^^^^^^^^^^^^^^^^^^^^^^^^^^^^^^^^^^^^^^^^^^
> 162 |         failing; clearing `hasMore` turns the footer into "End of history" and
      | ^^^^^^^^^^^^^^^^^^^^^^^^^^^^^^^^^^^^^^^^^^^^^^^^^^^^^^^^^^^^^^^^^^^^
> 163 |         leaves a working part of the list rather than an endless spinner.
      | ^^^^^^^^^^^^^^^^^^^^^^^^^^^^^^^^^^^^^^^^^^^^^^^^^^^^^^^^^^^^^^^^^^^^
> 164 |       */
      | ^^^^^^^^^^^^^^^^^^^^^^^^^^^^^^^^^^^^^^^^^^^^^^^^^^^^^^^^^^^^^^^^^^^^
> 165 |       console.warn('[expenses] could not load the next page', error);
      | ^^^^^^^^^^^^^^^^^^^^^^^^^^^^^^^^^^^^^^^^^^^^^^^^^^^^^^^^^^^^^^^^^^^^
> 166 |       setHasMore(false);
      | ^^^^^^^^^^^^^^^^^^^^^^^^^^^^^^^^^^^^^^^^^^^^^^^^^^^^^^^^^^^^^^^^^^^^
> 167 |     } finally {
      | ^^^^^^^^^^^^^^^^^^^^^^^^^^^^^^^^^^^^^^^^^^^^^^^^^^^^^^^^^^^^^^^^^^^^
> 168 |       loadingMore.current = false;
      | ^^^^^^^^^^^^^^^^^^^^^^^^^^^^^^^^^^^^^^^^^^^^^^^^^^^^^^^^^^^^^^^^^^^^
> 169 |     }
      | ^^^^^^ (BuildHIR::lowerStatement) Handle TryStatement with a finalizer ('finally') clause
  170 |   }, [hasMore, rows.length]);
  171 |
  172 |   /*
    at new HIRBuilder (C:\Users\DboxAdmin\skill_projects\expense-tracker\node_modules\babel-plugin-react-compiler\dist\index.js:76126:19)
    at lower (C:\Users\DboxAdmin\skill_projects\expense-tracker\node_modules\babel-plugin-react-compiler\dist\index.js:78097:19)
    at runWithEnvironment (C:\Users\DboxAdmin\skill_projects\expense-tracker\node_modules\babel-plugin-react-compiler\dist\index.js:106368:15)
    at run (C:\Users\DboxAdmin\skill_projects\expense-tracker\node_modules\babel-plugin-react-compiler\dist\index.js:106361:10)
    at compileFn (C:\Users\DboxAdmin\skill_projects\expense-tracker\node_modules\babel-plugin-react-compiler\dist\index.js:106689:10)
    at tryCompileFunction (C:\Users\DboxAdmin\skill_projects\expense-tracker\node_modules\babel-plugin-react-compiler\dist\index.js:107289:19)
    at processFn (C:\Users\DboxAdmin\skill_projects\expense-tracker\node_modules\babel-plugin-react-compiler\dist\index.js:107226:25)
    at compileProgram (C:\Users\DboxAdmin\skill_projects\expense-tracker\node_modules\babel-plugin-react-compiler\dist\index.js:107107:22)
    at PluginPass.enter (C:\Users\DboxAdmin\skill_projects\expense-tracker\node_modules\babel-plugin-react-compiler\dist\index.js:108443:28)
    at newFn (C:\Users\DboxAdmin\skill_projects\expense-tracker\node_modules\@babel\traverse\lib\visitors.js:168:14)
    at NodePath._call (C:\Users\DboxAdmin\skill_projects\expense-tracker\node_modules\@babel\traverse\lib\path\context.js:50:20)
    at NodePath.call (C:\Users\DboxAdmin\skill_projects\expense-tracker\node_modules\@babel\traverse\lib\path\context.js:40:18)
    at NodePath.visit (C:\Users\DboxAdmin\skill_projects\expense-tracker\node_modules\@babel\traverse\lib\path\context.js:87:31)
    at TraversalContext.visitQueue (C:\Users\DboxAdmin\skill_projects\expense-tracker\node_modules\@babel\traverse\lib\context.js:96:16)
    at TraversalContext.visitSingle (C:\Users\DboxAdmin\skill_projects\expense-tracker\node_modules\@babel\traverse\lib\context.js:72:19)
    at TraversalContext.visit (C:\Users\DboxAdmin\skill_projects\expense-tracker\node_modules\@babel\traverse\lib\context.js:119:19)
    at traverseNode (C:\Users\DboxAdmin\skill_projects\expense-tracker\node_modules\@babel\traverse\lib\traverse-node.js:130:17)
    at traverse (C:\Users\DboxAdmin\skill_projects\expense-tracker\node_modules\@babel\traverse\lib\index.js:53:34)
    at transformFile (C:\Users\DboxAdmin\skill_projects\expense-tracker\node_modules\@babel\core\lib\transformation\index.js:79:29)
    at transformFile.next (<anonymous>)
    at run (C:\Users\DboxAdmin\skill_projects\expense-tracker\node_modules\@babel\core\lib\transformation\index.js:25:12)
    at run.next (<anonymous>)
    at transform (C:\Users\DboxAdmin\skill_projects\expense-tracker\node_modules\@babel\core\lib\transform.js:22:33)
    at transform.next (<anonymous>)
    at evaluateSync (C:\Users\DboxAdmin\skill_projects\expense-tracker\node_modules\gensync\index.js:251:28)
    at sync (C:\Users\DboxAdmin\skill_projects\expense-tracker\node_modules\gensync\index.js:89:14)
    at stopHiding - secret - don't use this - v1 (C:\Users\DboxAdmin\skill_projects\expense-tracker\node_modules\@babel\core\lib\errors\rewrite-stack-trace.js:47:12)
    at Object.transformSync (C:\Users\DboxAdmin\skill_projects\expense-tracker\node_modules\@babel\core\lib\transform.js:40:76)
    at parseWithBabel (C:\Users\DboxAdmin\skill_projects\expense-tracker\node_modules\@expo\metro-config\build\transformSync.js:75:18)
    at transformSync (C:\Users\DboxAdmin\skill_projects\expense-tracker\node_modules\@expo\metro-config\build\transformSync.js:54:16)
    at Object.transform (C:\Users\DboxAdmin\skill_projects\expense-tracker\node_modules\@expo\metro-config\build\babel-transformer.js:146:58)
    at transformJSWithBabel (C:\Users\DboxAdmin\skill_projects\expense-tracker\node_modules\@expo\metro-config\build\transform-worker\metro-transform-worker.js:495:47)
    at Object.transform (C:\Users\DboxAdmin\skill_projects\expense-tracker\node_modules\@expo\metro-config\build\transform-worker\metro-transform-worker.js:614:12)
    at Object.transform (C:\Users\DboxAdmin\skill_projects\expense-tracker\node_modules\@expo\metro-config\build\transform-worker\transform-worker.js:179:19)
    at transformFile (C:\Users\DboxAdmin\skill_projects\expense-tracker\node_modules\metro\src\DeltaBundler\Worker.flow.js:67:36)
    at Object.transform (C:\Users\DboxAdmin\skill_projects\expense-tracker\node_modules\metro\src\DeltaBundler\Worker.flow.js:42:10)
    at execFunction (C:\Users\DboxAdmin\skill_projects\expense-tracker\node_modules\jest-worker\build\workers\threadChild.js:167:17)
    at execHelper (C:\Users\DboxAdmin\skill_projects\expense-tracker\node_modules\jest-worker\build\workers\threadChild.js:155:5)
    at execMethod (C:\Users\DboxAdmin\skill_projects\expense-tracker\node_modules\jest-worker\build\workers\threadChild.js:158:5)
    at MessagePort.messageListener (C:\Users\DboxAdmin\skill_projects\expense-tracker\node_modules\jest-worker\build\workers\threadChild.js:52:7)
    at [nodejs.internal.kHybridDispatch] (node:internal/event_target:848:20)
 ERROR  ReactCompilerError: Found 2 errors:

Todo: (BuildHIR::lowerStatement) Handle TryStatement with a finalizer ('finally') clause

  110 |     loadingMore.current = true;
  111 |
> 112 |     try {
      |     ^^^^^
> 113 |       const repository = new ExpenseRepository(await getDatabase());
      | ^^^^^^^^^^^^^^^^^^^^^^^^^^^^^^^^^^^^^^^^^^^^^^^^^^^^^^^^^^^^^^^^^^^^
> 114 |       const page = await repository.listRecent({ limit: EXPENSE_PAGE_SIZE, offset: 0 });
      | ^^^^^^^^^^^^^^^^^^^^^^^^^^^^^^^^^^^^^^^^^^^^^^^^^^^^^^^^^^^^^^^^^^^^
> 115 |
      | ^^^^^^^^^^^^^^^^^^^^^^^^^^^^^^^^^^^^^^^^^^^^^^^^^^^^^^^^^^^^^^^^^^^^
> 116 |       setRows(page.expenses);
      | ^^^^^^^^^^^^^^^^^^^^^^^^^^^^^^^^^^^^^^^^^^^^^^^^^^^^^^^^^^^^^^^^^^^^
> 117 |       setHasMore(page.hasMore);
      | ^^^^^^^^^^^^^^^^^^^^^^^^^^^^^^^^^^^^^^^^^^^^^^^^^^^^^^^^^^^^^^^^^^^^
> 118 |       setStatus('ready');
      | ^^^^^^^^^^^^^^^^^^^^^^^^^^^^^^^^^^^^^^^^^^^^^^^^^^^^^^^^^^^^^^^^^^^^
> 119 |     } catch (error) {
      | ^^^^^^^^^^^^^^^^^^^^^^^^^^^^^^^^^^^^^^^^^^^^^^^^^^^^^^^^^^^^^^^^^^^^
> 120 |       // Rows already on screen are left alone; only a first load with nothing to
      | ^^^^^^^^^^^^^^^^^^^^^^^^^^^^^^^^^^^^^^^^^^^^^^^^^^^^^^^^^^^^^^^^^^^^
> 121 |       // show replaces them with an error.
      | ^^^^^^^^^^^^^^^^^^^^^^^^^^^^^^^^^^^^^^^^^^^^^^^^^^^^^^^^^^^^^^^^^^^^
> 122 |       console.warn('[expenses] could not load the first page', error);
      | ^^^^^^^^^^^^^^^^^^^^^^^^^^^^^^^^^^^^^^^^^^^^^^^^^^^^^^^^^^^^^^^^^^^^
> 123 |
      | ^^^^^^^^^^^^^^^^^^^^^^^^^^^^^^^^^^^^^^^^^^^^^^^^^^^^^^^^^^^^^^^^^^^^
> 124 |       if (rows.length === 0) {
      | ^^^^^^^^^^^^^^^^^^^^^^^^^^^^^^^^^^^^^^^^^^^^^^^^^^^^^^^^^^^^^^^^^^^^
> 125 |         setStatus('error');
      | ^^^^^^^^^^^^^^^^^^^^^^^^^^^^^^^^^^^^^^^^^^^^^^^^^^^^^^^^^^^^^^^^^^^^
> 126 |       }
      | ^^^^^^^^^^^^^^^^^^^^^^^^^^^^^^^^^^^^^^^^^^^^^^^^^^^^^^^^^^^^^^^^^^^^
> 127 |     } finally {
      | ^^^^^^^^^^^^^^^^^^^^^^^^^^^^^^^^^^^^^^^^^^^^^^^^^^^^^^^^^^^^^^^^^^^^
> 128 |       loadingMore.current = false;
      | ^^^^^^^^^^^^^^^^^^^^^^^^^^^^^^^^^^^^^^^^^^^^^^^^^^^^^^^^^^^^^^^^^^^^
> 129 |     }
      | ^^^^^^ (BuildHIR::lowerStatement) Handle TryStatement with a finalizer ('finally') clause
  130 |   }, [rows.length]);
  131 |
  132 |   const loadNextPage = useCallback(async () => {

Todo: (BuildHIR::lowerStatement) Handle TryStatement with a finalizer ('finally') clause

  140 |     loadingMore.current = true;
  141 |
> 142 |     try {
      |     ^^^^^
> 143 |       const repository = new ExpenseRepository(await getDatabase());
      | ^^^^^^^^^^^^^^^^^^^^^^^^^^^^^^^^^^^^^^^^^^^^^^^^^^^^^^^^^^^^^^^^^^^^
> 144 |       const page = await repository.listRecent({
      | ^^^^^^^^^^^^^^^^^^^^^^^^^^^^^^^^^^^^^^^^^^^^^^^^^^^^^^^^^^^^^^^^^^^^
> 145 |         limit: EXPENSE_PAGE_SIZE,
      | ^^^^^^^^^^^^^^^^^^^^^^^^^^^^^^^^^^^^^^^^^^^^^^^^^^^^^^^^^^^^^^^^^^^^
> 146 |         // Read against the rows on screen, not against a separate counter that
      | ^^^^^^^^^^^^^^^^^^^^^^^^^^^^^^^^^^^^^^^^^^^^^^^^^^^^^^^^^^^^^^^^^^^^
> 147 |         // could drift from them.
      | ^^^^^^^^^^^^^^^^^^^^^^^^^^^^^^^^^^^^^^^^^^^^^^^^^^^^^^^^^^^^^^^^^^^^
> 148 |         offset: rows.length,
      | ^^^^^^^^^^^^^^^^^^^^^^^^^^^^^^^^^^^^^^^^^^^^^^^^^^^^^^^^^^^^^^^^^^^^
> 149 |       });
      | ^^^^^^^^^^^^^^^^^^^^^^^^^^^^^^^^^^^^^^^^^^^^^^^^^^^^^^^^^^^^^^^^^^^^
> 150 |
      | ^^^^^^^^^^^^^^^^^^^^^^^^^^^^^^^^^^^^^^^^^^^^^^^^^^^^^^^^^^^^^^^^^^^^
> 151 |       setHasMore(page.hasMore);
      | ^^^^^^^^^^^^^^^^^^^^^^^^^^^^^^^^^^^^^^^^^^^^^^^^^^^^^^^^^^^^^^^^^^^^
> 152 |
      | ^^^^^^^^^^^^^^^^^^^^^^^^^^^^^^^^^^^^^^^^^^^^^^^^^^^^^^^^^^^^^^^^^^^^
> 153 |       if (page.expenses.length > 0) {
      | ^^^^^^^^^^^^^^^^^^^^^^^^^^^^^^^^^^^^^^^^^^^^^^^^^^^^^^^^^^^^^^^^^^^^
> 154 |         // Append. These are the same row objects the query returned, so the
      | ^^^^^^^^^^^^^^^^^^^^^^^^^^^^^^^^^^^^^^^^^^^^^^^^^^^^^^^^^^^^^^^^^^^^
> 155 |         // rows already on screen keep their identity and do not re-render.
      | ^^^^^^^^^^^^^^^^^^^^^^^^^^^^^^^^^^^^^^^^^^^^^^^^^^^^^^^^^^^^^^^^^^^^
> 156 |         setRows((current) => [...current, ...page.expenses]);
      | ^^^^^^^^^^^^^^^^^^^^^^^^^^^^^^^^^^^^^^^^^^^^^^^^^^^^^^^^^^^^^^^^^^^^
> 157 |       }
      | ^^^^^^^^^^^^^^^^^^^^^^^^^^^^^^^^^^^^^^^^^^^^^^^^^^^^^^^^^^^^^^^^^^^^
> 158 |     } catch (error) {
      | ^^^^^^^^^^^^^^^^^^^^^^^^^^^^^^^^^^^^^^^^^^^^^^^^^^^^^^^^^^^^^^^^^^^^
> 159 |       /*
      | ^^^^^^^^^^^^^^^^^^^^^^^^^^^^^^^^^^^^^^^^^^^^^^^^^^^^^^^^^^^^^^^^^^^^
> 160 |         Stop paging rather than looping. A failure here leaves the offset where it
      | ^^^^^^^^^^^^^^^^^^^^^^^^^^^^^^^^^^^^^^^^^^^^^^^^^^^^^^^^^^^^^^^^^^^^
> 161 |         was, so the next scroll would ask for the same page again and keep
      | ^^^^^^^^^^^^^^^^^^^^^^^^^^^^^^^^^^^^^^^^^^^^^^^^^^^^^^^^^^^^^^^^^^^^
> 162 |         failing; clearing `hasMore` turns the footer into "End of history" and
      | ^^^^^^^^^^^^^^^^^^^^^^^^^^^^^^^^^^^^^^^^^^^^^^^^^^^^^^^^^^^^^^^^^^^^
> 163 |         leaves a working part of the list rather than an endless spinner.
      | ^^^^^^^^^^^^^^^^^^^^^^^^^^^^^^^^^^^^^^^^^^^^^^^^^^^^^^^^^^^^^^^^^^^^
> 164 |       */
      | ^^^^^^^^^^^^^^^^^^^^^^^^^^^^^^^^^^^^^^^^^^^^^^^^^^^^^^^^^^^^^^^^^^^^
> 165 |       console.warn('[expenses] could not load the next page', error);
      | ^^^^^^^^^^^^^^^^^^^^^^^^^^^^^^^^^^^^^^^^^^^^^^^^^^^^^^^^^^^^^^^^^^^^
> 166 |       setHasMore(false);
      | ^^^^^^^^^^^^^^^^^^^^^^^^^^^^^^^^^^^^^^^^^^^^^^^^^^^^^^^^^^^^^^^^^^^^
> 167 |     } finally {
      | ^^^^^^^^^^^^^^^^^^^^^^^^^^^^^^^^^^^^^^^^^^^^^^^^^^^^^^^^^^^^^^^^^^^^
> 168 |       loadingMore.current = false;
      | ^^^^^^^^^^^^^^^^^^^^^^^^^^^^^^^^^^^^^^^^^^^^^^^^^^^^^^^^^^^^^^^^^^^^
> 169 |     }
      | ^^^^^^ (BuildHIR::lowerStatement) Handle TryStatement with a finalizer ('finally') clause
  170 |   }, [hasMore, rows.length]);
  171 |
  172 |   /*
    at new HIRBuilder (C:\Users\DboxAdmin\skill_projects\expense-tracker\node_modules\babel-plugin-react-compiler\dist\index.js:76126:19)
    at lower (C:\Users\DboxAdmin\skill_projects\expense-tracker\node_modules\babel-plugin-react-compiler\dist\index.js:78097:19)
    at runWithEnvironment (C:\Users\DboxAdmin\skill_projects\expense-tracker\node_modules\babel-plugin-react-compiler\dist\index.js:106368:15)
    at run (C:\Users\DboxAdmin\skill_projects\expense-tracker\node_modules\babel-plugin-react-compiler\dist\index.js:106361:10)
    at compileFn (C:\Users\DboxAdmin\skill_projects\expense-tracker\node_modules\babel-plugin-react-compiler\dist\index.js:106689:10)
    at tryCompileFunction (C:\Users\DboxAdmin\skill_projects\expense-tracker\node_modules\babel-plugin-react-compiler\dist\index.js:107289:19)
    at processFn (C:\Users\DboxAdmin\skill_projects\expense-tracker\node_modules\babel-plugin-react-compiler\dist\index.js:107226:25)
    at compileProgram (C:\Users\DboxAdmin\skill_projects\expense-tracker\node_modules\babel-plugin-react-compiler\dist\index.js:107107:22)
    at PluginPass.enter (C:\Users\DboxAdmin\skill_projects\expense-tracker\node_modules\babel-plugin-react-compiler\dist\index.js:108443:28)
    at newFn (C:\Users\DboxAdmin\skill_projects\expense-tracker\node_modules\@babel\traverse\lib\visitors.js:168:14)
    at NodePath._call (C:\Users\DboxAdmin\skill_projects\expense-tracker\node_modules\@babel\traverse\lib\path\context.js:50:20)
    at NodePath.call (C:\Users\DboxAdmin\skill_projects\expense-tracker\node_modules\@babel\traverse\lib\path\context.js:40:18)
    at NodePath.visit (C:\Users\DboxAdmin\skill_projects\expense-tracker\node_modules\@babel\traverse\lib\path\context.js:87:31)
    at TraversalContext.visitQueue (C:\Users\DboxAdmin\skill_projects\expense-tracker\node_modules\@babel\traverse\lib\context.js:96:16)
    at TraversalContext.visitSingle (C:\Users\DboxAdmin\skill_projects\expense-tracker\node_modules\@babel\traverse\lib\context.js:72:19)
    at TraversalContext.visit (C:\Users\DboxAdmin\skill_projects\expense-tracker\node_modules\@babel\traverse\lib\context.js:119:19)
    at traverseNode (C:\Users\DboxAdmin\skill_projects\expense-tracker\node_modules\@babel\traverse\lib\traverse-node.js:130:17)
    at traverse (C:\Users\DboxAdmin\skill_projects\expense-tracker\node_modules\@babel\traverse\lib\index.js:53:34)
    at transformFile (C:\Users\DboxAdmin\skill_projects\expense-tracker\node_modules\@babel\core\lib\transformation\index.js:79:29)
    at transformFile.next (<anonymous>)
    at run (C:\Users\DboxAdmin\skill_projects\expense-tracker\node_modules\@babel\core\lib\transformation\index.js:25:12)
    at run.next (<anonymous>)
    at transform (C:\Users\DboxAdmin\skill_projects\expense-tracker\node_modules\@babel\core\lib\transform.js:22:33)
    at transform.next (<anonymous>)
    at evaluateSync (C:\Users\DboxAdmin\skill_projects\expense-tracker\node_modules\gensync\index.js:251:28)
    at sync (C:\Users\DboxAdmin\skill_projects\expense-tracker\node_modules\gensync\index.js:89:14)
    at stopHiding - secret - don't use this - v1 (C:\Users\DboxAdmin\skill_projects\expense-tracker\node_modules\@babel\core\lib\errors\rewrite-stack-trace.js:47:12)
    at Object.transformSync (C:\Users\DboxAdmin\skill_projects\expense-tracker\node_modules\@babel\core\lib\transform.js:40:76)
    at parseWithBabel (C:\Users\DboxAdmin\skill_projects\expense-tracker\node_modules\@expo\metro-config\build\transformSync.js:75:18)
    at transformSync (C:\Users\DboxAdmin\skill_projects\expense-tracker\node_modules\@expo\metro-config\build\transformSync.js:54:16)
    at Object.transform (C:\Users\DboxAdmin\skill_projects\expense-tracker\node_modules\@expo\metro-config\build\babel-transformer.js:146:58)
    at transformJSWithBabel (C:\Users\DboxAdmin\skill_projects\expense-tracker\node_modules\@expo\metro-config\build\transform-worker\metro-transform-worker.js:495:47)
    at Object.transform (C:\Users\DboxAdmin\skill_projects\expense-tracker\node_modules\@expo\metro-config\build\transform-worker\metro-transform-worker.js:614:12)
    at Object.transform (C:\Users\DboxAdmin\skill_projects\expense-tracker\node_modules\@expo\metro-config\build\transform-worker\transform-worker.js:179:19)
    at transformFile (C:\Users\DboxAdmin\skill_projects\expense-tracker\node_modules\metro\src\DeltaBundler\Worker.flow.js:67:36)
    at Object.transform (C:\Users\DboxAdmin\skill_projects\expense-tracker\node_modules\metro\src\DeltaBundler\Worker.flow.js:42:10)
    at execFunction (C:\Users\DboxAdmin\skill_projects\expense-tracker\node_modules\jest-worker\build\workers\threadChild.js:167:17)
    at execHelper (C:\Users\DboxAdmin\skill_projects\expense-tracker\node_modules\jest-worker\build\workers\threadChild.js:155:5)
    at execMethod (C:\Users\DboxAdmin\skill_projects\expense-tracker\node_modules\jest-worker\build\workers\threadChild.js:158:5)
    at MessagePort.messageListener (C:\Users\DboxAdmin\skill_projects\expense-tracker\node_modules\jest-worker\build\workers\threadChild.js:52:7)
    at [nodejs.internal.kHybridDispatch] (node:internal/event_target:848:20)
 ERROR  ReactCompilerError: Found 2 errors:

Todo: (BuildHIR::lowerStatement) Handle TryStatement with a finalizer ('finally') clause

  110 |     loadingMore.current = true;
  111 |
> 112 |     try {
      |     ^^^^^
> 113 |       const repository = new ExpenseRepository(await getDatabase());
      | ^^^^^^^^^^^^^^^^^^^^^^^^^^^^^^^^^^^^^^^^^^^^^^^^^^^^^^^^^^^^^^^^^^^^
> 114 |       const page = await repository.listRecent({ limit: EXPENSE_PAGE_SIZE, offset: 0 });
      | ^^^^^^^^^^^^^^^^^^^^^^^^^^^^^^^^^^^^^^^^^^^^^^^^^^^^^^^^^^^^^^^^^^^^
> 115 |
      | ^^^^^^^^^^^^^^^^^^^^^^^^^^^^^^^^^^^^^^^^^^^^^^^^^^^^^^^^^^^^^^^^^^^^
> 116 |       setRows(page.expenses);
      | ^^^^^^^^^^^^^^^^^^^^^^^^^^^^^^^^^^^^^^^^^^^^^^^^^^^^^^^^^^^^^^^^^^^^
> 117 |       setHasMore(page.hasMore);
      | ^^^^^^^^^^^^^^^^^^^^^^^^^^^^^^^^^^^^^^^^^^^^^^^^^^^^^^^^^^^^^^^^^^^^
> 118 |       setStatus('ready');
      | ^^^^^^^^^^^^^^^^^^^^^^^^^^^^^^^^^^^^^^^^^^^^^^^^^^^^^^^^^^^^^^^^^^^^
> 119 |     } catch (error) {
      | ^^^^^^^^^^^^^^^^^^^^^^^^^^^^^^^^^^^^^^^^^^^^^^^^^^^^^^^^^^^^^^^^^^^^
> 120 |       // Rows already on screen are left alone; only a first load with nothing to
      | ^^^^^^^^^^^^^^^^^^^^^^^^^^^^^^^^^^^^^^^^^^^^^^^^^^^^^^^^^^^^^^^^^^^^
> 121 |       // show replaces them with an error.
      | ^^^^^^^^^^^^^^^^^^^^^^^^^^^^^^^^^^^^^^^^^^^^^^^^^^^^^^^^^^^^^^^^^^^^
> 122 |       console.warn('[expenses] could not load the first page', error);
      | ^^^^^^^^^^^^^^^^^^^^^^^^^^^^^^^^^^^^^^^^^^^^^^^^^^^^^^^^^^^^^^^^^^^^
> 123 |
      | ^^^^^^^^^^^^^^^^^^^^^^^^^^^^^^^^^^^^^^^^^^^^^^^^^^^^^^^^^^^^^^^^^^^^
> 124 |       if (rows.length === 0) {
      | ^^^^^^^^^^^^^^^^^^^^^^^^^^^^^^^^^^^^^^^^^^^^^^^^^^^^^^^^^^^^^^^^^^^^
> 125 |         setStatus('error');
      | ^^^^^^^^^^^^^^^^^^^^^^^^^^^^^^^^^^^^^^^^^^^^^^^^^^^^^^^^^^^^^^^^^^^^
> 126 |       }
      | ^^^^^^^^^^^^^^^^^^^^^^^^^^^^^^^^^^^^^^^^^^^^^^^^^^^^^^^^^^^^^^^^^^^^
> 127 |     } finally {
      | ^^^^^^^^^^^^^^^^^^^^^^^^^^^^^^^^^^^^^^^^^^^^^^^^^^^^^^^^^^^^^^^^^^^^
> 128 |       loadingMore.current = false;
      | ^^^^^^^^^^^^^^^^^^^^^^^^^^^^^^^^^^^^^^^^^^^^^^^^^^^^^^^^^^^^^^^^^^^^
> 129 |     }
      | ^^^^^^ (BuildHIR::lowerStatement) Handle TryStatement with a finalizer ('finally') clause
  130 |   }, [rows.length]);
  131 |
  132 |   const loadNextPage = useCallback(async () => {

Todo: (BuildHIR::lowerStatement) Handle TryStatement with a finalizer ('finally') clause

  140 |     loadingMore.current = true;
  141 |
> 142 |     try {
      |     ^^^^^
> 143 |       const repository = new ExpenseRepository(await getDatabase());
      | ^^^^^^^^^^^^^^^^^^^^^^^^^^^^^^^^^^^^^^^^^^^^^^^^^^^^^^^^^^^^^^^^^^^^
> 144 |       const page = await repository.listRecent({
      | ^^^^^^^^^^^^^^^^^^^^^^^^^^^^^^^^^^^^^^^^^^^^^^^^^^^^^^^^^^^^^^^^^^^^
> 145 |         limit: EXPENSE_PAGE_SIZE,
      | ^^^^^^^^^^^^^^^^^^^^^^^^^^^^^^^^^^^^^^^^^^^^^^^^^^^^^^^^^^^^^^^^^^^^
> 146 |         // Read against the rows on screen, not against a separate counter that
      | ^^^^^^^^^^^^^^^^^^^^^^^^^^^^^^^^^^^^^^^^^^^^^^^^^^^^^^^^^^^^^^^^^^^^
> 147 |         // could drift from them.
      | ^^^^^^^^^^^^^^^^^^^^^^^^^^^^^^^^^^^^^^^^^^^^^^^^^^^^^^^^^^^^^^^^^^^^
> 148 |         offset: rows.length,
      | ^^^^^^^^^^^^^^^^^^^^^^^^^^^^^^^^^^^^^^^^^^^^^^^^^^^^^^^^^^^^^^^^^^^^
> 149 |       });
      | ^^^^^^^^^^^^^^^^^^^^^^^^^^^^^^^^^^^^^^^^^^^^^^^^^^^^^^^^^^^^^^^^^^^^
> 150 |
      | ^^^^^^^^^^^^^^^^^^^^^^^^^^^^^^^^^^^^^^^^^^^^^^^^^^^^^^^^^^^^^^^^^^^^
> 151 |       setHasMore(page.hasMore);
      | ^^^^^^^^^^^^^^^^^^^^^^^^^^^^^^^^^^^^^^^^^^^^^^^^^^^^^^^^^^^^^^^^^^^^
> 152 |
      | ^^^^^^^^^^^^^^^^^^^^^^^^^^^^^^^^^^^^^^^^^^^^^^^^^^^^^^^^^^^^^^^^^^^^
> 153 |       if (page.expenses.length > 0) {
      | ^^^^^^^^^^^^^^^^^^^^^^^^^^^^^^^^^^^^^^^^^^^^^^^^^^^^^^^^^^^^^^^^^^^^
> 154 |         // Append. These are the same row objects the query returned, so the
      | ^^^^^^^^^^^^^^^^^^^^^^^^^^^^^^^^^^^^^^^^^^^^^^^^^^^^^^^^^^^^^^^^^^^^
> 155 |         // rows already on screen keep their identity and do not re-render.
      | ^^^^^^^^^^^^^^^^^^^^^^^^^^^^^^^^^^^^^^^^^^^^^^^^^^^^^^^^^^^^^^^^^^^^
> 156 |         setRows((current) => [...current, ...page.expenses]);
      | ^^^^^^^^^^^^^^^^^^^^^^^^^^^^^^^^^^^^^^^^^^^^^^^^^^^^^^^^^^^^^^^^^^^^
> 157 |       }
      | ^^^^^^^^^^^^^^^^^^^^^^^^^^^^^^^^^^^^^^^^^^^^^^^^^^^^^^^^^^^^^^^^^^^^
> 158 |     } catch (error) {
      | ^^^^^^^^^^^^^^^^^^^^^^^^^^^^^^^^^^^^^^^^^^^^^^^^^^^^^^^^^^^^^^^^^^^^
> 159 |       /*
      | ^^^^^^^^^^^^^^^^^^^^^^^^^^^^^^^^^^^^^^^^^^^^^^^^^^^^^^^^^^^^^^^^^^^^
> 160 |         Stop paging rather than looping. A failure here leaves the offset where it
      | ^^^^^^^^^^^^^^^^^^^^^^^^^^^^^^^^^^^^^^^^^^^^^^^^^^^^^^^^^^^^^^^^^^^^
> 161 |         was, so the next scroll would ask for the same page again and keep
      | ^^^^^^^^^^^^^^^^^^^^^^^^^^^^^^^^^^^^^^^^^^^^^^^^^^^^^^^^^^^^^^^^^^^^
> 162 |         failing; clearing `hasMore` turns the footer into "End of history" and
      | ^^^^^^^^^^^^^^^^^^^^^^^^^^^^^^^^^^^^^^^^^^^^^^^^^^^^^^^^^^^^^^^^^^^^
> 163 |         leaves a working part of the list rather than an endless spinner.
      | ^^^^^^^^^^^^^^^^^^^^^^^^^^^^^^^^^^^^^^^^^^^^^^^^^^^^^^^^^^^^^^^^^^^^
> 164 |       */
      | ^^^^^^^^^^^^^^^^^^^^^^^^^^^^^^^^^^^^^^^^^^^^^^^^^^^^^^^^^^^^^^^^^^^^
> 165 |       console.warn('[expenses] could not load the next page', error);
      | ^^^^^^^^^^^^^^^^^^^^^^^^^^^^^^^^^^^^^^^^^^^^^^^^^^^^^^^^^^^^^^^^^^^^
> 166 |       setHasMore(false);
      | ^^^^^^^^^^^^^^^^^^^^^^^^^^^^^^^^^^^^^^^^^^^^^^^^^^^^^^^^^^^^^^^^^^^^
> 167 |     } finally {
      | ^^^^^^^^^^^^^^^^^^^^^^^^^^^^^^^^^^^^^^^^^^^^^^^^^^^^^^^^^^^^^^^^^^^^
> 168 |       loadingMore.current = false;
      | ^^^^^^^^^^^^^^^^^^^^^^^^^^^^^^^^^^^^^^^^^^^^^^^^^^^^^^^^^^^^^^^^^^^^
> 169 |     }
      | ^^^^^^ (BuildHIR::lowerStatement) Handle TryStatement with a finalizer ('finally') clause
  170 |   }, [hasMore, rows.length]);
  171 |
  172 |   /*
    at new HIRBuilder (C:\Users\DboxAdmin\skill_projects\expense-tracker\node_modules\babel-plugin-react-compiler\dist\index.js:76126:19)
    at lower (C:\Users\DboxAdmin\skill_projects\expense-tracker\node_modules\babel-plugin-react-compiler\dist\index.js:78097:19)
    at runWithEnvironment (C:\Users\DboxAdmin\skill_projects\expense-tracker\node_modules\babel-plugin-react-compiler\dist\index.js:106368:15)
    at run (C:\Users\DboxAdmin\skill_projects\expense-tracker\node_modules\babel-plugin-react-compiler\dist\index.js:106361:10)
    at compileFn (C:\Users\DboxAdmin\skill_projects\expense-tracker\node_modules\babel-plugin-react-compiler\dist\index.js:106689:10)
    at tryCompileFunction (C:\Users\DboxAdmin\skill_projects\expense-tracker\node_modules\babel-plugin-react-compiler\dist\index.js:107289:19)
    at processFn (C:\Users\DboxAdmin\skill_projects\expense-tracker\node_modules\babel-plugin-react-compiler\dist\index.js:107226:25)
    at compileProgram (C:\Users\DboxAdmin\skill_projects\expense-tracker\node_modules\babel-plugin-react-compiler\dist\index.js:107107:22)
    at PluginPass.enter (C:\Users\DboxAdmin\skill_projects\expense-tracker\node_modules\babel-plugin-react-compiler\dist\index.js:108443:28)
    at newFn (C:\Users\DboxAdmin\skill_projects\expense-tracker\node_modules\@babel\traverse\lib\visitors.js:168:14)
    at NodePath._call (C:\Users\DboxAdmin\skill_projects\expense-tracker\node_modules\@babel\traverse\lib\path\context.js:50:20)
    at NodePath.call (C:\Users\DboxAdmin\skill_projects\expense-tracker\node_modules\@babel\traverse\lib\path\context.js:40:18)
    at NodePath.visit (C:\Users\DboxAdmin\skill_projects\expense-tracker\node_modules\@babel\traverse\lib\path\context.js:87:31)
    at TraversalContext.visitQueue (C:\Users\DboxAdmin\skill_projects\expense-tracker\node_modules\@babel\traverse\lib\context.js:96:16)
    at TraversalContext.visitSingle (C:\Users\DboxAdmin\skill_projects\expense-tracker\node_modules\@babel\traverse\lib\context.js:72:19)
    at TraversalContext.visit (C:\Users\DboxAdmin\skill_projects\expense-tracker\node_modules\@babel\traverse\lib\context.js:119:19)
    at traverseNode (C:\Users\DboxAdmin\skill_projects\expense-tracker\node_modules\@babel\traverse\lib\traverse-node.js:130:17)
    at traverse (C:\Users\DboxAdmin\skill_projects\expense-tracker\node_modules\@babel\traverse\lib\index.js:53:34)
    at transformFile (C:\Users\DboxAdmin\skill_projects\expense-tracker\node_modules\@babel\core\lib\transformation\index.js:79:29)
    at transformFile.next (<anonymous>)
    at run (C:\Users\DboxAdmin\skill_projects\expense-tracker\node_modules\@babel\core\lib\transformation\index.js:25:12)
    at run.next (<anonymous>)
    at transform (C:\Users\DboxAdmin\skill_projects\expense-tracker\node_modules\@babel\core\lib\transform.js:22:33)
    at transform.next (<anonymous>)
    at evaluateSync (C:\Users\DboxAdmin\skill_projects\expense-tracker\node_modules\gensync\index.js:251:28)
    at sync (C:\Users\DboxAdmin\skill_projects\expense-tracker\node_modules\gensync\index.js:89:14)
    at stopHiding - secret - don't use this - v1 (C:\Users\DboxAdmin\skill_projects\expense-tracker\node_modules\@babel\core\lib\errors\rewrite-stack-trace.js:47:12)
    at Object.transformSync (C:\Users\DboxAdmin\skill_projects\expense-tracker\node_modules\@babel\core\lib\transform.js:40:76)
    at parseWithBabel (C:\Users\DboxAdmin\skill_projects\expense-tracker\node_modules\@expo\metro-config\build\transformSync.js:75:18)
    at transformSync (C:\Users\DboxAdmin\skill_projects\expense-tracker\node_modules\@expo\metro-config\build\transformSync.js:54:16)
    at Object.transform (C:\Users\DboxAdmin\skill_projects\expense-tracker\node_modules\@expo\metro-config\build\babel-transformer.js:146:58)
    at transformJSWithBabel (C:\Users\DboxAdmin\skill_projects\expense-tracker\node_modules\@expo\metro-config\build\transform-worker\metro-transform-worker.js:495:47)
    at Object.transform (C:\Users\DboxAdmin\skill_projects\expense-tracker\node_modules\@expo\metro-config\build\transform-worker\metro-transform-worker.js:614:12)
    at Object.transform (C:\Users\DboxAdmin\skill_projects\expense-tracker\node_modules\@expo\metro-config\build\transform-worker\transform-worker.js:179:19)
    at transformFile (C:\Users\DboxAdmin\skill_projects\expense-tracker\node_modules\metro\src\DeltaBundler\Worker.flow.js:67:36)
    at Object.transform (C:\Users\DboxAdmin\skill_projects\expense-tracker\node_modules\metro\src\DeltaBundler\Worker.flow.js:42:10)
    at execFunction (C:\Users\DboxAdmin\skill_projects\expense-tracker\node_modules\jest-worker\build\workers\threadChild.js:167:17)
    at execHelper (C:\Users\DboxAdmin\skill_projects\expense-tracker\node_modules\jest-worker\build\workers\threadChild.js:155:5)
    at execMethod (C:\Users\DboxAdmin\skill_projects\expense-tracker\node_modules\jest-worker\build\workers\threadChild.js:158:5)
    at MessagePort.messageListener (C:\Users\DboxAdmin\skill_projects\expense-tracker\node_modules\jest-worker\build\workers\threadChild.js:52:7)
    at [nodejs.internal.kHybridDispatch] (node:internal/event_target:848:20)
 ERROR  ReactCompilerError: Found 2 errors:

Todo: (BuildHIR::lowerStatement) Handle TryStatement with a finalizer ('finally') clause

  110 |     loadingMore.current = true;
  111 |
> 112 |     try {
      |     ^^^^^
> 113 |       const repository = new ExpenseRepository(await getDatabase());
      | ^^^^^^^^^^^^^^^^^^^^^^^^^^^^^^^^^^^^^^^^^^^^^^^^^^^^^^^^^^^^^^^^^^^^
> 114 |       const page = await repository.listRecent({ limit: EXPENSE_PAGE_SIZE, offset: 0 });
      | ^^^^^^^^^^^^^^^^^^^^^^^^^^^^^^^^^^^^^^^^^^^^^^^^^^^^^^^^^^^^^^^^^^^^
> 115 |
      | ^^^^^^^^^^^^^^^^^^^^^^^^^^^^^^^^^^^^^^^^^^^^^^^^^^^^^^^^^^^^^^^^^^^^
> 116 |       setRows(page.expenses);
      | ^^^^^^^^^^^^^^^^^^^^^^^^^^^^^^^^^^^^^^^^^^^^^^^^^^^^^^^^^^^^^^^^^^^^
> 117 |       setHasMore(page.hasMore);
      | ^^^^^^^^^^^^^^^^^^^^^^^^^^^^^^^^^^^^^^^^^^^^^^^^^^^^^^^^^^^^^^^^^^^^
> 118 |       setStatus('ready');
      | ^^^^^^^^^^^^^^^^^^^^^^^^^^^^^^^^^^^^^^^^^^^^^^^^^^^^^^^^^^^^^^^^^^^^
> 119 |     } catch (error) {
      | ^^^^^^^^^^^^^^^^^^^^^^^^^^^^^^^^^^^^^^^^^^^^^^^^^^^^^^^^^^^^^^^^^^^^
> 120 |       // Rows already on screen are left alone; only a first load with nothing to
      | ^^^^^^^^^^^^^^^^^^^^^^^^^^^^^^^^^^^^^^^^^^^^^^^^^^^^^^^^^^^^^^^^^^^^
> 121 |       // show replaces them with an error.
      | ^^^^^^^^^^^^^^^^^^^^^^^^^^^^^^^^^^^^^^^^^^^^^^^^^^^^^^^^^^^^^^^^^^^^
> 122 |       console.warn('[expenses] could not load the first page', error);
      | ^^^^^^^^^^^^^^^^^^^^^^^^^^^^^^^^^^^^^^^^^^^^^^^^^^^^^^^^^^^^^^^^^^^^
> 123 |
      | ^^^^^^^^^^^^^^^^^^^^^^^^^^^^^^^^^^^^^^^^^^^^^^^^^^^^^^^^^^^^^^^^^^^^
> 124 |       if (rows.length === 0) {
      | ^^^^^^^^^^^^^^^^^^^^^^^^^^^^^^^^^^^^^^^^^^^^^^^^^^^^^^^^^^^^^^^^^^^^
> 125 |         setStatus('error');
      | ^^^^^^^^^^^^^^^^^^^^^^^^^^^^^^^^^^^^^^^^^^^^^^^^^^^^^^^^^^^^^^^^^^^^
> 126 |       }
      | ^^^^^^^^^^^^^^^^^^^^^^^^^^^^^^^^^^^^^^^^^^^^^^^^^^^^^^^^^^^^^^^^^^^^
> 127 |     } finally {
      | ^^^^^^^^^^^^^^^^^^^^^^^^^^^^^^^^^^^^^^^^^^^^^^^^^^^^^^^^^^^^^^^^^^^^
> 128 |       loadingMore.current = false;
      | ^^^^^^^^^^^^^^^^^^^^^^^^^^^^^^^^^^^^^^^^^^^^^^^^^^^^^^^^^^^^^^^^^^^^
> 129 |     }
      | ^^^^^^ (BuildHIR::lowerStatement) Handle TryStatement with a finalizer ('finally') clause
  130 |   }, [rows.length]);
  131 |
  132 |   const loadNextPage = useCallback(async () => {

Todo: (BuildHIR::lowerStatement) Handle TryStatement with a finalizer ('finally') clause

  140 |     loadingMore.current = true;
  141 |
> 142 |     try {
      |     ^^^^^
> 143 |       const repository = new ExpenseRepository(await getDatabase());
      | ^^^^^^^^^^^^^^^^^^^^^^^^^^^^^^^^^^^^^^^^^^^^^^^^^^^^^^^^^^^^^^^^^^^^
> 144 |       const page = await repository.listRecent({
      | ^^^^^^^^^^^^^^^^^^^^^^^^^^^^^^^^^^^^^^^^^^^^^^^^^^^^^^^^^^^^^^^^^^^^
> 145 |         limit: EXPENSE_PAGE_SIZE,
      | ^^^^^^^^^^^^^^^^^^^^^^^^^^^^^^^^^^^^^^^^^^^^^^^^^^^^^^^^^^^^^^^^^^^^
> 146 |         // Read against the rows on screen, not against a separate counter that
      | ^^^^^^^^^^^^^^^^^^^^^^^^^^^^^^^^^^^^^^^^^^^^^^^^^^^^^^^^^^^^^^^^^^^^
> 147 |         // could drift from them.
      | ^^^^^^^^^^^^^^^^^^^^^^^^^^^^^^^^^^^^^^^^^^^^^^^^^^^^^^^^^^^^^^^^^^^^
> 148 |         offset: rows.length,
      | ^^^^^^^^^^^^^^^^^^^^^^^^^^^^^^^^^^^^^^^^^^^^^^^^^^^^^^^^^^^^^^^^^^^^
> 149 |       });
      | ^^^^^^^^^^^^^^^^^^^^^^^^^^^^^^^^^^^^^^^^^^^^^^^^^^^^^^^^^^^^^^^^^^^^
> 150 |
      | ^^^^^^^^^^^^^^^^^^^^^^^^^^^^^^^^^^^^^^^^^^^^^^^^^^^^^^^^^^^^^^^^^^^^
> 151 |       setHasMore(page.hasMore);
      | ^^^^^^^^^^^^^^^^^^^^^^^^^^^^^^^^^^^^^^^^^^^^^^^^^^^^^^^^^^^^^^^^^^^^
> 152 |
      | ^^^^^^^^^^^^^^^^^^^^^^^^^^^^^^^^^^^^^^^^^^^^^^^^^^^^^^^^^^^^^^^^^^^^
> 153 |       if (page.expenses.length > 0) {
      | ^^^^^^^^^^^^^^^^^^^^^^^^^^^^^^^^^^^^^^^^^^^^^^^^^^^^^^^^^^^^^^^^^^^^
> 154 |         // Append. These are the same row objects the query returned, so the
      | ^^^^^^^^^^^^^^^^^^^^^^^^^^^^^^^^^^^^^^^^^^^^^^^^^^^^^^^^^^^^^^^^^^^^
> 155 |         // rows already on screen keep their identity and do not re-render.
      | ^^^^^^^^^^^^^^^^^^^^^^^^^^^^^^^^^^^^^^^^^^^^^^^^^^^^^^^^^^^^^^^^^^^^
> 156 |         setRows((current) => [...current, ...page.expenses]);
      | ^^^^^^^^^^^^^^^^^^^^^^^^^^^^^^^^^^^^^^^^^^^^^^^^^^^^^^^^^^^^^^^^^^^^
> 157 |       }
      | ^^^^^^^^^^^^^^^^^^^^^^^^^^^^^^^^^^^^^^^^^^^^^^^^^^^^^^^^^^^^^^^^^^^^
> 158 |     } catch (error) {
      | ^^^^^^^^^^^^^^^^^^^^^^^^^^^^^^^^^^^^^^^^^^^^^^^^^^^^^^^^^^^^^^^^^^^^
> 159 |       /*
      | ^^^^^^^^^^^^^^^^^^^^^^^^^^^^^^^^^^^^^^^^^^^^^^^^^^^^^^^^^^^^^^^^^^^^
> 160 |         Stop paging rather than looping. A failure here leaves the offset where it
      | ^^^^^^^^^^^^^^^^^^^^^^^^^^^^^^^^^^^^^^^^^^^^^^^^^^^^^^^^^^^^^^^^^^^^
> 161 |         was, so the next scroll would ask for the same page again and keep
      | ^^^^^^^^^^^^^^^^^^^^^^^^^^^^^^^^^^^^^^^^^^^^^^^^^^^^^^^^^^^^^^^^^^^^
> 162 |         failing; clearing `hasMore` turns the footer into "End of history" and
      | ^^^^^^^^^^^^^^^^^^^^^^^^^^^^^^^^^^^^^^^^^^^^^^^^^^^^^^^^^^^^^^^^^^^^
> 163 |         leaves a working part of the list rather than an endless spinner.
      | ^^^^^^^^^^^^^^^^^^^^^^^^^^^^^^^^^^^^^^^^^^^^^^^^^^^^^^^^^^^^^^^^^^^^
> 164 |       */
      | ^^^^^^^^^^^^^^^^^^^^^^^^^^^^^^^^^^^^^^^^^^^^^^^^^^^^^^^^^^^^^^^^^^^^
> 165 |       console.warn('[expenses] could not load the next page', error);
      | ^^^^^^^^^^^^^^^^^^^^^^^^^^^^^^^^^^^^^^^^^^^^^^^^^^^^^^^^^^^^^^^^^^^^
> 166 |       setHasMore(false);
      | ^^^^^^^^^^^^^^^^^^^^^^^^^^^^^^^^^^^^^^^^^^^^^^^^^^^^^^^^^^^^^^^^^^^^
> 167 |     } finally {
      | ^^^^^^^^^^^^^^^^^^^^^^^^^^^^^^^^^^^^^^^^^^^^^^^^^^^^^^^^^^^^^^^^^^^^
> 168 |       loadingMore.current = false;
      | ^^^^^^^^^^^^^^^^^^^^^^^^^^^^^^^^^^^^^^^^^^^^^^^^^^^^^^^^^^^^^^^^^^^^
> 169 |     }
      | ^^^^^^ (BuildHIR::lowerStatement) Handle TryStatement with a finalizer ('finally') clause
  170 |   }, [hasMore, rows.length]);
  171 |
  172 |   /*
    at new HIRBuilder (C:\Users\DboxAdmin\skill_projects\expense-tracker\node_modules\babel-plugin-react-compiler\dist\index.js:76126:19)
    at lower (C:\Users\DboxAdmin\skill_projects\expense-tracker\node_modules\babel-plugin-react-compiler\dist\index.js:78097:19)
    at runWithEnvironment (C:\Users\DboxAdmin\skill_projects\expense-tracker\node_modules\babel-plugin-react-compiler\dist\index.js:106368:15)
    at run (C:\Users\DboxAdmin\skill_projects\expense-tracker\node_modules\babel-plugin-react-compiler\dist\index.js:106361:10)
    at compileFn (C:\Users\DboxAdmin\skill_projects\expense-tracker\node_modules\babel-plugin-react-compiler\dist\index.js:106689:10)
    at tryCompileFunction (C:\Users\DboxAdmin\skill_projects\expense-tracker\node_modules\babel-plugin-react-compiler\dist\index.js:107289:19)
    at processFn (C:\Users\DboxAdmin\skill_projects\expense-tracker\node_modules\babel-plugin-react-compiler\dist\index.js:107226:25)
    at compileProgram (C:\Users\DboxAdmin\skill_projects\expense-tracker\node_modules\babel-plugin-react-compiler\dist\index.js:107107:22)
    at PluginPass.enter (C:\Users\DboxAdmin\skill_projects\expense-tracker\node_modules\babel-plugin-react-compiler\dist\index.js:108443:28)
    at newFn (C:\Users\DboxAdmin\skill_projects\expense-tracker\node_modules\@babel\traverse\lib\visitors.js:168:14)
    at NodePath._call (C:\Users\DboxAdmin\skill_projects\expense-tracker\node_modules\@babel\traverse\lib\path\context.js:50:20)
    at NodePath.call (C:\Users\DboxAdmin\skill_projects\expense-tracker\node_modules\@babel\traverse\lib\path\context.js:40:18)
    at NodePath.visit (C:\Users\DboxAdmin\skill_projects\expense-tracker\node_modules\@babel\traverse\lib\path\context.js:87:31)
    at TraversalContext.visitQueue (C:\Users\DboxAdmin\skill_projects\expense-tracker\node_modules\@babel\traverse\lib\context.js:96:16)
    at TraversalContext.visitSingle (C:\Users\DboxAdmin\skill_projects\expense-tracker\node_modules\@babel\traverse\lib\context.js:72:19)
    at TraversalContext.visit (C:\Users\DboxAdmin\skill_projects\expense-tracker\node_modules\@babel\traverse\lib\context.js:119:19)
    at traverseNode (C:\Users\DboxAdmin\skill_projects\expense-tracker\node_modules\@babel\traverse\lib\traverse-node.js:130:17)
    at traverse (C:\Users\DboxAdmin\skill_projects\expense-tracker\node_modules\@babel\traverse\lib\index.js:53:34)
    at transformFile (C:\Users\DboxAdmin\skill_projects\expense-tracker\node_modules\@babel\core\lib\transformation\index.js:79:29)
    at transformFile.next (<anonymous>)
    at run (C:\Users\DboxAdmin\skill_projects\expense-tracker\node_modules\@babel\core\lib\transformation\index.js:25:12)
    at run.next (<anonymous>)
    at transform (C:\Users\DboxAdmin\skill_projects\expense-tracker\node_modules\@babel\core\lib\transform.js:22:33)
    at transform.next (<anonymous>)
    at evaluateSync (C:\Users\DboxAdmin\skill_projects\expense-tracker\node_modules\gensync\index.js:251:28)
    at sync (C:\Users\DboxAdmin\skill_projects\expense-tracker\node_modules\gensync\index.js:89:14)
    at stopHiding - secret - don't use this - v1 (C:\Users\DboxAdmin\skill_projects\expense-tracker\node_modules\@babel\core\lib\errors\rewrite-stack-trace.js:47:12)
    at Object.transformSync (C:\Users\DboxAdmin\skill_projects\expense-tracker\node_modules\@babel\core\lib\transform.js:40:76)
    at parseWithBabel (C:\Users\DboxAdmin\skill_projects\expense-tracker\node_modules\@expo\metro-config\build\transformSync.js:75:18)
    at transformSync (C:\Users\DboxAdmin\skill_projects\expense-tracker\node_modules\@expo\metro-config\build\transformSync.js:54:16)
    at Object.transform (C:\Users\DboxAdmin\skill_projects\expense-tracker\node_modules\@expo\metro-config\build\babel-transformer.js:146:58)
    at transformJSWithBabel (C:\Users\DboxAdmin\skill_projects\expense-tracker\node_modules\@expo\metro-config\build\transform-worker\metro-transform-worker.js:495:47)
    at Object.transform (C:\Users\DboxAdmin\skill_projects\expense-tracker\node_modules\@expo\metro-config\build\transform-worker\metro-transform-worker.js:614:12)
    at Object.transform (C:\Users\DboxAdmin\skill_projects\expense-tracker\node_modules\@expo\metro-config\build\transform-worker\transform-worker.js:179:19)
    at transformFile (C:\Users\DboxAdmin\skill_projects\expense-tracker\node_modules\metro\src\DeltaBundler\Worker.flow.js:67:36)
    at Object.transform (C:\Users\DboxAdmin\skill_projects\expense-tracker\node_modules\metro\src\DeltaBundler\Worker.flow.js:42:10)
    at execFunction (C:\Users\DboxAdmin\skill_projects\expense-tracker\node_modules\jest-worker\build\workers\threadChild.js:167:17)
    at execHelper (C:\Users\DboxAdmin\skill_projects\expense-tracker\node_modules\jest-worker\build\workers\threadChild.js:155:5)
    at execMethod (C:\Users\DboxAdmin\skill_projects\expense-tracker\node_modules\jest-worker\build\workers\threadChild.js:158:5)
    at MessagePort.messageListener (C:\Users\DboxAdmin\skill_projects\expense-tracker\node_modules\jest-worker\build\workers\threadChild.js:52:7)
    at [nodejs.internal.kHybridDispatch] (node:internal/event_target:848:20)
 ERROR  ReactCompilerError: Found 2 errors:

Todo: (BuildHIR::lowerStatement) Handle TryStatement with a finalizer ('finally') clause

  110 |     loadingMore.current = true;
  111 |
> 112 |     try {
      |     ^^^^^
> 113 |       const repository = new ExpenseRepository(await getDatabase());
      | ^^^^^^^^^^^^^^^^^^^^^^^^^^^^^^^^^^^^^^^^^^^^^^^^^^^^^^^^^^^^^^^^^^^^
> 114 |       const page = await repository.listRecent({ limit: EXPENSE_PAGE_SIZE, offset: 0 });
      | ^^^^^^^^^^^^^^^^^^^^^^^^^^^^^^^^^^^^^^^^^^^^^^^^^^^^^^^^^^^^^^^^^^^^
> 115 |
      | ^^^^^^^^^^^^^^^^^^^^^^^^^^^^^^^^^^^^^^^^^^^^^^^^^^^^^^^^^^^^^^^^^^^^
> 116 |       setRows(page.expenses);
      | ^^^^^^^^^^^^^^^^^^^^^^^^^^^^^^^^^^^^^^^^^^^^^^^^^^^^^^^^^^^^^^^^^^^^
> 117 |       setHasMore(page.hasMore);
      | ^^^^^^^^^^^^^^^^^^^^^^^^^^^^^^^^^^^^^^^^^^^^^^^^^^^^^^^^^^^^^^^^^^^^
> 118 |       setStatus('ready');
      | ^^^^^^^^^^^^^^^^^^^^^^^^^^^^^^^^^^^^^^^^^^^^^^^^^^^^^^^^^^^^^^^^^^^^
> 119 |     } catch (error) {
      | ^^^^^^^^^^^^^^^^^^^^^^^^^^^^^^^^^^^^^^^^^^^^^^^^^^^^^^^^^^^^^^^^^^^^
> 120 |       // Rows already on screen are left alone; only a first load with nothing to
      | ^^^^^^^^^^^^^^^^^^^^^^^^^^^^^^^^^^^^^^^^^^^^^^^^^^^^^^^^^^^^^^^^^^^^
> 121 |       // show replaces them with an error.
      | ^^^^^^^^^^^^^^^^^^^^^^^^^^^^^^^^^^^^^^^^^^^^^^^^^^^^^^^^^^^^^^^^^^^^
> 122 |       console.warn('[expenses] could not load the first page', error);
      | ^^^^^^^^^^^^^^^^^^^^^^^^^^^^^^^^^^^^^^^^^^^^^^^^^^^^^^^^^^^^^^^^^^^^
> 123 |
      | ^^^^^^^^^^^^^^^^^^^^^^^^^^^^^^^^^^^^^^^^^^^^^^^^^^^^^^^^^^^^^^^^^^^^
> 124 |       if (rows.length === 0) {
      | ^^^^^^^^^^^^^^^^^^^^^^^^^^^^^^^^^^^^^^^^^^^^^^^^^^^^^^^^^^^^^^^^^^^^
> 125 |         setStatus('error');
      | ^^^^^^^^^^^^^^^^^^^^^^^^^^^^^^^^^^^^^^^^^^^^^^^^^^^^^^^^^^^^^^^^^^^^
> 126 |       }
      | ^^^^^^^^^^^^^^^^^^^^^^^^^^^^^^^^^^^^^^^^^^^^^^^^^^^^^^^^^^^^^^^^^^^^
> 127 |     } finally {
      | ^^^^^^^^^^^^^^^^^^^^^^^^^^^^^^^^^^^^^^^^^^^^^^^^^^^^^^^^^^^^^^^^^^^^
> 128 |       loadingMore.current = false;
      | ^^^^^^^^^^^^^^^^^^^^^^^^^^^^^^^^^^^^^^^^^^^^^^^^^^^^^^^^^^^^^^^^^^^^
> 129 |     }
      | ^^^^^^ (BuildHIR::lowerStatement) Handle TryStatement with a finalizer ('finally') clause
  130 |   }, [rows.length]);
  131 |
  132 |   const loadNextPage = useCallback(async () => {

Todo: (BuildHIR::lowerStatement) Handle TryStatement with a finalizer ('finally') clause

  140 |     loadingMore.current = true;
  141 |
> 142 |     try {
      |     ^^^^^
> 143 |       const repository = new ExpenseRepository(await getDatabase());
      | ^^^^^^^^^^^^^^^^^^^^^^^^^^^^^^^^^^^^^^^^^^^^^^^^^^^^^^^^^^^^^^^^^^^^
> 144 |       const page = await repository.listRecent({
      | ^^^^^^^^^^^^^^^^^^^^^^^^^^^^^^^^^^^^^^^^^^^^^^^^^^^^^^^^^^^^^^^^^^^^
> 145 |         limit: EXPENSE_PAGE_SIZE,
      | ^^^^^^^^^^^^^^^^^^^^^^^^^^^^^^^^^^^^^^^^^^^^^^^^^^^^^^^^^^^^^^^^^^^^
> 146 |         // Read against the rows on screen, not against a separate counter that
      | ^^^^^^^^^^^^^^^^^^^^^^^^^^^^^^^^^^^^^^^^^^^^^^^^^^^^^^^^^^^^^^^^^^^^
> 147 |         // could drift from them.
      | ^^^^^^^^^^^^^^^^^^^^^^^^^^^^^^^^^^^^^^^^^^^^^^^^^^^^^^^^^^^^^^^^^^^^
> 148 |         offset: rows.length,
      | ^^^^^^^^^^^^^^^^^^^^^^^^^^^^^^^^^^^^^^^^^^^^^^^^^^^^^^^^^^^^^^^^^^^^
> 149 |       });
      | ^^^^^^^^^^^^^^^^^^^^^^^^^^^^^^^^^^^^^^^^^^^^^^^^^^^^^^^^^^^^^^^^^^^^
> 150 |
      | ^^^^^^^^^^^^^^^^^^^^^^^^^^^^^^^^^^^^^^^^^^^^^^^^^^^^^^^^^^^^^^^^^^^^
> 151 |       setHasMore(page.hasMore);
      | ^^^^^^^^^^^^^^^^^^^^^^^^^^^^^^^^^^^^^^^^^^^^^^^^^^^^^^^^^^^^^^^^^^^^
> 152 |
      | ^^^^^^^^^^^^^^^^^^^^^^^^^^^^^^^^^^^^^^^^^^^^^^^^^^^^^^^^^^^^^^^^^^^^
> 153 |       if (page.expenses.length > 0) {
      | ^^^^^^^^^^^^^^^^^^^^^^^^^^^^^^^^^^^^^^^^^^^^^^^^^^^^^^^^^^^^^^^^^^^^
> 154 |         // Append. These are the same row objects the query returned, so the
      | ^^^^^^^^^^^^^^^^^^^^^^^^^^^^^^^^^^^^^^^^^^^^^^^^^^^^^^^^^^^^^^^^^^^^
> 155 |         // rows already on screen keep their identity and do not re-render.
      | ^^^^^^^^^^^^^^^^^^^^^^^^^^^^^^^^^^^^^^^^^^^^^^^^^^^^^^^^^^^^^^^^^^^^
> 156 |         setRows((current) => [...current, ...page.expenses]);
      | ^^^^^^^^^^^^^^^^^^^^^^^^^^^^^^^^^^^^^^^^^^^^^^^^^^^^^^^^^^^^^^^^^^^^
> 157 |       }
      | ^^^^^^^^^^^^^^^^^^^^^^^^^^^^^^^^^^^^^^^^^^^^^^^^^^^^^^^^^^^^^^^^^^^^
> 158 |     } catch (error) {
      | ^^^^^^^^^^^^^^^^^^^^^^^^^^^^^^^^^^^^^^^^^^^^^^^^^^^^^^^^^^^^^^^^^^^^
> 159 |       /*
      | ^^^^^^^^^^^^^^^^^^^^^^^^^^^^^^^^^^^^^^^^^^^^^^^^^^^^^^^^^^^^^^^^^^^^
> 160 |         Stop paging rather than looping. A failure here leaves the offset where it
      | ^^^^^^^^^^^^^^^^^^^^^^^^^^^^^^^^^^^^^^^^^^^^^^^^^^^^^^^^^^^^^^^^^^^^
> 161 |         was, so the next scroll would ask for the same page again and keep
      | ^^^^^^^^^^^^^^^^^^^^^^^^^^^^^^^^^^^^^^^^^^^^^^^^^^^^^^^^^^^^^^^^^^^^
> 162 |         failing; clearing `hasMore` turns the footer into "End of history" and
      | ^^^^^^^^^^^^^^^^^^^^^^^^^^^^^^^^^^^^^^^^^^^^^^^^^^^^^^^^^^^^^^^^^^^^
> 163 |         leaves a working part of the list rather than an endless spinner.
      | ^^^^^^^^^^^^^^^^^^^^^^^^^^^^^^^^^^^^^^^^^^^^^^^^^^^^^^^^^^^^^^^^^^^^
> 164 |       */
      | ^^^^^^^^^^^^^^^^^^^^^^^^^^^^^^^^^^^^^^^^^^^^^^^^^^^^^^^^^^^^^^^^^^^^
> 165 |       console.warn('[expenses] could not load the next page', error);
      | ^^^^^^^^^^^^^^^^^^^^^^^^^^^^^^^^^^^^^^^^^^^^^^^^^^^^^^^^^^^^^^^^^^^^
> 166 |       setHasMore(false);
      | ^^^^^^^^^^^^^^^^^^^^^^^^^^^^^^^^^^^^^^^^^^^^^^^^^^^^^^^^^^^^^^^^^^^^
> 167 |     } finally {
      | ^^^^^^^^^^^^^^^^^^^^^^^^^^^^^^^^^^^^^^^^^^^^^^^^^^^^^^^^^^^^^^^^^^^^
> 168 |       loadingMore.current = false;
      | ^^^^^^^^^^^^^^^^^^^^^^^^^^^^^^^^^^^^^^^^^^^^^^^^^^^^^^^^^^^^^^^^^^^^
> 169 |     }
      | ^^^^^^ (BuildHIR::lowerStatement) Handle TryStatement with a finalizer ('finally') clause
  170 |   }, [hasMore, rows.length]);
  171 |
  172 |   /*
    at new HIRBuilder (C:\Users\DboxAdmin\skill_projects\expense-tracker\node_modules\babel-plugin-react-compiler\dist\index.js:76126:19)
    at lower (C:\Users\DboxAdmin\skill_projects\expense-tracker\node_modules\babel-plugin-react-compiler\dist\index.js:78097:19)
    at runWithEnvironment (C:\Users\DboxAdmin\skill_projects\expense-tracker\node_modules\babel-plugin-react-compiler\dist\index.js:106368:15)
    at run (C:\Users\DboxAdmin\skill_projects\expense-tracker\node_modules\babel-plugin-react-compiler\dist\index.js:106361:10)
    at compileFn (C:\Users\DboxAdmin\skill_projects\expense-tracker\node_modules\babel-plugin-react-compiler\dist\index.js:106689:10)
    at tryCompileFunction (C:\Users\DboxAdmin\skill_projects\expense-tracker\node_modules\babel-plugin-react-compiler\dist\index.js:107289:19)
    at processFn (C:\Users\DboxAdmin\skill_projects\expense-tracker\node_modules\babel-plugin-react-compiler\dist\index.js:107226:25)
    at compileProgram (C:\Users\DboxAdmin\skill_projects\expense-tracker\node_modules\babel-plugin-react-compiler\dist\index.js:107107:22)
    at PluginPass.enter (C:\Users\DboxAdmin\skill_projects\expense-tracker\node_modules\babel-plugin-react-compiler\dist\index.js:108443:28)
    at newFn (C:\Users\DboxAdmin\skill_projects\expense-tracker\node_modules\@babel\traverse\lib\visitors.js:168:14)
    at NodePath._call (C:\Users\DboxAdmin\skill_projects\expense-tracker\node_modules\@babel\traverse\lib\path\context.js:50:20)
    at NodePath.call (C:\Users\DboxAdmin\skill_projects\expense-tracker\node_modules\@babel\traverse\lib\path\context.js:40:18)
    at NodePath.visit (C:\Users\DboxAdmin\skill_projects\expense-tracker\node_modules\@babel\traverse\lib\path\context.js:87:31)
    at TraversalContext.visitQueue (C:\Users\DboxAdmin\skill_projects\expense-tracker\node_modules\@babel\traverse\lib\context.js:96:16)
    at TraversalContext.visitSingle (C:\Users\DboxAdmin\skill_projects\expense-tracker\node_modules\@babel\traverse\lib\context.js:72:19)
    at TraversalContext.visit (C:\Users\DboxAdmin\skill_projects\expense-tracker\node_modules\@babel\traverse\lib\context.js:119:19)
    at traverseNode (C:\Users\DboxAdmin\skill_projects\expense-tracker\node_modules\@babel\traverse\lib\traverse-node.js:130:17)
    at traverse (C:\Users\DboxAdmin\skill_projects\expense-tracker\node_modules\@babel\traverse\lib\index.js:53:34)
    at transformFile (C:\Users\DboxAdmin\skill_projects\expense-tracker\node_modules\@babel\core\lib\transformation\index.js:79:29)
    at transformFile.next (<anonymous>)
    at run (C:\Users\DboxAdmin\skill_projects\expense-tracker\node_modules\@babel\core\lib\transformation\index.js:25:12)
    at run.next (<anonymous>)
    at transform (C:\Users\DboxAdmin\skill_projects\expense-tracker\node_modules\@babel\core\lib\transform.js:22:33)
    at transform.next (<anonymous>)
    at evaluateSync (C:\Users\DboxAdmin\skill_projects\expense-tracker\node_modules\gensync\index.js:251:28)
    at sync (C:\Users\DboxAdmin\skill_projects\expense-tracker\node_modules\gensync\index.js:89:14)
    at stopHiding - secret - don't use this - v1 (C:\Users\DboxAdmin\skill_projects\expense-tracker\node_modules\@babel\core\lib\errors\rewrite-stack-trace.js:47:12)
    at Object.transformSync (C:\Users\DboxAdmin\skill_projects\expense-tracker\node_modules\@babel\core\lib\transform.js:40:76)
    at parseWithBabel (C:\Users\DboxAdmin\skill_projects\expense-tracker\node_modules\@expo\metro-config\build\transformSync.js:75:18)
    at transformSync (C:\Users\DboxAdmin\skill_projects\expense-tracker\node_modules\@expo\metro-config\build\transformSync.js:54:16)
    at Object.transform (C:\Users\DboxAdmin\skill_projects\expense-tracker\node_modules\@expo\metro-config\build\babel-transformer.js:146:58)
    at transformJSWithBabel (C:\Users\DboxAdmin\skill_projects\expense-tracker\node_modules\@expo\metro-config\build\transform-worker\metro-transform-worker.js:495:47)
    at Object.transform (C:\Users\DboxAdmin\skill_projects\expense-tracker\node_modules\@expo\metro-config\build\transform-worker\metro-transform-worker.js:614:12)
    at Object.transform (C:\Users\DboxAdmin\skill_projects\expense-tracker\node_modules\@expo\metro-config\build\transform-worker\transform-worker.js:179:19)
    at transformFile (C:\Users\DboxAdmin\skill_projects\expense-tracker\node_modules\metro\src\DeltaBundler\Worker.flow.js:67:36)
    at Object.transform (C:\Users\DboxAdmin\skill_projects\expense-tracker\node_modules\metro\src\DeltaBundler\Worker.flow.js:42:10)
    at execFunction (C:\Users\DboxAdmin\skill_projects\expense-tracker\node_modules\jest-worker\build\workers\threadChild.js:167:17)
    at execHelper (C:\Users\DboxAdmin\skill_projects\expense-tracker\node_modules\jest-worker\build\workers\threadChild.js:155:5)
    at execMethod (C:\Users\DboxAdmin\skill_projects\expense-tracker\node_modules\jest-worker\build\workers\threadChild.js:158:5)
    at MessagePort.messageListener (C:\Users\DboxAdmin\skill_projects\expense-tracker\node_modules\jest-worker\build\workers\threadChild.js:52:7)
    at [nodejs.internal.kHybridDispatch] (node:internal/event_target:848:20)
 ERROR  ReactCompilerError: Found 2 errors:

Todo: (BuildHIR::lowerStatement) Handle TryStatement with a finalizer ('finally') clause

  110 |     loadingMore.current = true;
  111 |
> 112 |     try {
      |     ^^^^^
> 113 |       const repository = new ExpenseRepository(await getDatabase());
      | ^^^^^^^^^^^^^^^^^^^^^^^^^^^^^^^^^^^^^^^^^^^^^^^^^^^^^^^^^^^^^^^^^^^^
> 114 |       const page = await repository.listRecent({ limit: EXPENSE_PAGE_SIZE, offset: 0 });
      | ^^^^^^^^^^^^^^^^^^^^^^^^^^^^^^^^^^^^^^^^^^^^^^^^^^^^^^^^^^^^^^^^^^^^
> 115 |
      | ^^^^^^^^^^^^^^^^^^^^^^^^^^^^^^^^^^^^^^^^^^^^^^^^^^^^^^^^^^^^^^^^^^^^
> 116 |       setRows(page.expenses);
      | ^^^^^^^^^^^^^^^^^^^^^^^^^^^^^^^^^^^^^^^^^^^^^^^^^^^^^^^^^^^^^^^^^^^^
> 117 |       setHasMore(page.hasMore);
      | ^^^^^^^^^^^^^^^^^^^^^^^^^^^^^^^^^^^^^^^^^^^^^^^^^^^^^^^^^^^^^^^^^^^^
> 118 |       setStatus('ready');
      | ^^^^^^^^^^^^^^^^^^^^^^^^^^^^^^^^^^^^^^^^^^^^^^^^^^^^^^^^^^^^^^^^^^^^
> 119 |     } catch (error) {
      | ^^^^^^^^^^^^^^^^^^^^^^^^^^^^^^^^^^^^^^^^^^^^^^^^^^^^^^^^^^^^^^^^^^^^
> 120 |       // Rows already on screen are left alone; only a first load with nothing to
      | ^^^^^^^^^^^^^^^^^^^^^^^^^^^^^^^^^^^^^^^^^^^^^^^^^^^^^^^^^^^^^^^^^^^^
> 121 |       // show replaces them with an error.
      | ^^^^^^^^^^^^^^^^^^^^^^^^^^^^^^^^^^^^^^^^^^^^^^^^^^^^^^^^^^^^^^^^^^^^
> 122 |       console.warn('[expenses] could not load the first page', error);
      | ^^^^^^^^^^^^^^^^^^^^^^^^^^^^^^^^^^^^^^^^^^^^^^^^^^^^^^^^^^^^^^^^^^^^
> 123 |
      | ^^^^^^^^^^^^^^^^^^^^^^^^^^^^^^^^^^^^^^^^^^^^^^^^^^^^^^^^^^^^^^^^^^^^
> 124 |       if (rows.length === 0) {
      | ^^^^^^^^^^^^^^^^^^^^^^^^^^^^^^^^^^^^^^^^^^^^^^^^^^^^^^^^^^^^^^^^^^^^
> 125 |         setStatus('error');
      | ^^^^^^^^^^^^^^^^^^^^^^^^^^^^^^^^^^^^^^^^^^^^^^^^^^^^^^^^^^^^^^^^^^^^
> 126 |       }
      | ^^^^^^^^^^^^^^^^^^^^^^^^^^^^^^^^^^^^^^^^^^^^^^^^^^^^^^^^^^^^^^^^^^^^
> 127 |     } finally {
      | ^^^^^^^^^^^^^^^^^^^^^^^^^^^^^^^^^^^^^^^^^^^^^^^^^^^^^^^^^^^^^^^^^^^^
> 128 |       loadingMore.current = false;
      | ^^^^^^^^^^^^^^^^^^^^^^^^^^^^^^^^^^^^^^^^^^^^^^^^^^^^^^^^^^^^^^^^^^^^
> 129 |     }
      | ^^^^^^ (BuildHIR::lowerStatement) Handle TryStatement with a finalizer ('finally') clause
  130 |   }, [rows.length]);
  131 |
  132 |   const loadNextPage = useCallback(async () => {

Todo: (BuildHIR::lowerStatement) Handle TryStatement with a finalizer ('finally') clause

  140 |     loadingMore.current = true;
  141 |
> 142 |     try {
      |     ^^^^^
> 143 |       const repository = new ExpenseRepository(await getDatabase());
      | ^^^^^^^^^^^^^^^^^^^^^^^^^^^^^^^^^^^^^^^^^^^^^^^^^^^^^^^^^^^^^^^^^^^^
> 144 |       const page = await repository.listRecent({
      | ^^^^^^^^^^^^^^^^^^^^^^^^^^^^^^^^^^^^^^^^^^^^^^^^^^^^^^^^^^^^^^^^^^^^
> 145 |         limit: EXPENSE_PAGE_SIZE,
      | ^^^^^^^^^^^^^^^^^^^^^^^^^^^^^^^^^^^^^^^^^^^^^^^^^^^^^^^^^^^^^^^^^^^^
> 146 |         // Read against the rows on screen, not against a separate counter that
      | ^^^^^^^^^^^^^^^^^^^^^^^^^^^^^^^^^^^^^^^^^^^^^^^^^^^^^^^^^^^^^^^^^^^^
> 147 |         // could drift from them.
      | ^^^^^^^^^^^^^^^^^^^^^^^^^^^^^^^^^^^^^^^^^^^^^^^^^^^^^^^^^^^^^^^^^^^^
> 148 |         offset: rows.length,
      | ^^^^^^^^^^^^^^^^^^^^^^^^^^^^^^^^^^^^^^^^^^^^^^^^^^^^^^^^^^^^^^^^^^^^
> 149 |       });
      | ^^^^^^^^^^^^^^^^^^^^^^^^^^^^^^^^^^^^^^^^^^^^^^^^^^^^^^^^^^^^^^^^^^^^
> 150 |
      | ^^^^^^^^^^^^^^^^^^^^^^^^^^^^^^^^^^^^^^^^^^^^^^^^^^^^^^^^^^^^^^^^^^^^
> 151 |       setHasMore(page.hasMore);
      | ^^^^^^^^^^^^^^^^^^^^^^^^^^^^^^^^^^^^^^^^^^^^^^^^^^^^^^^^^^^^^^^^^^^^
> 152 |
      | ^^^^^^^^^^^^^^^^^^^^^^^^^^^^^^^^^^^^^^^^^^^^^^^^^^^^^^^^^^^^^^^^^^^^
> 153 |       if (page.expenses.length > 0) {
      | ^^^^^^^^^^^^^^^^^^^^^^^^^^^^^^^^^^^^^^^^^^^^^^^^^^^^^^^^^^^^^^^^^^^^
> 154 |         // Append. These are the same row objects the query returned, so the
      | ^^^^^^^^^^^^^^^^^^^^^^^^^^^^^^^^^^^^^^^^^^^^^^^^^^^^^^^^^^^^^^^^^^^^
> 155 |         // rows already on screen keep their identity and do not re-render.
      | ^^^^^^^^^^^^^^^^^^^^^^^^^^^^^^^^^^^^^^^^^^^^^^^^^^^^^^^^^^^^^^^^^^^^
> 156 |         setRows((current) => [...current, ...page.expenses]);
      | ^^^^^^^^^^^^^^^^^^^^^^^^^^^^^^^^^^^^^^^^^^^^^^^^^^^^^^^^^^^^^^^^^^^^
> 157 |       }
      | ^^^^^^^^^^^^^^^^^^^^^^^^^^^^^^^^^^^^^^^^^^^^^^^^^^^^^^^^^^^^^^^^^^^^
> 158 |     } catch (error) {
      | ^^^^^^^^^^^^^^^^^^^^^^^^^^^^^^^^^^^^^^^^^^^^^^^^^^^^^^^^^^^^^^^^^^^^
> 159 |       /*
      | ^^^^^^^^^^^^^^^^^^^^^^^^^^^^^^^^^^^^^^^^^^^^^^^^^^^^^^^^^^^^^^^^^^^^
> 160 |         Stop paging rather than looping. A failure here leaves the offset where it
      | ^^^^^^^^^^^^^^^^^^^^^^^^^^^^^^^^^^^^^^^^^^^^^^^^^^^^^^^^^^^^^^^^^^^^
> 161 |         was, so the next scroll would ask for the same page again and keep
      | ^^^^^^^^^^^^^^^^^^^^^^^^^^^^^^^^^^^^^^^^^^^^^^^^^^^^^^^^^^^^^^^^^^^^
> 162 |         failing; clearing `hasMore` turns the footer into "End of history" and
      | ^^^^^^^^^^^^^^^^^^^^^^^^^^^^^^^^^^^^^^^^^^^^^^^^^^^^^^^^^^^^^^^^^^^^
> 163 |         leaves a working part of the list rather than an endless spinner.
      | ^^^^^^^^^^^^^^^^^^^^^^^^^^^^^^^^^^^^^^^^^^^^^^^^^^^^^^^^^^^^^^^^^^^^
> 164 |       */
      | ^^^^^^^^^^^^^^^^^^^^^^^^^^^^^^^^^^^^^^^^^^^^^^^^^^^^^^^^^^^^^^^^^^^^
> 165 |       console.warn('[expenses] could not load the next page', error);
      | ^^^^^^^^^^^^^^^^^^^^^^^^^^^^^^^^^^^^^^^^^^^^^^^^^^^^^^^^^^^^^^^^^^^^
> 166 |       setHasMore(false);
      | ^^^^^^^^^^^^^^^^^^^^^^^^^^^^^^^^^^^^^^^^^^^^^^^^^^^^^^^^^^^^^^^^^^^^
> 167 |     } finally {
      | ^^^^^^^^^^^^^^^^^^^^^^^^^^^^^^^^^^^^^^^^^^^^^^^^^^^^^^^^^^^^^^^^^^^^
> 168 |       loadingMore.current = false;
      | ^^^^^^^^^^^^^^^^^^^^^^^^^^^^^^^^^^^^^^^^^^^^^^^^^^^^^^^^^^^^^^^^^^^^
> 169 |     }
      | ^^^^^^ (BuildHIR::lowerStatement) Handle TryStatement with a finalizer ('finally') clause
  170 |   }, [hasMore, rows.length]);
  171 |
  172 |   /*
    at new HIRBuilder (C:\Users\DboxAdmin\skill_projects\expense-tracker\node_modules\babel-plugin-react-compiler\dist\index.js:76126:19)
    at lower (C:\Users\DboxAdmin\skill_projects\expense-tracker\node_modules\babel-plugin-react-compiler\dist\index.js:78097:19)
    at runWithEnvironment (C:\Users\DboxAdmin\skill_projects\expense-tracker\node_modules\babel-plugin-react-compiler\dist\index.js:106368:15)
    at run (C:\Users\DboxAdmin\skill_projects\expense-tracker\node_modules\babel-plugin-react-compiler\dist\index.js:106361:10)
    at compileFn (C:\Users\DboxAdmin\skill_projects\expense-tracker\node_modules\babel-plugin-react-compiler\dist\index.js:106689:10)
    at tryCompileFunction (C:\Users\DboxAdmin\skill_projects\expense-tracker\node_modules\babel-plugin-react-compiler\dist\index.js:107289:19)
    at processFn (C:\Users\DboxAdmin\skill_projects\expense-tracker\node_modules\babel-plugin-react-compiler\dist\index.js:107226:25)
    at compileProgram (C:\Users\DboxAdmin\skill_projects\expense-tracker\node_modules\babel-plugin-react-compiler\dist\index.js:107107:22)
    at PluginPass.enter (C:\Users\DboxAdmin\skill_projects\expense-tracker\node_modules\babel-plugin-react-compiler\dist\index.js:108443:28)
    at newFn (C:\Users\DboxAdmin\skill_projects\expense-tracker\node_modules\@babel\traverse\lib\visitors.js:168:14)
    at NodePath._call (C:\Users\DboxAdmin\skill_projects\expense-tracker\node_modules\@babel\traverse\lib\path\context.js:50:20)
    at NodePath.call (C:\Users\DboxAdmin\skill_projects\expense-tracker\node_modules\@babel\traverse\lib\path\context.js:40:18)
    at NodePath.visit (C:\Users\DboxAdmin\skill_projects\expense-tracker\node_modules\@babel\traverse\lib\path\context.js:87:31)
    at TraversalContext.visitQueue (C:\Users\DboxAdmin\skill_projects\expense-tracker\node_modules\@babel\traverse\lib\context.js:96:16)
    at TraversalContext.visitSingle (C:\Users\DboxAdmin\skill_projects\expense-tracker\node_modules\@babel\traverse\lib\context.js:72:19)
    at TraversalContext.visit (C:\Users\DboxAdmin\skill_projects\expense-tracker\node_modules\@babel\traverse\lib\context.js:119:19)
    at traverseNode (C:\Users\DboxAdmin\skill_projects\expense-tracker\node_modules\@babel\traverse\lib\traverse-node.js:130:17)
    at traverse (C:\Users\DboxAdmin\skill_projects\expense-tracker\node_modules\@babel\traverse\lib\index.js:53:34)
    at transformFile (C:\Users\DboxAdmin\skill_projects\expense-tracker\node_modules\@babel\core\lib\transformation\index.js:79:29)
    at transformFile.next (<anonymous>)
    at run (C:\Users\DboxAdmin\skill_projects\expense-tracker\node_modules\@babel\core\lib\transformation\index.js:25:12)
    at run.next (<anonymous>)
    at transform (C:\Users\DboxAdmin\skill_projects\expense-tracker\node_modules\@babel\core\lib\transform.js:22:33)
    at transform.next (<anonymous>)
    at evaluateSync (C:\Users\DboxAdmin\skill_projects\expense-tracker\node_modules\gensync\index.js:251:28)
    at sync (C:\Users\DboxAdmin\skill_projects\expense-tracker\node_modules\gensync\index.js:89:14)
    at stopHiding - secret - don't use this - v1 (C:\Users\DboxAdmin\skill_projects\expense-tracker\node_modules\@babel\core\lib\errors\rewrite-stack-trace.js:47:12)
    at Object.transformSync (C:\Users\DboxAdmin\skill_projects\expense-tracker\node_modules\@babel\core\lib\transform.js:40:76)
    at parseWithBabel (C:\Users\DboxAdmin\skill_projects\expense-tracker\node_modules\@expo\metro-config\build\transformSync.js:75:18)
    at transformSync (C:\Users\DboxAdmin\skill_projects\expense-tracker\node_modules\@expo\metro-config\build\transformSync.js:54:16)
    at Object.transform (C:\Users\DboxAdmin\skill_projects\expense-tracker\node_modules\@expo\metro-config\build\babel-transformer.js:146:58)
    at transformJSWithBabel (C:\Users\DboxAdmin\skill_projects\expense-tracker\node_modules\@expo\metro-config\build\transform-worker\metro-transform-worker.js:495:47)
    at Object.transform (C:\Users\DboxAdmin\skill_projects\expense-tracker\node_modules\@expo\metro-config\build\transform-worker\metro-transform-worker.js:614:12)
    at Object.transform (C:\Users\DboxAdmin\skill_projects\expense-tracker\node_modules\@expo\metro-config\build\transform-worker\transform-worker.js:179:19)
    at transformFile (C:\Users\DboxAdmin\skill_projects\expense-tracker\node_modules\metro\src\DeltaBundler\Worker.flow.js:67:36)
    at Object.transform (C:\Users\DboxAdmin\skill_projects\expense-tracker\node_modules\metro\src\DeltaBundler\Worker.flow.js:42:10)
    at execFunction (C:\Users\DboxAdmin\skill_projects\expense-tracker\node_modules\jest-worker\build\workers\threadChild.js:167:17)
    at execHelper (C:\Users\DboxAdmin\skill_projects\expense-tracker\node_modules\jest-worker\build\workers\threadChild.js:155:5)
    at execMethod (C:\Users\DboxAdmin\skill_projects\expense-tracker\node_modules\jest-worker\build\workers\threadChild.js:158:5)
    at MessagePort.messageListener (C:\Users\DboxAdmin\skill_projects\expense-tracker\node_modules\jest-worker\build\workers\threadChild.js:52:7)
    at [nodejs.internal.kHybridDispatch] (node:internal/event_target:848:20)
 ERROR  ReactCompilerError: Found 2 errors:

Todo: (BuildHIR::lowerStatement) Handle TryStatement with a finalizer ('finally') clause

  110 |     loadingMore.current = true;
  111 |
> 112 |     try {
      |     ^^^^^
> 113 |       const repository = new ExpenseRepository(await getDatabase());
      | ^^^^^^^^^^^^^^^^^^^^^^^^^^^^^^^^^^^^^^^^^^^^^^^^^^^^^^^^^^^^^^^^^^^^
> 114 |       const page = await repository.listRecent({ limit: EXPENSE_PAGE_SIZE, offset: 0 });
      | ^^^^^^^^^^^^^^^^^^^^^^^^^^^^^^^^^^^^^^^^^^^^^^^^^^^^^^^^^^^^^^^^^^^^
> 115 |
      | ^^^^^^^^^^^^^^^^^^^^^^^^^^^^^^^^^^^^^^^^^^^^^^^^^^^^^^^^^^^^^^^^^^^^
> 116 |       setRows(page.expenses);
      | ^^^^^^^^^^^^^^^^^^^^^^^^^^^^^^^^^^^^^^^^^^^^^^^^^^^^^^^^^^^^^^^^^^^^
> 117 |       setHasMore(page.hasMore);
      | ^^^^^^^^^^^^^^^^^^^^^^^^^^^^^^^^^^^^^^^^^^^^^^^^^^^^^^^^^^^^^^^^^^^^
> 118 |       setStatus('ready');
      | ^^^^^^^^^^^^^^^^^^^^^^^^^^^^^^^^^^^^^^^^^^^^^^^^^^^^^^^^^^^^^^^^^^^^
> 119 |     } catch (error) {
      | ^^^^^^^^^^^^^^^^^^^^^^^^^^^^^^^^^^^^^^^^^^^^^^^^^^^^^^^^^^^^^^^^^^^^
> 120 |       // Rows already on screen are left alone; only a first load with nothing to
      | ^^^^^^^^^^^^^^^^^^^^^^^^^^^^^^^^^^^^^^^^^^^^^^^^^^^^^^^^^^^^^^^^^^^^
> 121 |       // show replaces them with an error.
      | ^^^^^^^^^^^^^^^^^^^^^^^^^^^^^^^^^^^^^^^^^^^^^^^^^^^^^^^^^^^^^^^^^^^^
> 122 |       console.warn('[expenses] could not load the first page', error);
      | ^^^^^^^^^^^^^^^^^^^^^^^^^^^^^^^^^^^^^^^^^^^^^^^^^^^^^^^^^^^^^^^^^^^^
> 123 |
      | ^^^^^^^^^^^^^^^^^^^^^^^^^^^^^^^^^^^^^^^^^^^^^^^^^^^^^^^^^^^^^^^^^^^^
> 124 |       if (rows.length === 0) {
      | ^^^^^^^^^^^^^^^^^^^^^^^^^^^^^^^^^^^^^^^^^^^^^^^^^^^^^^^^^^^^^^^^^^^^
> 125 |         setStatus('error');
      | ^^^^^^^^^^^^^^^^^^^^^^^^^^^^^^^^^^^^^^^^^^^^^^^^^^^^^^^^^^^^^^^^^^^^
> 126 |       }
      | ^^^^^^^^^^^^^^^^^^^^^^^^^^^^^^^^^^^^^^^^^^^^^^^^^^^^^^^^^^^^^^^^^^^^
> 127 |     } finally {
      | ^^^^^^^^^^^^^^^^^^^^^^^^^^^^^^^^^^^^^^^^^^^^^^^^^^^^^^^^^^^^^^^^^^^^
> 128 |       loadingMore.current = false;
      | ^^^^^^^^^^^^^^^^^^^^^^^^^^^^^^^^^^^^^^^^^^^^^^^^^^^^^^^^^^^^^^^^^^^^
> 129 |     }
      | ^^^^^^ (BuildHIR::lowerStatement) Handle TryStatement with a finalizer ('finally') clause
  130 |   }, [rows.length]);
  131 |
  132 |   const loadNextPage = useCallback(async () => {

Todo: (BuildHIR::lowerStatement) Handle TryStatement with a finalizer ('finally') clause

  140 |     loadingMore.current = true;
  141 |
> 142 |     try {
      |     ^^^^^
> 143 |       const repository = new ExpenseRepository(await getDatabase());
      | ^^^^^^^^^^^^^^^^^^^^^^^^^^^^^^^^^^^^^^^^^^^^^^^^^^^^^^^^^^^^^^^^^^^^
> 144 |       const page = await repository.listRecent({
      | ^^^^^^^^^^^^^^^^^^^^^^^^^^^^^^^^^^^^^^^^^^^^^^^^^^^^^^^^^^^^^^^^^^^^
> 145 |         limit: EXPENSE_PAGE_SIZE,
      | ^^^^^^^^^^^^^^^^^^^^^^^^^^^^^^^^^^^^^^^^^^^^^^^^^^^^^^^^^^^^^^^^^^^^
> 146 |         // Read against the rows on screen, not against a separate counter that
      | ^^^^^^^^^^^^^^^^^^^^^^^^^^^^^^^^^^^^^^^^^^^^^^^^^^^^^^^^^^^^^^^^^^^^
> 147 |         // could drift from them.
      | ^^^^^^^^^^^^^^^^^^^^^^^^^^^^^^^^^^^^^^^^^^^^^^^^^^^^^^^^^^^^^^^^^^^^
> 148 |         offset: rows.length,
      | ^^^^^^^^^^^^^^^^^^^^^^^^^^^^^^^^^^^^^^^^^^^^^^^^^^^^^^^^^^^^^^^^^^^^
> 149 |       });
      | ^^^^^^^^^^^^^^^^^^^^^^^^^^^^^^^^^^^^^^^^^^^^^^^^^^^^^^^^^^^^^^^^^^^^
> 150 |
      | ^^^^^^^^^^^^^^^^^^^^^^^^^^^^^^^^^^^^^^^^^^^^^^^^^^^^^^^^^^^^^^^^^^^^
> 151 |       setHasMore(page.hasMore);
      | ^^^^^^^^^^^^^^^^^^^^^^^^^^^^^^^^^^^^^^^^^^^^^^^^^^^^^^^^^^^^^^^^^^^^
> 152 |
      | ^^^^^^^^^^^^^^^^^^^^^^^^^^^^^^^^^^^^^^^^^^^^^^^^^^^^^^^^^^^^^^^^^^^^
> 153 |       if (page.expenses.length > 0) {
      | ^^^^^^^^^^^^^^^^^^^^^^^^^^^^^^^^^^^^^^^^^^^^^^^^^^^^^^^^^^^^^^^^^^^^
> 154 |         // Append. These are the same row objects the query returned, so the
      | ^^^^^^^^^^^^^^^^^^^^^^^^^^^^^^^^^^^^^^^^^^^^^^^^^^^^^^^^^^^^^^^^^^^^
> 155 |         // rows already on screen keep their identity and do not re-render.
      | ^^^^^^^^^^^^^^^^^^^^^^^^^^^^^^^^^^^^^^^^^^^^^^^^^^^^^^^^^^^^^^^^^^^^
> 156 |         setRows((current) => [...current, ...page.expenses]);
      | ^^^^^^^^^^^^^^^^^^^^^^^^^^^^^^^^^^^^^^^^^^^^^^^^^^^^^^^^^^^^^^^^^^^^
> 157 |       }
      | ^^^^^^^^^^^^^^^^^^^^^^^^^^^^^^^^^^^^^^^^^^^^^^^^^^^^^^^^^^^^^^^^^^^^
> 158 |     } catch (error) {
      | ^^^^^^^^^^^^^^^^^^^^^^^^^^^^^^^^^^^^^^^^^^^^^^^^^^^^^^^^^^^^^^^^^^^^
> 159 |       /*
      | ^^^^^^^^^^^^^^^^^^^^^^^^^^^^^^^^^^^^^^^^^^^^^^^^^^^^^^^^^^^^^^^^^^^^
> 160 |         Stop paging rather than looping. A failure here leaves the offset where it
      | ^^^^^^^^^^^^^^^^^^^^^^^^^^^^^^^^^^^^^^^^^^^^^^^^^^^^^^^^^^^^^^^^^^^^
> 161 |         was, so the next scroll would ask for the same page again and keep
      | ^^^^^^^^^^^^^^^^^^^^^^^^^^^^^^^^^^^^^^^^^^^^^^^^^^^^^^^^^^^^^^^^^^^^
> 162 |         failing; clearing `hasMore` turns the footer into "End of history" and
      | ^^^^^^^^^^^^^^^^^^^^^^^^^^^^^^^^^^^^^^^^^^^^^^^^^^^^^^^^^^^^^^^^^^^^
> 163 |         leaves a working part of the list rather than an endless spinner.
      | ^^^^^^^^^^^^^^^^^^^^^^^^^^^^^^^^^^^^^^^^^^^^^^^^^^^^^^^^^^^^^^^^^^^^
> 164 |       */
      | ^^^^^^^^^^^^^^^^^^^^^^^^^^^^^^^^^^^^^^^^^^^^^^^^^^^^^^^^^^^^^^^^^^^^
> 165 |       console.warn('[expenses] could not load the next page', error);
      | ^^^^^^^^^^^^^^^^^^^^^^^^^^^^^^^^^^^^^^^^^^^^^^^^^^^^^^^^^^^^^^^^^^^^
> 166 |       setHasMore(false);
      | ^^^^^^^^^^^^^^^^^^^^^^^^^^^^^^^^^^^^^^^^^^^^^^^^^^^^^^^^^^^^^^^^^^^^
> 167 |     } finally {
      | ^^^^^^^^^^^^^^^^^^^^^^^^^^^^^^^^^^^^^^^^^^^^^^^^^^^^^^^^^^^^^^^^^^^^
> 168 |       loadingMore.current = false;
      | ^^^^^^^^^^^^^^^^^^^^^^^^^^^^^^^^^^^^^^^^^^^^^^^^^^^^^^^^^^^^^^^^^^^^
> 169 |     }
      | ^^^^^^ (BuildHIR::lowerStatement) Handle TryStatement with a finalizer ('finally') clause
  170 |   }, [hasMore, rows.length]);
  171 |
  172 |   /*
    at new HIRBuilder (C:\Users\DboxAdmin\skill_projects\expense-tracker\node_modules\babel-plugin-react-compiler\dist\index.js:76126:19)
    at lower (C:\Users\DboxAdmin\skill_projects\expense-tracker\node_modules\babel-plugin-react-compiler\dist\index.js:78097:19)
    at runWithEnvironment (C:\Users\DboxAdmin\skill_projects\expense-tracker\node_modules\babel-plugin-react-compiler\dist\index.js:106368:15)
    at run (C:\Users\DboxAdmin\skill_projects\expense-tracker\node_modules\babel-plugin-react-compiler\dist\index.js:106361:10)
    at compileFn (C:\Users\DboxAdmin\skill_projects\expense-tracker\node_modules\babel-plugin-react-compiler\dist\index.js:106689:10)
    at tryCompileFunction (C:\Users\DboxAdmin\skill_projects\expense-tracker\node_modules\babel-plugin-react-compiler\dist\index.js:107289:19)
    at processFn (C:\Users\DboxAdmin\skill_projects\expense-tracker\node_modules\babel-plugin-react-compiler\dist\index.js:107226:25)
    at compileProgram (C:\Users\DboxAdmin\skill_projects\expense-tracker\node_modules\babel-plugin-react-compiler\dist\index.js:107107:22)
    at PluginPass.enter (C:\Users\DboxAdmin\skill_projects\expense-tracker\node_modules\babel-plugin-react-compiler\dist\index.js:108443:28)
    at newFn (C:\Users\DboxAdmin\skill_projects\expense-tracker\node_modules\@babel\traverse\lib\visitors.js:168:14)
    at NodePath._call (C:\Users\DboxAdmin\skill_projects\expense-tracker\node_modules\@babel\traverse\lib\path\context.js:50:20)
    at NodePath.call (C:\Users\DboxAdmin\skill_projects\expense-tracker\node_modules\@babel\traverse\lib\path\context.js:40:18)
    at NodePath.visit (C:\Users\DboxAdmin\skill_projects\expense-tracker\node_modules\@babel\traverse\lib\path\context.js:87:31)
    at TraversalContext.visitQueue (C:\Users\DboxAdmin\skill_projects\expense-tracker\node_modules\@babel\traverse\lib\context.js:96:16)
    at TraversalContext.visitSingle (C:\Users\DboxAdmin\skill_projects\expense-tracker\node_modules\@babel\traverse\lib\context.js:72:19)
    at TraversalContext.visit (C:\Users\DboxAdmin\skill_projects\expense-tracker\node_modules\@babel\traverse\lib\context.js:119:19)
    at traverseNode (C:\Users\DboxAdmin\skill_projects\expense-tracker\node_modules\@babel\traverse\lib\traverse-node.js:130:17)
    at traverse (C:\Users\DboxAdmin\skill_projects\expense-tracker\node_modules\@babel\traverse\lib\index.js:53:34)
    at transformFile (C:\Users\DboxAdmin\skill_projects\expense-tracker\node_modules\@babel\core\lib\transformation\index.js:79:29)
    at transformFile.next (<anonymous>)
    at run (C:\Users\DboxAdmin\skill_projects\expense-tracker\node_modules\@babel\core\lib\transformation\index.js:25:12)
    at run.next (<anonymous>)
    at transform (C:\Users\DboxAdmin\skill_projects\expense-tracker\node_modules\@babel\core\lib\transform.js:22:33)
    at transform.next (<anonymous>)
    at evaluateSync (C:\Users\DboxAdmin\skill_projects\expense-tracker\node_modules\gensync\index.js:251:28)
    at sync (C:\Users\DboxAdmin\skill_projects\expense-tracker\node_modules\gensync\index.js:89:14)
    at stopHiding - secret - don't use this - v1 (C:\Users\DboxAdmin\skill_projects\expense-tracker\node_modules\@babel\core\lib\errors\rewrite-stack-trace.js:47:12)
    at Object.transformSync (C:\Users\DboxAdmin\skill_projects\expense-tracker\node_modules\@babel\core\lib\transform.js:40:76)
    at parseWithBabel (C:\Users\DboxAdmin\skill_projects\expense-tracker\node_modules\@expo\metro-config\build\transformSync.js:75:18)
    at transformSync (C:\Users\DboxAdmin\skill_projects\expense-tracker\node_modules\@expo\metro-config\build\transformSync.js:54:16)
    at Object.transform (C:\Users\DboxAdmin\skill_projects\expense-tracker\node_modules\@expo\metro-config\build\babel-transformer.js:146:58)
    at transformJSWithBabel (C:\Users\DboxAdmin\skill_projects\expense-tracker\node_modules\@expo\metro-config\build\transform-worker\metro-transform-worker.js:495:47)
    at Object.transform (C:\Users\DboxAdmin\skill_projects\expense-tracker\node_modules\@expo\metro-config\build\transform-worker\metro-transform-worker.js:614:12)
    at Object.transform (C:\Users\DboxAdmin\skill_projects\expense-tracker\node_modules\@expo\metro-config\build\transform-worker\transform-worker.js:179:19)
    at transformFile (C:\Users\DboxAdmin\skill_projects\expense-tracker\node_modules\metro\src\DeltaBundler\Worker.flow.js:67:36)
    at Object.transform (C:\Users\DboxAdmin\skill_projects\expense-tracker\node_modules\metro\src\DeltaBundler\Worker.flow.js:42:10)
    at execFunction (C:\Users\DboxAdmin\skill_projects\expense-tracker\node_modules\jest-worker\build\workers\threadChild.js:167:17)
    at execHelper (C:\Users\DboxAdmin\skill_projects\expense-tracker\node_modules\jest-worker\build\workers\threadChild.js:155:5)
    at execMethod (C:\Users\DboxAdmin\skill_projects\expense-tracker\node_modules\jest-worker\build\workers\threadChild.js:158:5)
    at MessagePort.messageListener (C:\Users\DboxAdmin\skill_projects\expense-tracker\node_modules\jest-worker\build\workers\threadChild.js:52:7)
    at [nodejs.internal.kHybridDispatch] (node:internal/event_target:848:20)
 ERROR  ReactCompilerError: Found 2 errors:

Todo: (BuildHIR::lowerStatement) Handle TryStatement with a finalizer ('finally') clause

  110 |     loadingMore.current = true;
  111 |
> 112 |     try {
      |     ^^^^^
> 113 |       const repository = new ExpenseRepository(await getDatabase());
      | ^^^^^^^^^^^^^^^^^^^^^^^^^^^^^^^^^^^^^^^^^^^^^^^^^^^^^^^^^^^^^^^^^^^^
> 114 |       const page = await repository.listRecent({ limit: EXPENSE_PAGE_SIZE, offset: 0 });
      | ^^^^^^^^^^^^^^^^^^^^^^^^^^^^^^^^^^^^^^^^^^^^^^^^^^^^^^^^^^^^^^^^^^^^
> 115 |
      | ^^^^^^^^^^^^^^^^^^^^^^^^^^^^^^^^^^^^^^^^^^^^^^^^^^^^^^^^^^^^^^^^^^^^
> 116 |       setRows(page.expenses);
      | ^^^^^^^^^^^^^^^^^^^^^^^^^^^^^^^^^^^^^^^^^^^^^^^^^^^^^^^^^^^^^^^^^^^^
> 117 |       setHasMore(page.hasMore);
      | ^^^^^^^^^^^^^^^^^^^^^^^^^^^^^^^^^^^^^^^^^^^^^^^^^^^^^^^^^^^^^^^^^^^^
> 118 |       setStatus('ready');
      | ^^^^^^^^^^^^^^^^^^^^^^^^^^^^^^^^^^^^^^^^^^^^^^^^^^^^^^^^^^^^^^^^^^^^
> 119 |     } catch (error) {
      | ^^^^^^^^^^^^^^^^^^^^^^^^^^^^^^^^^^^^^^^^^^^^^^^^^^^^^^^^^^^^^^^^^^^^
> 120 |       // Rows already on screen are left alone; only a first load with nothing to
      | ^^^^^^^^^^^^^^^^^^^^^^^^^^^^^^^^^^^^^^^^^^^^^^^^^^^^^^^^^^^^^^^^^^^^
> 121 |       // show replaces them with an error.
      | ^^^^^^^^^^^^^^^^^^^^^^^^^^^^^^^^^^^^^^^^^^^^^^^^^^^^^^^^^^^^^^^^^^^^
> 122 |       console.warn('[expenses] could not load the first page', error);
      | ^^^^^^^^^^^^^^^^^^^^^^^^^^^^^^^^^^^^^^^^^^^^^^^^^^^^^^^^^^^^^^^^^^^^
> 123 |
      | ^^^^^^^^^^^^^^^^^^^^^^^^^^^^^^^^^^^^^^^^^^^^^^^^^^^^^^^^^^^^^^^^^^^^
> 124 |       if (rows.length === 0) {
      | ^^^^^^^^^^^^^^^^^^^^^^^^^^^^^^^^^^^^^^^^^^^^^^^^^^^^^^^^^^^^^^^^^^^^
> 125 |         setStatus('error');
      | ^^^^^^^^^^^^^^^^^^^^^^^^^^^^^^^^^^^^^^^^^^^^^^^^^^^^^^^^^^^^^^^^^^^^
> 126 |       }
      | ^^^^^^^^^^^^^^^^^^^^^^^^^^^^^^^^^^^^^^^^^^^^^^^^^^^^^^^^^^^^^^^^^^^^
> 127 |     } finally {
      | ^^^^^^^^^^^^^^^^^^^^^^^^^^^^^^^^^^^^^^^^^^^^^^^^^^^^^^^^^^^^^^^^^^^^
> 128 |       loadingMore.current = false;
      | ^^^^^^^^^^^^^^^^^^^^^^^^^^^^^^^^^^^^^^^^^^^^^^^^^^^^^^^^^^^^^^^^^^^^
> 129 |     }
      | ^^^^^^ (BuildHIR::lowerStatement) Handle TryStatement with a finalizer ('finally') clause
  130 |   }, [rows.length]);
  131 |
  132 |   const loadNextPage = useCallback(async () => {

Todo: (BuildHIR::lowerStatement) Handle TryStatement with a finalizer ('finally') clause

  140 |     loadingMore.current = true;
  141 |
> 142 |     try {
      |     ^^^^^
> 143 |       const repository = new ExpenseRepository(await getDatabase());
      | ^^^^^^^^^^^^^^^^^^^^^^^^^^^^^^^^^^^^^^^^^^^^^^^^^^^^^^^^^^^^^^^^^^^^
> 144 |       const page = await repository.listRecent({
      | ^^^^^^^^^^^^^^^^^^^^^^^^^^^^^^^^^^^^^^^^^^^^^^^^^^^^^^^^^^^^^^^^^^^^
> 145 |         limit: EXPENSE_PAGE_SIZE,
      | ^^^^^^^^^^^^^^^^^^^^^^^^^^^^^^^^^^^^^^^^^^^^^^^^^^^^^^^^^^^^^^^^^^^^
> 146 |         // Read against the rows on screen, not against a separate counter that
      | ^^^^^^^^^^^^^^^^^^^^^^^^^^^^^^^^^^^^^^^^^^^^^^^^^^^^^^^^^^^^^^^^^^^^
> 147 |         // could drift from them.
      | ^^^^^^^^^^^^^^^^^^^^^^^^^^^^^^^^^^^^^^^^^^^^^^^^^^^^^^^^^^^^^^^^^^^^
> 148 |         offset: rows.length,
      | ^^^^^^^^^^^^^^^^^^^^^^^^^^^^^^^^^^^^^^^^^^^^^^^^^^^^^^^^^^^^^^^^^^^^
> 149 |       });
      | ^^^^^^^^^^^^^^^^^^^^^^^^^^^^^^^^^^^^^^^^^^^^^^^^^^^^^^^^^^^^^^^^^^^^
> 150 |
      | ^^^^^^^^^^^^^^^^^^^^^^^^^^^^^^^^^^^^^^^^^^^^^^^^^^^^^^^^^^^^^^^^^^^^
> 151 |       setHasMore(page.hasMore);
      | ^^^^^^^^^^^^^^^^^^^^^^^^^^^^^^^^^^^^^^^^^^^^^^^^^^^^^^^^^^^^^^^^^^^^
> 152 |
      | ^^^^^^^^^^^^^^^^^^^^^^^^^^^^^^^^^^^^^^^^^^^^^^^^^^^^^^^^^^^^^^^^^^^^
> 153 |       if (page.expenses.length > 0) {
      | ^^^^^^^^^^^^^^^^^^^^^^^^^^^^^^^^^^^^^^^^^^^^^^^^^^^^^^^^^^^^^^^^^^^^
> 154 |         // Append. These are the same row objects the query returned, so the
      | ^^^^^^^^^^^^^^^^^^^^^^^^^^^^^^^^^^^^^^^^^^^^^^^^^^^^^^^^^^^^^^^^^^^^
> 155 |         // rows already on screen keep their identity and do not re-render.
      | ^^^^^^^^^^^^^^^^^^^^^^^^^^^^^^^^^^^^^^^^^^^^^^^^^^^^^^^^^^^^^^^^^^^^
> 156 |         setRows((current) => [...current, ...page.expenses]);
      | ^^^^^^^^^^^^^^^^^^^^^^^^^^^^^^^^^^^^^^^^^^^^^^^^^^^^^^^^^^^^^^^^^^^^
> 157 |       }
      | ^^^^^^^^^^^^^^^^^^^^^^^^^^^^^^^^^^^^^^^^^^^^^^^^^^^^^^^^^^^^^^^^^^^^
> 158 |     } catch (error) {
      | ^^^^^^^^^^^^^^^^^^^^^^^^^^^^^^^^^^^^^^^^^^^^^^^^^^^^^^^^^^^^^^^^^^^^
> 159 |       /*
      | ^^^^^^^^^^^^^^^^^^^^^^^^^^^^^^^^^^^^^^^^^^^^^^^^^^^^^^^^^^^^^^^^^^^^
> 160 |         Stop paging rather than looping. A failure here leaves the offset where it
      | ^^^^^^^^^^^^^^^^^^^^^^^^^^^^^^^^^^^^^^^^^^^^^^^^^^^^^^^^^^^^^^^^^^^^
> 161 |         was, so the next scroll would ask for the same page again and keep
      | ^^^^^^^^^^^^^^^^^^^^^^^^^^^^^^^^^^^^^^^^^^^^^^^^^^^^^^^^^^^^^^^^^^^^
> 162 |         failing; clearing `hasMore` turns the footer into "End of history" and
      | ^^^^^^^^^^^^^^^^^^^^^^^^^^^^^^^^^^^^^^^^^^^^^^^^^^^^^^^^^^^^^^^^^^^^
> 163 |         leaves a working part of the list rather than an endless spinner.
      | ^^^^^^^^^^^^^^^^^^^^^^^^^^^^^^^^^^^^^^^^^^^^^^^^^^^^^^^^^^^^^^^^^^^^
> 164 |       */
      | ^^^^^^^^^^^^^^^^^^^^^^^^^^^^^^^^^^^^^^^^^^^^^^^^^^^^^^^^^^^^^^^^^^^^
> 165 |       console.warn('[expenses] could not load the next page', error);
      | ^^^^^^^^^^^^^^^^^^^^^^^^^^^^^^^^^^^^^^^^^^^^^^^^^^^^^^^^^^^^^^^^^^^^
> 166 |       setHasMore(false);
      | ^^^^^^^^^^^^^^^^^^^^^^^^^^^^^^^^^^^^^^^^^^^^^^^^^^^^^^^^^^^^^^^^^^^^
> 167 |     } finally {
      | ^^^^^^^^^^^^^^^^^^^^^^^^^^^^^^^^^^^^^^^^^^^^^^^^^^^^^^^^^^^^^^^^^^^^
> 168 |       loadingMore.current = false;
      | ^^^^^^^^^^^^^^^^^^^^^^^^^^^^^^^^^^^^^^^^^^^^^^^^^^^^^^^^^^^^^^^^^^^^
> 169 |     }
      | ^^^^^^ (BuildHIR::lowerStatement) Handle TryStatement with a finalizer ('finally') clause
  170 |   }, [hasMore, rows.length]);
  171 |
  172 |   /*
    at new HIRBuilder (C:\Users\DboxAdmin\skill_projects\expense-tracker\node_modules\babel-plugin-react-compiler\dist\index.js:76126:19)
    at lower (C:\Users\DboxAdmin\skill_projects\expense-tracker\node_modules\babel-plugin-react-compiler\dist\index.js:78097:19)
    at runWithEnvironment (C:\Users\DboxAdmin\skill_projects\expense-tracker\node_modules\babel-plugin-react-compiler\dist\index.js:106368:15)
    at run (C:\Users\DboxAdmin\skill_projects\expense-tracker\node_modules\babel-plugin-react-compiler\dist\index.js:106361:10)
    at compileFn (C:\Users\DboxAdmin\skill_projects\expense-tracker\node_modules\babel-plugin-react-compiler\dist\index.js:106689:10)
    at tryCompileFunction (C:\Users\DboxAdmin\skill_projects\expense-tracker\node_modules\babel-plugin-react-compiler\dist\index.js:107289:19)
    at processFn (C:\Users\DboxAdmin\skill_projects\expense-tracker\node_modules\babel-plugin-react-compiler\dist\index.js:107226:25)
    at compileProgram (C:\Users\DboxAdmin\skill_projects\expense-tracker\node_modules\babel-plugin-react-compiler\dist\index.js:107107:22)
    at PluginPass.enter (C:\Users\DboxAdmin\skill_projects\expense-tracker\node_modules\babel-plugin-react-compiler\dist\index.js:108443:28)
    at newFn (C:\Users\DboxAdmin\skill_projects\expense-tracker\node_modules\@babel\traverse\lib\visitors.js:168:14)
    at NodePath._call (C:\Users\DboxAdmin\skill_projects\expense-tracker\node_modules\@babel\traverse\lib\path\context.js:50:20)
    at NodePath.call (C:\Users\DboxAdmin\skill_projects\expense-tracker\node_modules\@babel\traverse\lib\path\context.js:40:18)
    at NodePath.visit (C:\Users\DboxAdmin\skill_projects\expense-tracker\node_modules\@babel\traverse\lib\path\context.js:87:31)
    at TraversalContext.visitQueue (C:\Users\DboxAdmin\skill_projects\expense-tracker\node_modules\@babel\traverse\lib\context.js:96:16)
    at TraversalContext.visitSingle (C:\Users\DboxAdmin\skill_projects\expense-tracker\node_modules\@babel\traverse\lib\context.js:72:19)
    at TraversalContext.visit (C:\Users\DboxAdmin\skill_projects\expense-tracker\node_modules\@babel\traverse\lib\context.js:119:19)
    at traverseNode (C:\Users\DboxAdmin\skill_projects\expense-tracker\node_modules\@babel\traverse\lib\traverse-node.js:130:17)
    at traverse (C:\Users\DboxAdmin\skill_projects\expense-tracker\node_modules\@babel\traverse\lib\index.js:53:34)
    at transformFile (C:\Users\DboxAdmin\skill_projects\expense-tracker\node_modules\@babel\core\lib\transformation\index.js:79:29)
    at transformFile.next (<anonymous>)
    at run (C:\Users\DboxAdmin\skill_projects\expense-tracker\node_modules\@babel\core\lib\transformation\index.js:25:12)
    at run.next (<anonymous>)
    at transform (C:\Users\DboxAdmin\skill_projects\expense-tracker\node_modules\@babel\core\lib\transform.js:22:33)
    at transform.next (<anonymous>)
    at evaluateSync (C:\Users\DboxAdmin\skill_projects\expense-tracker\node_modules\gensync\index.js:251:28)
    at sync (C:\Users\DboxAdmin\skill_projects\expense-tracker\node_modules\gensync\index.js:89:14)
    at stopHiding - secret - don't use this - v1 (C:\Users\DboxAdmin\skill_projects\expense-tracker\node_modules\@babel\core\lib\errors\rewrite-stack-trace.js:47:12)
    at Object.transformSync (C:\Users\DboxAdmin\skill_projects\expense-tracker\node_modules\@babel\core\lib\transform.js:40:76)
    at parseWithBabel (C:\Users\DboxAdmin\skill_projects\expense-tracker\node_modules\@expo\metro-config\build\transformSync.js:75:18)
    at transformSync (C:\Users\DboxAdmin\skill_projects\expense-tracker\node_modules\@expo\metro-config\build\transformSync.js:54:16)
    at Object.transform (C:\Users\DboxAdmin\skill_projects\expense-tracker\node_modules\@expo\metro-config\build\babel-transformer.js:146:58)
    at transformJSWithBabel (C:\Users\DboxAdmin\skill_projects\expense-tracker\node_modules\@expo\metro-config\build\transform-worker\metro-transform-worker.js:495:47)
    at Object.transform (C:\Users\DboxAdmin\skill_projects\expense-tracker\node_modules\@expo\metro-config\build\transform-worker\metro-transform-worker.js:614:12)
    at Object.transform (C:\Users\DboxAdmin\skill_projects\expense-tracker\node_modules\@expo\metro-config\build\transform-worker\transform-worker.js:179:19)
    at transformFile (C:\Users\DboxAdmin\skill_projects\expense-tracker\node_modules\metro\src\DeltaBundler\Worker.flow.js:67:36)
    at Object.transform (C:\Users\DboxAdmin\skill_projects\expense-tracker\node_modules\metro\src\DeltaBundler\Worker.flow.js:42:10)
    at execFunction (C:\Users\DboxAdmin\skill_projects\expense-tracker\node_modules\jest-worker\build\workers\threadChild.js:167:17)
    at execHelper (C:\Users\DboxAdmin\skill_projects\expense-tracker\node_modules\jest-worker\build\workers\threadChild.js:155:5)
    at execMethod (C:\Users\DboxAdmin\skill_projects\expense-tracker\node_modules\jest-worker\build\workers\threadChild.js:158:5)
    at MessagePort.messageListener (C:\Users\DboxAdmin\skill_projects\expense-tracker\node_modules\jest-worker\build\workers\threadChild.js:52:7)
    at [nodejs.internal.kHybridDispatch] (node:internal/event_target:848:20)
 ERROR  ReactCompilerError: Found 2 errors:

Todo: (BuildHIR::lowerStatement) Handle TryStatement with a finalizer ('finally') clause

  110 |     loadingMore.current = true;
  111 |
> 112 |     try {
      |     ^^^^^
> 113 |       const repository = new ExpenseRepository(await getDatabase());
      | ^^^^^^^^^^^^^^^^^^^^^^^^^^^^^^^^^^^^^^^^^^^^^^^^^^^^^^^^^^^^^^^^^^^^
> 114 |       const page = await repository.listRecent({ limit: EXPENSE_PAGE_SIZE, offset: 0 });
      | ^^^^^^^^^^^^^^^^^^^^^^^^^^^^^^^^^^^^^^^^^^^^^^^^^^^^^^^^^^^^^^^^^^^^
> 115 |
      | ^^^^^^^^^^^^^^^^^^^^^^^^^^^^^^^^^^^^^^^^^^^^^^^^^^^^^^^^^^^^^^^^^^^^
> 116 |       setRows(page.expenses);
      | ^^^^^^^^^^^^^^^^^^^^^^^^^^^^^^^^^^^^^^^^^^^^^^^^^^^^^^^^^^^^^^^^^^^^
> 117 |       setHasMore(page.hasMore);
      | ^^^^^^^^^^^^^^^^^^^^^^^^^^^^^^^^^^^^^^^^^^^^^^^^^^^^^^^^^^^^^^^^^^^^
> 118 |       setStatus('ready');
      | ^^^^^^^^^^^^^^^^^^^^^^^^^^^^^^^^^^^^^^^^^^^^^^^^^^^^^^^^^^^^^^^^^^^^
> 119 |     } catch (error) {
      | ^^^^^^^^^^^^^^^^^^^^^^^^^^^^^^^^^^^^^^^^^^^^^^^^^^^^^^^^^^^^^^^^^^^^
> 120 |       // Rows already on screen are left alone; only a first load with nothing to
      | ^^^^^^^^^^^^^^^^^^^^^^^^^^^^^^^^^^^^^^^^^^^^^^^^^^^^^^^^^^^^^^^^^^^^
> 121 |       // show replaces them with an error.
      | ^^^^^^^^^^^^^^^^^^^^^^^^^^^^^^^^^^^^^^^^^^^^^^^^^^^^^^^^^^^^^^^^^^^^
> 122 |       console.warn('[expenses] could not load the first page', error);
      | ^^^^^^^^^^^^^^^^^^^^^^^^^^^^^^^^^^^^^^^^^^^^^^^^^^^^^^^^^^^^^^^^^^^^
> 123 |
      | ^^^^^^^^^^^^^^^^^^^^^^^^^^^^^^^^^^^^^^^^^^^^^^^^^^^^^^^^^^^^^^^^^^^^
> 124 |       if (rows.length === 0) {
      | ^^^^^^^^^^^^^^^^^^^^^^^^^^^^^^^^^^^^^^^^^^^^^^^^^^^^^^^^^^^^^^^^^^^^
> 125 |         setStatus('error');
      | ^^^^^^^^^^^^^^^^^^^^^^^^^^^^^^^^^^^^^^^^^^^^^^^^^^^^^^^^^^^^^^^^^^^^
> 126 |       }
      | ^^^^^^^^^^^^^^^^^^^^^^^^^^^^^^^^^^^^^^^^^^^^^^^^^^^^^^^^^^^^^^^^^^^^
> 127 |     } finally {
      | ^^^^^^^^^^^^^^^^^^^^^^^^^^^^^^^^^^^^^^^^^^^^^^^^^^^^^^^^^^^^^^^^^^^^
> 128 |       loadingMore.current = false;
      | ^^^^^^^^^^^^^^^^^^^^^^^^^^^^^^^^^^^^^^^^^^^^^^^^^^^^^^^^^^^^^^^^^^^^
> 129 |     }
      | ^^^^^^ (BuildHIR::lowerStatement) Handle TryStatement with a finalizer ('finally') clause
  130 |   }, [rows.length]);
  131 |
  132 |   const loadNextPage = useCallback(async () => {

Todo: (BuildHIR::lowerStatement) Handle TryStatement with a finalizer ('finally') clause

  140 |     loadingMore.current = true;
  141 |
> 142 |     try {
      |     ^^^^^
> 143 |       const repository = new ExpenseRepository(await getDatabase());
      | ^^^^^^^^^^^^^^^^^^^^^^^^^^^^^^^^^^^^^^^^^^^^^^^^^^^^^^^^^^^^^^^^^^^^
> 144 |       const page = await repository.listRecent({
      | ^^^^^^^^^^^^^^^^^^^^^^^^^^^^^^^^^^^^^^^^^^^^^^^^^^^^^^^^^^^^^^^^^^^^
> 145 |         limit: EXPENSE_PAGE_SIZE,
      | ^^^^^^^^^^^^^^^^^^^^^^^^^^^^^^^^^^^^^^^^^^^^^^^^^^^^^^^^^^^^^^^^^^^^
> 146 |         // Read against the rows on screen, not against a separate counter that
      | ^^^^^^^^^^^^^^^^^^^^^^^^^^^^^^^^^^^^^^^^^^^^^^^^^^^^^^^^^^^^^^^^^^^^
> 147 |         // could drift from them.
      | ^^^^^^^^^^^^^^^^^^^^^^^^^^^^^^^^^^^^^^^^^^^^^^^^^^^^^^^^^^^^^^^^^^^^
> 148 |         offset: rows.length,
      | ^^^^^^^^^^^^^^^^^^^^^^^^^^^^^^^^^^^^^^^^^^^^^^^^^^^^^^^^^^^^^^^^^^^^
> 149 |       });
      | ^^^^^^^^^^^^^^^^^^^^^^^^^^^^^^^^^^^^^^^^^^^^^^^^^^^^^^^^^^^^^^^^^^^^
> 150 |
      | ^^^^^^^^^^^^^^^^^^^^^^^^^^^^^^^^^^^^^^^^^^^^^^^^^^^^^^^^^^^^^^^^^^^^
> 151 |       setHasMore(page.hasMore);
      | ^^^^^^^^^^^^^^^^^^^^^^^^^^^^^^^^^^^^^^^^^^^^^^^^^^^^^^^^^^^^^^^^^^^^
> 152 |
      | ^^^^^^^^^^^^^^^^^^^^^^^^^^^^^^^^^^^^^^^^^^^^^^^^^^^^^^^^^^^^^^^^^^^^
> 153 |       if (page.expenses.length > 0) {
      | ^^^^^^^^^^^^^^^^^^^^^^^^^^^^^^^^^^^^^^^^^^^^^^^^^^^^^^^^^^^^^^^^^^^^
> 154 |         // Append. These are the same row objects the query returned, so the
      | ^^^^^^^^^^^^^^^^^^^^^^^^^^^^^^^^^^^^^^^^^^^^^^^^^^^^^^^^^^^^^^^^^^^^
> 155 |         // rows already on screen keep their identity and do not re-render.
      | ^^^^^^^^^^^^^^^^^^^^^^^^^^^^^^^^^^^^^^^^^^^^^^^^^^^^^^^^^^^^^^^^^^^^
> 156 |         setRows((current) => [...current, ...page.expenses]);
      | ^^^^^^^^^^^^^^^^^^^^^^^^^^^^^^^^^^^^^^^^^^^^^^^^^^^^^^^^^^^^^^^^^^^^
> 157 |       }
      | ^^^^^^^^^^^^^^^^^^^^^^^^^^^^^^^^^^^^^^^^^^^^^^^^^^^^^^^^^^^^^^^^^^^^
> 158 |     } catch (error) {
      | ^^^^^^^^^^^^^^^^^^^^^^^^^^^^^^^^^^^^^^^^^^^^^^^^^^^^^^^^^^^^^^^^^^^^
> 159 |       /*
      | ^^^^^^^^^^^^^^^^^^^^^^^^^^^^^^^^^^^^^^^^^^^^^^^^^^^^^^^^^^^^^^^^^^^^
> 160 |         Stop paging rather than looping. A failure here leaves the offset where it
      | ^^^^^^^^^^^^^^^^^^^^^^^^^^^^^^^^^^^^^^^^^^^^^^^^^^^^^^^^^^^^^^^^^^^^
> 161 |         was, so the next scroll would ask for the same page again and keep
      | ^^^^^^^^^^^^^^^^^^^^^^^^^^^^^^^^^^^^^^^^^^^^^^^^^^^^^^^^^^^^^^^^^^^^
> 162 |         failing; clearing `hasMore` turns the footer into "End of history" and
      | ^^^^^^^^^^^^^^^^^^^^^^^^^^^^^^^^^^^^^^^^^^^^^^^^^^^^^^^^^^^^^^^^^^^^
> 163 |         leaves a working part of the list rather than an endless spinner.
      | ^^^^^^^^^^^^^^^^^^^^^^^^^^^^^^^^^^^^^^^^^^^^^^^^^^^^^^^^^^^^^^^^^^^^
> 164 |       */
      | ^^^^^^^^^^^^^^^^^^^^^^^^^^^^^^^^^^^^^^^^^^^^^^^^^^^^^^^^^^^^^^^^^^^^
> 165 |       console.warn('[expenses] could not load the next page', error);
      | ^^^^^^^^^^^^^^^^^^^^^^^^^^^^^^^^^^^^^^^^^^^^^^^^^^^^^^^^^^^^^^^^^^^^
> 166 |       setHasMore(false);
      | ^^^^^^^^^^^^^^^^^^^^^^^^^^^^^^^^^^^^^^^^^^^^^^^^^^^^^^^^^^^^^^^^^^^^
> 167 |     } finally {
      | ^^^^^^^^^^^^^^^^^^^^^^^^^^^^^^^^^^^^^^^^^^^^^^^^^^^^^^^^^^^^^^^^^^^^
> 168 |       loadingMore.current = false;
      | ^^^^^^^^^^^^^^^^^^^^^^^^^^^^^^^^^^^^^^^^^^^^^^^^^^^^^^^^^^^^^^^^^^^^
> 169 |     }
      | ^^^^^^ (BuildHIR::lowerStatement) Handle TryStatement with a finalizer ('finally') clause
  170 |   }, [hasMore, rows.length]);
  171 |
  172 |   /*
    at new HIRBuilder (C:\Users\DboxAdmin\skill_projects\expense-tracker\node_modules\babel-plugin-react-compiler\dist\index.js:76126:19)
    at lower (C:\Users\DboxAdmin\skill_projects\expense-tracker\node_modules\babel-plugin-react-compiler\dist\index.js:78097:19)
    at runWithEnvironment (C:\Users\DboxAdmin\skill_projects\expense-tracker\node_modules\babel-plugin-react-compiler\dist\index.js:106368:15)
    at run (C:\Users\DboxAdmin\skill_projects\expense-tracker\node_modules\babel-plugin-react-compiler\dist\index.js:106361:10)
    at compileFn (C:\Users\DboxAdmin\skill_projects\expense-tracker\node_modules\babel-plugin-react-compiler\dist\index.js:106689:10)
    at tryCompileFunction (C:\Users\DboxAdmin\skill_projects\expense-tracker\node_modules\babel-plugin-react-compiler\dist\index.js:107289:19)
    at processFn (C:\Users\DboxAdmin\skill_projects\expense-tracker\node_modules\babel-plugin-react-compiler\dist\index.js:107226:25)
    at compileProgram (C:\Users\DboxAdmin\skill_projects\expense-tracker\node_modules\babel-plugin-react-compiler\dist\index.js:107107:22)
    at PluginPass.enter (C:\Users\DboxAdmin\skill_projects\expense-tracker\node_modules\babel-plugin-react-compiler\dist\index.js:108443:28)
    at newFn (C:\Users\DboxAdmin\skill_projects\expense-tracker\node_modules\@babel\traverse\lib\visitors.js:168:14)
    at NodePath._call (C:\Users\DboxAdmin\skill_projects\expense-tracker\node_modules\@babel\traverse\lib\path\context.js:50:20)
    at NodePath.call (C:\Users\DboxAdmin\skill_projects\expense-tracker\node_modules\@babel\traverse\lib\path\context.js:40:18)
    at NodePath.visit (C:\Users\DboxAdmin\skill_projects\expense-tracker\node_modules\@babel\traverse\lib\path\context.js:87:31)
    at TraversalContext.visitQueue (C:\Users\DboxAdmin\skill_projects\expense-tracker\node_modules\@babel\traverse\lib\context.js:96:16)
    at TraversalContext.visitSingle (C:\Users\DboxAdmin\skill_projects\expense-tracker\node_modules\@babel\traverse\lib\context.js:72:19)
    at TraversalContext.visit (C:\Users\DboxAdmin\skill_projects\expense-tracker\node_modules\@babel\traverse\lib\context.js:119:19)
    at traverseNode (C:\Users\DboxAdmin\skill_projects\expense-tracker\node_modules\@babel\traverse\lib\traverse-node.js:130:17)
    at traverse (C:\Users\DboxAdmin\skill_projects\expense-tracker\node_modules\@babel\traverse\lib\index.js:53:34)
    at transformFile (C:\Users\DboxAdmin\skill_projects\expense-tracker\node_modules\@babel\core\lib\transformation\index.js:79:29)
    at transformFile.next (<anonymous>)
    at run (C:\Users\DboxAdmin\skill_projects\expense-tracker\node_modules\@babel\core\lib\transformation\index.js:25:12)
    at run.next (<anonymous>)
    at transform (C:\Users\DboxAdmin\skill_projects\expense-tracker\node_modules\@babel\core\lib\transform.js:22:33)
    at transform.next (<anonymous>)
    at evaluateSync (C:\Users\DboxAdmin\skill_projects\expense-tracker\node_modules\gensync\index.js:251:28)
    at sync (C:\Users\DboxAdmin\skill_projects\expense-tracker\node_modules\gensync\index.js:89:14)
    at stopHiding - secret - don't use this - v1 (C:\Users\DboxAdmin\skill_projects\expense-tracker\node_modules\@babel\core\lib\errors\rewrite-stack-trace.js:47:12)
    at Object.transformSync (C:\Users\DboxAdmin\skill_projects\expense-tracker\node_modules\@babel\core\lib\transform.js:40:76)
    at parseWithBabel (C:\Users\DboxAdmin\skill_projects\expense-tracker\node_modules\@expo\metro-config\build\transformSync.js:75:18)
    at transformSync (C:\Users\DboxAdmin\skill_projects\expense-tracker\node_modules\@expo\metro-config\build\transformSync.js:54:16)
    at Object.transform (C:\Users\DboxAdmin\skill_projects\expense-tracker\node_modules\@expo\metro-config\build\babel-transformer.js:146:58)
    at transformJSWithBabel (C:\Users\DboxAdmin\skill_projects\expense-tracker\node_modules\@expo\metro-config\build\transform-worker\metro-transform-worker.js:495:47)
    at Object.transform (C:\Users\DboxAdmin\skill_projects\expense-tracker\node_modules\@expo\metro-config\build\transform-worker\metro-transform-worker.js:614:12)
    at Object.transform (C:\Users\DboxAdmin\skill_projects\expense-tracker\node_modules\@expo\metro-config\build\transform-worker\transform-worker.js:179:19)
    at transformFile (C:\Users\DboxAdmin\skill_projects\expense-tracker\node_modules\metro\src\DeltaBundler\Worker.flow.js:67:36)
    at Object.transform (C:\Users\DboxAdmin\skill_projects\expense-tracker\node_modules\metro\src\DeltaBundler\Worker.flow.js:42:10)
    at execFunction (C:\Users\DboxAdmin\skill_projects\expense-tracker\node_modules\jest-worker\build\workers\threadChild.js:167:17)
    at execHelper (C:\Users\DboxAdmin\skill_projects\expense-tracker\node_modules\jest-worker\build\workers\threadChild.js:155:5)
    at execMethod (C:\Users\DboxAdmin\skill_projects\expense-tracker\node_modules\jest-worker\build\workers\threadChild.js:158:5)
    at MessagePort.messageListener (C:\Users\DboxAdmin\skill_projects\expense-tracker\node_modules\jest-worker\build\workers\threadChild.js:52:7)
    at [nodejs.internal.kHybridDispatch] (node:internal/event_target:848:20)
 ERROR  ReactCompilerError: Found 2 errors:

Todo: (BuildHIR::lowerStatement) Handle TryStatement with a finalizer ('finally') clause

  110 |     loadingMore.current = true;
  111 |
> 112 |     try {
      |     ^^^^^
> 113 |       const repository = new ExpenseRepository(await getDatabase());
      | ^^^^^^^^^^^^^^^^^^^^^^^^^^^^^^^^^^^^^^^^^^^^^^^^^^^^^^^^^^^^^^^^^^^^
> 114 |       const page = await repository.listRecent({ limit: EXPENSE_PAGE_SIZE, offset: 0 });
      | ^^^^^^^^^^^^^^^^^^^^^^^^^^^^^^^^^^^^^^^^^^^^^^^^^^^^^^^^^^^^^^^^^^^^
> 115 |
      | ^^^^^^^^^^^^^^^^^^^^^^^^^^^^^^^^^^^^^^^^^^^^^^^^^^^^^^^^^^^^^^^^^^^^
> 116 |       setRows(page.expenses);
      | ^^^^^^^^^^^^^^^^^^^^^^^^^^^^^^^^^^^^^^^^^^^^^^^^^^^^^^^^^^^^^^^^^^^^
> 117 |       setHasMore(page.hasMore);
      | ^^^^^^^^^^^^^^^^^^^^^^^^^^^^^^^^^^^^^^^^^^^^^^^^^^^^^^^^^^^^^^^^^^^^
> 118 |       setStatus('ready');
      | ^^^^^^^^^^^^^^^^^^^^^^^^^^^^^^^^^^^^^^^^^^^^^^^^^^^^^^^^^^^^^^^^^^^^
> 119 |     } catch (error) {
      | ^^^^^^^^^^^^^^^^^^^^^^^^^^^^^^^^^^^^^^^^^^^^^^^^^^^^^^^^^^^^^^^^^^^^
> 120 |       // Rows already on screen are left alone; only a first load with nothing to
      | ^^^^^^^^^^^^^^^^^^^^^^^^^^^^^^^^^^^^^^^^^^^^^^^^^^^^^^^^^^^^^^^^^^^^
> 121 |       // show replaces them with an error.
      | ^^^^^^^^^^^^^^^^^^^^^^^^^^^^^^^^^^^^^^^^^^^^^^^^^^^^^^^^^^^^^^^^^^^^
> 122 |       console.warn('[expenses] could not load the first page', error);
      | ^^^^^^^^^^^^^^^^^^^^^^^^^^^^^^^^^^^^^^^^^^^^^^^^^^^^^^^^^^^^^^^^^^^^
> 123 |
      | ^^^^^^^^^^^^^^^^^^^^^^^^^^^^^^^^^^^^^^^^^^^^^^^^^^^^^^^^^^^^^^^^^^^^
> 124 |       if (rows.length === 0) {
      | ^^^^^^^^^^^^^^^^^^^^^^^^^^^^^^^^^^^^^^^^^^^^^^^^^^^^^^^^^^^^^^^^^^^^
> 125 |         setStatus('error');
      | ^^^^^^^^^^^^^^^^^^^^^^^^^^^^^^^^^^^^^^^^^^^^^^^^^^^^^^^^^^^^^^^^^^^^
> 126 |       }
      | ^^^^^^^^^^^^^^^^^^^^^^^^^^^^^^^^^^^^^^^^^^^^^^^^^^^^^^^^^^^^^^^^^^^^
> 127 |     } finally {
      | ^^^^^^^^^^^^^^^^^^^^^^^^^^^^^^^^^^^^^^^^^^^^^^^^^^^^^^^^^^^^^^^^^^^^
> 128 |       loadingMore.current = false;
      | ^^^^^^^^^^^^^^^^^^^^^^^^^^^^^^^^^^^^^^^^^^^^^^^^^^^^^^^^^^^^^^^^^^^^
> 129 |     }
      | ^^^^^^ (BuildHIR::lowerStatement) Handle TryStatement with a finalizer ('finally') clause
  130 |   }, [rows.length]);
  131 |
  132 |   const loadNextPage = useCallback(async () => {

Todo: (BuildHIR::lowerStatement) Handle TryStatement with a finalizer ('finally') clause

  140 |     loadingMore.current = true;
  141 |
> 142 |     try {
      |     ^^^^^
> 143 |       const repository = new ExpenseRepository(await getDatabase());
      | ^^^^^^^^^^^^^^^^^^^^^^^^^^^^^^^^^^^^^^^^^^^^^^^^^^^^^^^^^^^^^^^^^^^^
> 144 |       const page = await repository.listRecent({
      | ^^^^^^^^^^^^^^^^^^^^^^^^^^^^^^^^^^^^^^^^^^^^^^^^^^^^^^^^^^^^^^^^^^^^
> 145 |         limit: EXPENSE_PAGE_SIZE,
      | ^^^^^^^^^^^^^^^^^^^^^^^^^^^^^^^^^^^^^^^^^^^^^^^^^^^^^^^^^^^^^^^^^^^^
> 146 |         // Read against the rows on screen, not against a separate counter that
      | ^^^^^^^^^^^^^^^^^^^^^^^^^^^^^^^^^^^^^^^^^^^^^^^^^^^^^^^^^^^^^^^^^^^^
> 147 |         // could drift from them.
      | ^^^^^^^^^^^^^^^^^^^^^^^^^^^^^^^^^^^^^^^^^^^^^^^^^^^^^^^^^^^^^^^^^^^^
> 148 |         offset: rows.length,
      | ^^^^^^^^^^^^^^^^^^^^^^^^^^^^^^^^^^^^^^^^^^^^^^^^^^^^^^^^^^^^^^^^^^^^
> 149 |       });
      | ^^^^^^^^^^^^^^^^^^^^^^^^^^^^^^^^^^^^^^^^^^^^^^^^^^^^^^^^^^^^^^^^^^^^
> 150 |
      | ^^^^^^^^^^^^^^^^^^^^^^^^^^^^^^^^^^^^^^^^^^^^^^^^^^^^^^^^^^^^^^^^^^^^
> 151 |       setHasMore(page.hasMore);
      | ^^^^^^^^^^^^^^^^^^^^^^^^^^^^^^^^^^^^^^^^^^^^^^^^^^^^^^^^^^^^^^^^^^^^
> 152 |
      | ^^^^^^^^^^^^^^^^^^^^^^^^^^^^^^^^^^^^^^^^^^^^^^^^^^^^^^^^^^^^^^^^^^^^
> 153 |       if (page.expenses.length > 0) {
      | ^^^^^^^^^^^^^^^^^^^^^^^^^^^^^^^^^^^^^^^^^^^^^^^^^^^^^^^^^^^^^^^^^^^^
> 154 |         // Append. These are the same row objects the query returned, so the
      | ^^^^^^^^^^^^^^^^^^^^^^^^^^^^^^^^^^^^^^^^^^^^^^^^^^^^^^^^^^^^^^^^^^^^
> 155 |         // rows already on screen keep their identity and do not re-render.
      | ^^^^^^^^^^^^^^^^^^^^^^^^^^^^^^^^^^^^^^^^^^^^^^^^^^^^^^^^^^^^^^^^^^^^
> 156 |         setRows((current) => [...current, ...page.expenses]);
      | ^^^^^^^^^^^^^^^^^^^^^^^^^^^^^^^^^^^^^^^^^^^^^^^^^^^^^^^^^^^^^^^^^^^^
> 157 |       }
      | ^^^^^^^^^^^^^^^^^^^^^^^^^^^^^^^^^^^^^^^^^^^^^^^^^^^^^^^^^^^^^^^^^^^^
> 158 |     } catch (error) {
      | ^^^^^^^^^^^^^^^^^^^^^^^^^^^^^^^^^^^^^^^^^^^^^^^^^^^^^^^^^^^^^^^^^^^^
> 159 |       /*
      | ^^^^^^^^^^^^^^^^^^^^^^^^^^^^^^^^^^^^^^^^^^^^^^^^^^^^^^^^^^^^^^^^^^^^
> 160 |         Stop paging rather than looping. A failure here leaves the offset where it
      | ^^^^^^^^^^^^^^^^^^^^^^^^^^^^^^^^^^^^^^^^^^^^^^^^^^^^^^^^^^^^^^^^^^^^
> 161 |         was, so the next scroll would ask for the same page again and keep
      | ^^^^^^^^^^^^^^^^^^^^^^^^^^^^^^^^^^^^^^^^^^^^^^^^^^^^^^^^^^^^^^^^^^^^
> 162 |         failing; clearing `hasMore` turns the footer into "End of history" and
      | ^^^^^^^^^^^^^^^^^^^^^^^^^^^^^^^^^^^^^^^^^^^^^^^^^^^^^^^^^^^^^^^^^^^^
> 163 |         leaves a working part of the list rather than an endless spinner.
      | ^^^^^^^^^^^^^^^^^^^^^^^^^^^^^^^^^^^^^^^^^^^^^^^^^^^^^^^^^^^^^^^^^^^^
> 164 |       */
      | ^^^^^^^^^^^^^^^^^^^^^^^^^^^^^^^^^^^^^^^^^^^^^^^^^^^^^^^^^^^^^^^^^^^^
> 165 |       console.warn('[expenses] could not load the next page', error);
      | ^^^^^^^^^^^^^^^^^^^^^^^^^^^^^^^^^^^^^^^^^^^^^^^^^^^^^^^^^^^^^^^^^^^^
> 166 |       setHasMore(false);
      | ^^^^^^^^^^^^^^^^^^^^^^^^^^^^^^^^^^^^^^^^^^^^^^^^^^^^^^^^^^^^^^^^^^^^
> 167 |     } finally {
      | ^^^^^^^^^^^^^^^^^^^^^^^^^^^^^^^^^^^^^^^^^^^^^^^^^^^^^^^^^^^^^^^^^^^^
> 168 |       loadingMore.current = false;
      | ^^^^^^^^^^^^^^^^^^^^^^^^^^^^^^^^^^^^^^^^^^^^^^^^^^^^^^^^^^^^^^^^^^^^
> 169 |     }
      | ^^^^^^ (BuildHIR::lowerStatement) Handle TryStatement with a finalizer ('finally') clause
  170 |   }, [hasMore, rows.length]);
  171 |
  172 |   /*
    at new HIRBuilder (C:\Users\DboxAdmin\skill_projects\expense-tracker\node_modules\babel-plugin-react-compiler\dist\index.js:76126:19)
    at lower (C:\Users\DboxAdmin\skill_projects\expense-tracker\node_modules\babel-plugin-react-compiler\dist\index.js:78097:19)
    at runWithEnvironment (C:\Users\DboxAdmin\skill_projects\expense-tracker\node_modules\babel-plugin-react-compiler\dist\index.js:106368:15)
    at run (C:\Users\DboxAdmin\skill_projects\expense-tracker\node_modules\babel-plugin-react-compiler\dist\index.js:106361:10)
    at compileFn (C:\Users\DboxAdmin\skill_projects\expense-tracker\node_modules\babel-plugin-react-compiler\dist\index.js:106689:10)
    at tryCompileFunction (C:\Users\DboxAdmin\skill_projects\expense-tracker\node_modules\babel-plugin-react-compiler\dist\index.js:107289:19)
    at processFn (C:\Users\DboxAdmin\skill_projects\expense-tracker\node_modules\babel-plugin-react-compiler\dist\index.js:107226:25)
    at compileProgram (C:\Users\DboxAdmin\skill_projects\expense-tracker\node_modules\babel-plugin-react-compiler\dist\index.js:107107:22)
    at PluginPass.enter (C:\Users\DboxAdmin\skill_projects\expense-tracker\node_modules\babel-plugin-react-compiler\dist\index.js:108443:28)
    at newFn (C:\Users\DboxAdmin\skill_projects\expense-tracker\node_modules\@babel\traverse\lib\visitors.js:168:14)
    at NodePath._call (C:\Users\DboxAdmin\skill_projects\expense-tracker\node_modules\@babel\traverse\lib\path\context.js:50:20)
    at NodePath.call (C:\Users\DboxAdmin\skill_projects\expense-tracker\node_modules\@babel\traverse\lib\path\context.js:40:18)
    at NodePath.visit (C:\Users\DboxAdmin\skill_projects\expense-tracker\node_modules\@babel\traverse\lib\path\context.js:87:31)
    at TraversalContext.visitQueue (C:\Users\DboxAdmin\skill_projects\expense-tracker\node_modules\@babel\traverse\lib\context.js:96:16)
    at TraversalContext.visitSingle (C:\Users\DboxAdmin\skill_projects\expense-tracker\node_modules\@babel\traverse\lib\context.js:72:19)
    at TraversalContext.visit (C:\Users\DboxAdmin\skill_projects\expense-tracker\node_modules\@babel\traverse\lib\context.js:119:19)
    at traverseNode (C:\Users\DboxAdmin\skill_projects\expense-tracker\node_modules\@babel\traverse\lib\traverse-node.js:130:17)
    at traverse (C:\Users\DboxAdmin\skill_projects\expense-tracker\node_modules\@babel\traverse\lib\index.js:53:34)
    at transformFile (C:\Users\DboxAdmin\skill_projects\expense-tracker\node_modules\@babel\core\lib\transformation\index.js:79:29)
    at transformFile.next (<anonymous>)
    at run (C:\Users\DboxAdmin\skill_projects\expense-tracker\node_modules\@babel\core\lib\transformation\index.js:25:12)
    at run.next (<anonymous>)
    at transform (C:\Users\DboxAdmin\skill_projects\expense-tracker\node_modules\@babel\core\lib\transform.js:22:33)
    at transform.next (<anonymous>)
    at evaluateSync (C:\Users\DboxAdmin\skill_projects\expense-tracker\node_modules\gensync\index.js:251:28)
    at sync (C:\Users\DboxAdmin\skill_projects\expense-tracker\node_modules\gensync\index.js:89:14)
    at stopHiding - secret - don't use this - v1 (C:\Users\DboxAdmin\skill_projects\expense-tracker\node_modules\@babel\core\lib\errors\rewrite-stack-trace.js:47:12)
    at Object.transformSync (C:\Users\DboxAdmin\skill_projects\expense-tracker\node_modules\@babel\core\lib\transform.js:40:76)
    at parseWithBabel (C:\Users\DboxAdmin\skill_projects\expense-tracker\node_modules\@expo\metro-config\build\transformSync.js:75:18)
    at transformSync (C:\Users\DboxAdmin\skill_projects\expense-tracker\node_modules\@expo\metro-config\build\transformSync.js:54:16)
    at Object.transform (C:\Users\DboxAdmin\skill_projects\expense-tracker\node_modules\@expo\metro-config\build\babel-transformer.js:146:58)
    at transformJSWithBabel (C:\Users\DboxAdmin\skill_projects\expense-tracker\node_modules\@expo\metro-config\build\transform-worker\metro-transform-worker.js:495:47)
    at Object.transform (C:\Users\DboxAdmin\skill_projects\expense-tracker\node_modules\@expo\metro-config\build\transform-worker\metro-transform-worker.js:614:12)
    at Object.transform (C:\Users\DboxAdmin\skill_projects\expense-tracker\node_modules\@expo\metro-config\build\transform-worker\transform-worker.js:179:19)
    at transformFile (C:\Users\DboxAdmin\skill_projects\expense-tracker\node_modules\metro\src\DeltaBundler\Worker.flow.js:67:36)
    at Object.transform (C:\Users\DboxAdmin\skill_projects\expense-tracker\node_modules\metro\src\DeltaBundler\Worker.flow.js:42:10)
    at execFunction (C:\Users\DboxAdmin\skill_projects\expense-tracker\node_modules\jest-worker\build\workers\threadChild.js:167:17)
    at execHelper (C:\Users\DboxAdmin\skill_projects\expense-tracker\node_modules\jest-worker\build\workers\threadChild.js:155:5)
    at execMethod (C:\Users\DboxAdmin\skill_projects\expense-tracker\node_modules\jest-worker\build\workers\threadChild.js:158:5)
    at MessagePort.messageListener (C:\Users\DboxAdmin\skill_projects\expense-tracker\node_modules\jest-worker\build\workers\threadChild.js:52:7)
    at [nodejs.internal.kHybridDispatch] (node:internal/event_target:848:20)
 ERROR  ReactCompilerError: Found 2 errors:

Todo: (BuildHIR::lowerStatement) Handle TryStatement with a finalizer ('finally') clause

  110 |     loadingMore.current = true;
  111 |
> 112 |     try {
      |     ^^^^^
> 113 |       const repository = new ExpenseRepository(await getDatabase());
      | ^^^^^^^^^^^^^^^^^^^^^^^^^^^^^^^^^^^^^^^^^^^^^^^^^^^^^^^^^^^^^^^^^^^^
> 114 |       const page = await repository.listRecent({ limit: EXPENSE_PAGE_SIZE, offset: 0 });
      | ^^^^^^^^^^^^^^^^^^^^^^^^^^^^^^^^^^^^^^^^^^^^^^^^^^^^^^^^^^^^^^^^^^^^
> 115 |
      | ^^^^^^^^^^^^^^^^^^^^^^^^^^^^^^^^^^^^^^^^^^^^^^^^^^^^^^^^^^^^^^^^^^^^
> 116 |       setRows(page.expenses);
      | ^^^^^^^^^^^^^^^^^^^^^^^^^^^^^^^^^^^^^^^^^^^^^^^^^^^^^^^^^^^^^^^^^^^^
> 117 |       setHasMore(page.hasMore);
      | ^^^^^^^^^^^^^^^^^^^^^^^^^^^^^^^^^^^^^^^^^^^^^^^^^^^^^^^^^^^^^^^^^^^^
> 118 |       setStatus('ready');
      | ^^^^^^^^^^^^^^^^^^^^^^^^^^^^^^^^^^^^^^^^^^^^^^^^^^^^^^^^^^^^^^^^^^^^
> 119 |     } catch (error) {
      | ^^^^^^^^^^^^^^^^^^^^^^^^^^^^^^^^^^^^^^^^^^^^^^^^^^^^^^^^^^^^^^^^^^^^
> 120 |       // Rows already on screen are left alone; only a first load with nothing to
      | ^^^^^^^^^^^^^^^^^^^^^^^^^^^^^^^^^^^^^^^^^^^^^^^^^^^^^^^^^^^^^^^^^^^^
> 121 |       // show replaces them with an error.
      | ^^^^^^^^^^^^^^^^^^^^^^^^^^^^^^^^^^^^^^^^^^^^^^^^^^^^^^^^^^^^^^^^^^^^
> 122 |       console.warn('[expenses] could not load the first page', error);
      | ^^^^^^^^^^^^^^^^^^^^^^^^^^^^^^^^^^^^^^^^^^^^^^^^^^^^^^^^^^^^^^^^^^^^
> 123 |
      | ^^^^^^^^^^^^^^^^^^^^^^^^^^^^^^^^^^^^^^^^^^^^^^^^^^^^^^^^^^^^^^^^^^^^
> 124 |       if (rows.length === 0) {
      | ^^^^^^^^^^^^^^^^^^^^^^^^^^^^^^^^^^^^^^^^^^^^^^^^^^^^^^^^^^^^^^^^^^^^
> 125 |         setStatus('error');
      | ^^^^^^^^^^^^^^^^^^^^^^^^^^^^^^^^^^^^^^^^^^^^^^^^^^^^^^^^^^^^^^^^^^^^
> 126 |       }
      | ^^^^^^^^^^^^^^^^^^^^^^^^^^^^^^^^^^^^^^^^^^^^^^^^^^^^^^^^^^^^^^^^^^^^
> 127 |     } finally {
      | ^^^^^^^^^^^^^^^^^^^^^^^^^^^^^^^^^^^^^^^^^^^^^^^^^^^^^^^^^^^^^^^^^^^^
> 128 |       loadingMore.current = false;
      | ^^^^^^^^^^^^^^^^^^^^^^^^^^^^^^^^^^^^^^^^^^^^^^^^^^^^^^^^^^^^^^^^^^^^
> 129 |     }
      | ^^^^^^ (BuildHIR::lowerStatement) Handle TryStatement with a finalizer ('finally') clause
  130 |   }, [rows.length]);
  131 |
  132 |   const loadNextPage = useCallback(async () => {

Todo: (BuildHIR::lowerStatement) Handle TryStatement with a finalizer ('finally') clause

  140 |     loadingMore.current = true;
  141 |
> 142 |     try {
      |     ^^^^^
> 143 |       const repository = new ExpenseRepository(await getDatabase());
      | ^^^^^^^^^^^^^^^^^^^^^^^^^^^^^^^^^^^^^^^^^^^^^^^^^^^^^^^^^^^^^^^^^^^^
> 144 |       const page = await repository.listRecent({
      | ^^^^^^^^^^^^^^^^^^^^^^^^^^^^^^^^^^^^^^^^^^^^^^^^^^^^^^^^^^^^^^^^^^^^
> 145 |         limit: EXPENSE_PAGE_SIZE,
      | ^^^^^^^^^^^^^^^^^^^^^^^^^^^^^^^^^^^^^^^^^^^^^^^^^^^^^^^^^^^^^^^^^^^^
> 146 |         // Read against the rows on screen, not against a separate counter that
      | ^^^^^^^^^^^^^^^^^^^^^^^^^^^^^^^^^^^^^^^^^^^^^^^^^^^^^^^^^^^^^^^^^^^^
> 147 |         // could drift from them.
      | ^^^^^^^^^^^^^^^^^^^^^^^^^^^^^^^^^^^^^^^^^^^^^^^^^^^^^^^^^^^^^^^^^^^^
> 148 |         offset: rows.length,
      | ^^^^^^^^^^^^^^^^^^^^^^^^^^^^^^^^^^^^^^^^^^^^^^^^^^^^^^^^^^^^^^^^^^^^
> 149 |       });
      | ^^^^^^^^^^^^^^^^^^^^^^^^^^^^^^^^^^^^^^^^^^^^^^^^^^^^^^^^^^^^^^^^^^^^
> 150 |
      | ^^^^^^^^^^^^^^^^^^^^^^^^^^^^^^^^^^^^^^^^^^^^^^^^^^^^^^^^^^^^^^^^^^^^
> 151 |       setHasMore(page.hasMore);
      | ^^^^^^^^^^^^^^^^^^^^^^^^^^^^^^^^^^^^^^^^^^^^^^^^^^^^^^^^^^^^^^^^^^^^
> 152 |
      | ^^^^^^^^^^^^^^^^^^^^^^^^^^^^^^^^^^^^^^^^^^^^^^^^^^^^^^^^^^^^^^^^^^^^
> 153 |       if (page.expenses.length > 0) {
      | ^^^^^^^^^^^^^^^^^^^^^^^^^^^^^^^^^^^^^^^^^^^^^^^^^^^^^^^^^^^^^^^^^^^^
> 154 |         // Append. These are the same row objects the query returned, so the
      | ^^^^^^^^^^^^^^^^^^^^^^^^^^^^^^^^^^^^^^^^^^^^^^^^^^^^^^^^^^^^^^^^^^^^
> 155 |         // rows already on screen keep their identity and do not re-render.
      | ^^^^^^^^^^^^^^^^^^^^^^^^^^^^^^^^^^^^^^^^^^^^^^^^^^^^^^^^^^^^^^^^^^^^
> 156 |         setRows((current) => [...current, ...page.expenses]);
      | ^^^^^^^^^^^^^^^^^^^^^^^^^^^^^^^^^^^^^^^^^^^^^^^^^^^^^^^^^^^^^^^^^^^^
> 157 |       }
      | ^^^^^^^^^^^^^^^^^^^^^^^^^^^^^^^^^^^^^^^^^^^^^^^^^^^^^^^^^^^^^^^^^^^^
> 158 |     } catch (error) {
      | ^^^^^^^^^^^^^^^^^^^^^^^^^^^^^^^^^^^^^^^^^^^^^^^^^^^^^^^^^^^^^^^^^^^^
> 159 |       /*
      | ^^^^^^^^^^^^^^^^^^^^^^^^^^^^^^^^^^^^^^^^^^^^^^^^^^^^^^^^^^^^^^^^^^^^
> 160 |         Stop paging rather than looping. A failure here leaves the offset where it
      | ^^^^^^^^^^^^^^^^^^^^^^^^^^^^^^^^^^^^^^^^^^^^^^^^^^^^^^^^^^^^^^^^^^^^
> 161 |         was, so the next scroll would ask for the same page again and keep
      | ^^^^^^^^^^^^^^^^^^^^^^^^^^^^^^^^^^^^^^^^^^^^^^^^^^^^^^^^^^^^^^^^^^^^
> 162 |         failing; clearing `hasMore` turns the footer into "End of history" and
      | ^^^^^^^^^^^^^^^^^^^^^^^^^^^^^^^^^^^^^^^^^^^^^^^^^^^^^^^^^^^^^^^^^^^^
> 163 |         leaves a working part of the list rather than an endless spinner.
      | ^^^^^^^^^^^^^^^^^^^^^^^^^^^^^^^^^^^^^^^^^^^^^^^^^^^^^^^^^^^^^^^^^^^^
> 164 |       */
      | ^^^^^^^^^^^^^^^^^^^^^^^^^^^^^^^^^^^^^^^^^^^^^^^^^^^^^^^^^^^^^^^^^^^^
> 165 |       console.warn('[expenses] could not load the next page', error);
      | ^^^^^^^^^^^^^^^^^^^^^^^^^^^^^^^^^^^^^^^^^^^^^^^^^^^^^^^^^^^^^^^^^^^^
> 166 |       setHasMore(false);
      | ^^^^^^^^^^^^^^^^^^^^^^^^^^^^^^^^^^^^^^^^^^^^^^^^^^^^^^^^^^^^^^^^^^^^
> 167 |     } finally {
      | ^^^^^^^^^^^^^^^^^^^^^^^^^^^^^^^^^^^^^^^^^^^^^^^^^^^^^^^^^^^^^^^^^^^^
> 168 |       loadingMore.current = false;
      | ^^^^^^^^^^^^^^^^^^^^^^^^^^^^^^^^^^^^^^^^^^^^^^^^^^^^^^^^^^^^^^^^^^^^
> 169 |     }
      | ^^^^^^ (BuildHIR::lowerStatement) Handle TryStatement with a finalizer ('finally') clause
  170 |   }, [hasMore, rows.length]);
  171 |
  172 |   /*
    at new HIRBuilder (C:\Users\DboxAdmin\skill_projects\expense-tracker\node_modules\babel-plugin-react-compiler\dist\index.js:76126:19)
    at lower (C:\Users\DboxAdmin\skill_projects\expense-tracker\node_modules\babel-plugin-react-compiler\dist\index.js:78097:19)
    at runWithEnvironment (C:\Users\DboxAdmin\skill_projects\expense-tracker\node_modules\babel-plugin-react-compiler\dist\index.js:106368:15)
    at run (C:\Users\DboxAdmin\skill_projects\expense-tracker\node_modules\babel-plugin-react-compiler\dist\index.js:106361:10)
    at compileFn (C:\Users\DboxAdmin\skill_projects\expense-tracker\node_modules\babel-plugin-react-compiler\dist\index.js:106689:10)
    at tryCompileFunction (C:\Users\DboxAdmin\skill_projects\expense-tracker\node_modules\babel-plugin-react-compiler\dist\index.js:107289:19)
    at processFn (C:\Users\DboxAdmin\skill_projects\expense-tracker\node_modules\babel-plugin-react-compiler\dist\index.js:107226:25)
    at compileProgram (C:\Users\DboxAdmin\skill_projects\expense-tracker\node_modules\babel-plugin-react-compiler\dist\index.js:107107:22)
    at PluginPass.enter (C:\Users\DboxAdmin\skill_projects\expense-tracker\node_modules\babel-plugin-react-compiler\dist\index.js:108443:28)
    at newFn (C:\Users\DboxAdmin\skill_projects\expense-tracker\node_modules\@babel\traverse\lib\visitors.js:168:14)
    at NodePath._call (C:\Users\DboxAdmin\skill_projects\expense-tracker\node_modules\@babel\traverse\lib\path\context.js:50:20)
    at NodePath.call (C:\Users\DboxAdmin\skill_projects\expense-tracker\node_modules\@babel\traverse\lib\path\context.js:40:18)
    at NodePath.visit (C:\Users\DboxAdmin\skill_projects\expense-tracker\node_modules\@babel\traverse\lib\path\context.js:87:31)
    at TraversalContext.visitQueue (C:\Users\DboxAdmin\skill_projects\expense-tracker\node_modules\@babel\traverse\lib\context.js:96:16)
    at TraversalContext.visitSingle (C:\Users\DboxAdmin\skill_projects\expense-tracker\node_modules\@babel\traverse\lib\context.js:72:19)
    at TraversalContext.visit (C:\Users\DboxAdmin\skill_projects\expense-tracker\node_modules\@babel\traverse\lib\context.js:119:19)
    at traverseNode (C:\Users\DboxAdmin\skill_projects\expense-tracker\node_modules\@babel\traverse\lib\traverse-node.js:130:17)
    at traverse (C:\Users\DboxAdmin\skill_projects\expense-tracker\node_modules\@babel\traverse\lib\index.js:53:34)
    at transformFile (C:\Users\DboxAdmin\skill_projects\expense-tracker\node_modules\@babel\core\lib\transformation\index.js:79:29)
    at transformFile.next (<anonymous>)
    at run (C:\Users\DboxAdmin\skill_projects\expense-tracker\node_modules\@babel\core\lib\transformation\index.js:25:12)
    at run.next (<anonymous>)
    at transform (C:\Users\DboxAdmin\skill_projects\expense-tracker\node_modules\@babel\core\lib\transform.js:22:33)
    at transform.next (<anonymous>)
    at evaluateSync (C:\Users\DboxAdmin\skill_projects\expense-tracker\node_modules\gensync\index.js:251:28)
    at sync (C:\Users\DboxAdmin\skill_projects\expense-tracker\node_modules\gensync\index.js:89:14)
    at stopHiding - secret - don't use this - v1 (C:\Users\DboxAdmin\skill_projects\expense-tracker\node_modules\@babel\core\lib\errors\rewrite-stack-trace.js:47:12)
    at Object.transformSync (C:\Users\DboxAdmin\skill_projects\expense-tracker\node_modules\@babel\core\lib\transform.js:40:76)
    at parseWithBabel (C:\Users\DboxAdmin\skill_projects\expense-tracker\node_modules\@expo\metro-config\build\transformSync.js:75:18)
    at transformSync (C:\Users\DboxAdmin\skill_projects\expense-tracker\node_modules\@expo\metro-config\build\transformSync.js:54:16)
    at Object.transform (C:\Users\DboxAdmin\skill_projects\expense-tracker\node_modules\@expo\metro-config\build\babel-transformer.js:146:58)
    at transformJSWithBabel (C:\Users\DboxAdmin\skill_projects\expense-tracker\node_modules\@expo\metro-config\build\transform-worker\metro-transform-worker.js:495:47)
    at Object.transform (C:\Users\DboxAdmin\skill_projects\expense-tracker\node_modules\@expo\metro-config\build\transform-worker\metro-transform-worker.js:614:12)
    at Object.transform (C:\Users\DboxAdmin\skill_projects\expense-tracker\node_modules\@expo\metro-config\build\transform-worker\transform-worker.js:179:19)
    at transformFile (C:\Users\DboxAdmin\skill_projects\expense-tracker\node_modules\metro\src\DeltaBundler\Worker.flow.js:67:36)
    at Object.transform (C:\Users\DboxAdmin\skill_projects\expense-tracker\node_modules\metro\src\DeltaBundler\Worker.flow.js:42:10)
    at execFunction (C:\Users\DboxAdmin\skill_projects\expense-tracker\node_modules\jest-worker\build\workers\threadChild.js:167:17)
    at execHelper (C:\Users\DboxAdmin\skill_projects\expense-tracker\node_modules\jest-worker\build\workers\threadChild.js:155:5)
    at execMethod (C:\Users\DboxAdmin\skill_projects\expense-tracker\node_modules\jest-worker\build\workers\threadChild.js:158:5)
    at MessagePort.messageListener (C:\Users\DboxAdmin\skill_projects\expense-tracker\node_modules\jest-worker\build\workers\threadChild.js:52:7)
    at [nodejs.internal.kHybridDispatch] (node:internal/event_target:848:20)
 ERROR  ReactCompilerError: Found 2 errors:

Todo: (BuildHIR::lowerStatement) Handle TryStatement with a finalizer ('finally') clause

  110 |     loadingMore.current = true;
  111 |
> 112 |     try {
      |     ^^^^^
> 113 |       const repository = new ExpenseRepository(await getDatabase());
      | ^^^^^^^^^^^^^^^^^^^^^^^^^^^^^^^^^^^^^^^^^^^^^^^^^^^^^^^^^^^^^^^^^^^^
> 114 |       const page = await repository.listRecent({ limit: EXPENSE_PAGE_SIZE, offset: 0 });
      | ^^^^^^^^^^^^^^^^^^^^^^^^^^^^^^^^^^^^^^^^^^^^^^^^^^^^^^^^^^^^^^^^^^^^
> 115 |
      | ^^^^^^^^^^^^^^^^^^^^^^^^^^^^^^^^^^^^^^^^^^^^^^^^^^^^^^^^^^^^^^^^^^^^
> 116 |       setRows(page.expenses);
      | ^^^^^^^^^^^^^^^^^^^^^^^^^^^^^^^^^^^^^^^^^^^^^^^^^^^^^^^^^^^^^^^^^^^^
> 117 |       setHasMore(page.hasMore);
      | ^^^^^^^^^^^^^^^^^^^^^^^^^^^^^^^^^^^^^^^^^^^^^^^^^^^^^^^^^^^^^^^^^^^^
> 118 |       setStatus('ready');
      | ^^^^^^^^^^^^^^^^^^^^^^^^^^^^^^^^^^^^^^^^^^^^^^^^^^^^^^^^^^^^^^^^^^^^
> 119 |     } catch (error) {
      | ^^^^^^^^^^^^^^^^^^^^^^^^^^^^^^^^^^^^^^^^^^^^^^^^^^^^^^^^^^^^^^^^^^^^
> 120 |       // Rows already on screen are left alone; only a first load with nothing to
      | ^^^^^^^^^^^^^^^^^^^^^^^^^^^^^^^^^^^^^^^^^^^^^^^^^^^^^^^^^^^^^^^^^^^^
> 121 |       // show replaces them with an error.
      | ^^^^^^^^^^^^^^^^^^^^^^^^^^^^^^^^^^^^^^^^^^^^^^^^^^^^^^^^^^^^^^^^^^^^
> 122 |       console.warn('[expenses] could not load the first page', error);
      | ^^^^^^^^^^^^^^^^^^^^^^^^^^^^^^^^^^^^^^^^^^^^^^^^^^^^^^^^^^^^^^^^^^^^
> 123 |
      | ^^^^^^^^^^^^^^^^^^^^^^^^^^^^^^^^^^^^^^^^^^^^^^^^^^^^^^^^^^^^^^^^^^^^
> 124 |       if (rows.length === 0) {
      | ^^^^^^^^^^^^^^^^^^^^^^^^^^^^^^^^^^^^^^^^^^^^^^^^^^^^^^^^^^^^^^^^^^^^
> 125 |         setStatus('error');
      | ^^^^^^^^^^^^^^^^^^^^^^^^^^^^^^^^^^^^^^^^^^^^^^^^^^^^^^^^^^^^^^^^^^^^
> 126 |       }
      | ^^^^^^^^^^^^^^^^^^^^^^^^^^^^^^^^^^^^^^^^^^^^^^^^^^^^^^^^^^^^^^^^^^^^
> 127 |     } finally {
      | ^^^^^^^^^^^^^^^^^^^^^^^^^^^^^^^^^^^^^^^^^^^^^^^^^^^^^^^^^^^^^^^^^^^^
> 128 |       loadingMore.current = false;
      | ^^^^^^^^^^^^^^^^^^^^^^^^^^^^^^^^^^^^^^^^^^^^^^^^^^^^^^^^^^^^^^^^^^^^
> 129 |     }
      | ^^^^^^ (BuildHIR::lowerStatement) Handle TryStatement with a finalizer ('finally') clause
  130 |   }, [rows.length]);
  131 |
  132 |   const loadNextPage = useCallback(async () => {

Todo: (BuildHIR::lowerStatement) Handle TryStatement with a finalizer ('finally') clause

  140 |     loadingMore.current = true;
  141 |
> 142 |     try {
      |     ^^^^^
> 143 |       const repository = new ExpenseRepository(await getDatabase());
      | ^^^^^^^^^^^^^^^^^^^^^^^^^^^^^^^^^^^^^^^^^^^^^^^^^^^^^^^^^^^^^^^^^^^^
> 144 |       const page = await repository.listRecent({
      | ^^^^^^^^^^^^^^^^^^^^^^^^^^^^^^^^^^^^^^^^^^^^^^^^^^^^^^^^^^^^^^^^^^^^
> 145 |         limit: EXPENSE_PAGE_SIZE,
      | ^^^^^^^^^^^^^^^^^^^^^^^^^^^^^^^^^^^^^^^^^^^^^^^^^^^^^^^^^^^^^^^^^^^^
> 146 |         // Read against the rows on screen, not against a separate counter that
      | ^^^^^^^^^^^^^^^^^^^^^^^^^^^^^^^^^^^^^^^^^^^^^^^^^^^^^^^^^^^^^^^^^^^^
> 147 |         // could drift from them.
      | ^^^^^^^^^^^^^^^^^^^^^^^^^^^^^^^^^^^^^^^^^^^^^^^^^^^^^^^^^^^^^^^^^^^^
> 148 |         offset: rows.length,
      | ^^^^^^^^^^^^^^^^^^^^^^^^^^^^^^^^^^^^^^^^^^^^^^^^^^^^^^^^^^^^^^^^^^^^
> 149 |       });
      | ^^^^^^^^^^^^^^^^^^^^^^^^^^^^^^^^^^^^^^^^^^^^^^^^^^^^^^^^^^^^^^^^^^^^
> 150 |
      | ^^^^^^^^^^^^^^^^^^^^^^^^^^^^^^^^^^^^^^^^^^^^^^^^^^^^^^^^^^^^^^^^^^^^
> 151 |       setHasMore(page.hasMore);
      | ^^^^^^^^^^^^^^^^^^^^^^^^^^^^^^^^^^^^^^^^^^^^^^^^^^^^^^^^^^^^^^^^^^^^
> 152 |
      | ^^^^^^^^^^^^^^^^^^^^^^^^^^^^^^^^^^^^^^^^^^^^^^^^^^^^^^^^^^^^^^^^^^^^
> 153 |       if (page.expenses.length > 0) {
      | ^^^^^^^^^^^^^^^^^^^^^^^^^^^^^^^^^^^^^^^^^^^^^^^^^^^^^^^^^^^^^^^^^^^^
> 154 |         // Append. These are the same row objects the query returned, so the
      | ^^^^^^^^^^^^^^^^^^^^^^^^^^^^^^^^^^^^^^^^^^^^^^^^^^^^^^^^^^^^^^^^^^^^
> 155 |         // rows already on screen keep their identity and do not re-render.
      | ^^^^^^^^^^^^^^^^^^^^^^^^^^^^^^^^^^^^^^^^^^^^^^^^^^^^^^^^^^^^^^^^^^^^
> 156 |         setRows((current) => [...current, ...page.expenses]);
      | ^^^^^^^^^^^^^^^^^^^^^^^^^^^^^^^^^^^^^^^^^^^^^^^^^^^^^^^^^^^^^^^^^^^^
> 157 |       }
      | ^^^^^^^^^^^^^^^^^^^^^^^^^^^^^^^^^^^^^^^^^^^^^^^^^^^^^^^^^^^^^^^^^^^^
> 158 |     } catch (error) {
      | ^^^^^^^^^^^^^^^^^^^^^^^^^^^^^^^^^^^^^^^^^^^^^^^^^^^^^^^^^^^^^^^^^^^^
> 159 |       /*
      | ^^^^^^^^^^^^^^^^^^^^^^^^^^^^^^^^^^^^^^^^^^^^^^^^^^^^^^^^^^^^^^^^^^^^
> 160 |         Stop paging rather than looping. A failure here leaves the offset where it
      | ^^^^^^^^^^^^^^^^^^^^^^^^^^^^^^^^^^^^^^^^^^^^^^^^^^^^^^^^^^^^^^^^^^^^
> 161 |         was, so the next scroll would ask for the same page again and keep
      | ^^^^^^^^^^^^^^^^^^^^^^^^^^^^^^^^^^^^^^^^^^^^^^^^^^^^^^^^^^^^^^^^^^^^
> 162 |         failing; clearing `hasMore` turns the footer into "End of history" and
      | ^^^^^^^^^^^^^^^^^^^^^^^^^^^^^^^^^^^^^^^^^^^^^^^^^^^^^^^^^^^^^^^^^^^^
> 163 |         leaves a working part of the list rather than an endless spinner.
      | ^^^^^^^^^^^^^^^^^^^^^^^^^^^^^^^^^^^^^^^^^^^^^^^^^^^^^^^^^^^^^^^^^^^^
> 164 |       */
      | ^^^^^^^^^^^^^^^^^^^^^^^^^^^^^^^^^^^^^^^^^^^^^^^^^^^^^^^^^^^^^^^^^^^^
> 165 |       console.warn('[expenses] could not load the next page', error);
      | ^^^^^^^^^^^^^^^^^^^^^^^^^^^^^^^^^^^^^^^^^^^^^^^^^^^^^^^^^^^^^^^^^^^^
> 166 |       setHasMore(false);
      | ^^^^^^^^^^^^^^^^^^^^^^^^^^^^^^^^^^^^^^^^^^^^^^^^^^^^^^^^^^^^^^^^^^^^
> 167 |     } finally {
      | ^^^^^^^^^^^^^^^^^^^^^^^^^^^^^^^^^^^^^^^^^^^^^^^^^^^^^^^^^^^^^^^^^^^^
> 168 |       loadingMore.current = false;
      | ^^^^^^^^^^^^^^^^^^^^^^^^^^^^^^^^^^^^^^^^^^^^^^^^^^^^^^^^^^^^^^^^^^^^
> 169 |     }
      | ^^^^^^ (BuildHIR::lowerStatement) Handle TryStatement with a finalizer ('finally') clause
  170 |   }, [hasMore, rows.length]);
  171 |
  172 |   /*
    at new HIRBuilder (C:\Users\DboxAdmin\skill_projects\expense-tracker\node_modules\babel-plugin-react-compiler\dist\index.js:76126:19)
    at lower (C:\Users\DboxAdmin\skill_projects\expense-tracker\node_modules\babel-plugin-react-compiler\dist\index.js:78097:19)
    at runWithEnvironment (C:\Users\DboxAdmin\skill_projects\expense-tracker\node_modules\babel-plugin-react-compiler\dist\index.js:106368:15)
    at run (C:\Users\DboxAdmin\skill_projects\expense-tracker\node_modules\babel-plugin-react-compiler\dist\index.js:106361:10)
    at compileFn (C:\Users\DboxAdmin\skill_projects\expense-tracker\node_modules\babel-plugin-react-compiler\dist\index.js:106689:10)
    at tryCompileFunction (C:\Users\DboxAdmin\skill_projects\expense-tracker\node_modules\babel-plugin-react-compiler\dist\index.js:107289:19)
    at processFn (C:\Users\DboxAdmin\skill_projects\expense-tracker\node_modules\babel-plugin-react-compiler\dist\index.js:107226:25)
    at compileProgram (C:\Users\DboxAdmin\skill_projects\expense-tracker\node_modules\babel-plugin-react-compiler\dist\index.js:107107:22)
    at PluginPass.enter (C:\Users\DboxAdmin\skill_projects\expense-tracker\node_modules\babel-plugin-react-compiler\dist\index.js:108443:28)
    at newFn (C:\Users\DboxAdmin\skill_projects\expense-tracker\node_modules\@babel\traverse\lib\visitors.js:168:14)
    at NodePath._call (C:\Users\DboxAdmin\skill_projects\expense-tracker\node_modules\@babel\traverse\lib\path\context.js:50:20)
    at NodePath.call (C:\Users\DboxAdmin\skill_projects\expense-tracker\node_modules\@babel\traverse\lib\path\context.js:40:18)
    at NodePath.visit (C:\Users\DboxAdmin\skill_projects\expense-tracker\node_modules\@babel\traverse\lib\path\context.js:87:31)
    at TraversalContext.visitQueue (C:\Users\DboxAdmin\skill_projects\expense-tracker\node_modules\@babel\traverse\lib\context.js:96:16)
    at TraversalContext.visitSingle (C:\Users\DboxAdmin\skill_projects\expense-tracker\node_modules\@babel\traverse\lib\context.js:72:19)
    at TraversalContext.visit (C:\Users\DboxAdmin\skill_projects\expense-tracker\node_modules\@babel\traverse\lib\context.js:119:19)
    at traverseNode (C:\Users\DboxAdmin\skill_projects\expense-tracker\node_modules\@babel\traverse\lib\traverse-node.js:130:17)
    at traverse (C:\Users\DboxAdmin\skill_projects\expense-tracker\node_modules\@babel\traverse\lib\index.js:53:34)
    at transformFile (C:\Users\DboxAdmin\skill_projects\expense-tracker\node_modules\@babel\core\lib\transformation\index.js:79:29)
    at transformFile.next (<anonymous>)
    at run (C:\Users\DboxAdmin\skill_projects\expense-tracker\node_modules\@babel\core\lib\transformation\index.js:25:12)
    at run.next (<anonymous>)
    at transform (C:\Users\DboxAdmin\skill_projects\expense-tracker\node_modules\@babel\core\lib\transform.js:22:33)
    at transform.next (<anonymous>)
    at evaluateSync (C:\Users\DboxAdmin\skill_projects\expense-tracker\node_modules\gensync\index.js:251:28)
    at sync (C:\Users\DboxAdmin\skill_projects\expense-tracker\node_modules\gensync\index.js:89:14)
    at stopHiding - secret - don't use this - v1 (C:\Users\DboxAdmin\skill_projects\expense-tracker\node_modules\@babel\core\lib\errors\rewrite-stack-trace.js:47:12)
    at Object.transformSync (C:\Users\DboxAdmin\skill_projects\expense-tracker\node_modules\@babel\core\lib\transform.js:40:76)
    at parseWithBabel (C:\Users\DboxAdmin\skill_projects\expense-tracker\node_modules\@expo\metro-config\build\transformSync.js:75:18)
    at transformSync (C:\Users\DboxAdmin\skill_projects\expense-tracker\node_modules\@expo\metro-config\build\transformSync.js:54:16)
    at Object.transform (C:\Users\DboxAdmin\skill_projects\expense-tracker\node_modules\@expo\metro-config\build\babel-transformer.js:146:58)
    at transformJSWithBabel (C:\Users\DboxAdmin\skill_projects\expense-tracker\node_modules\@expo\metro-config\build\transform-worker\metro-transform-worker.js:495:47)
    at Object.transform (C:\Users\DboxAdmin\skill_projects\expense-tracker\node_modules\@expo\metro-config\build\transform-worker\metro-transform-worker.js:614:12)
    at Object.transform (C:\Users\DboxAdmin\skill_projects\expense-tracker\node_modules\@expo\metro-config\build\transform-worker\transform-worker.js:179:19)
    at transformFile (C:\Users\DboxAdmin\skill_projects\expense-tracker\node_modules\metro\src\DeltaBundler\Worker.flow.js:67:36)
    at Object.transform (C:\Users\DboxAdmin\skill_projects\expense-tracker\node_modules\metro\src\DeltaBundler\Worker.flow.js:42:10)
    at execFunction (C:\Users\DboxAdmin\skill_projects\expense-tracker\node_modules\jest-worker\build\workers\threadChild.js:167:17)
    at execHelper (C:\Users\DboxAdmin\skill_projects\expense-tracker\node_modules\jest-worker\build\workers\threadChild.js:155:5)
    at execMethod (C:\Users\DboxAdmin\skill_projects\expense-tracker\node_modules\jest-worker\build\workers\threadChild.js:158:5)
    at MessagePort.messageListener (C:\Users\DboxAdmin\skill_projects\expense-tracker\node_modules\jest-worker\build\workers\threadChild.js:52:7)
    at [nodejs.internal.kHybridDispatch] (node:internal/event_target:848:20)
 ERROR  ReactCompilerError: Found 2 errors:

Todo: (BuildHIR::lowerStatement) Handle TryStatement with a finalizer ('finally') clause

  110 |     loadingMore.current = true;
  111 |
> 112 |     try {
      |     ^^^^^
> 113 |       const repository = new ExpenseRepository(await getDatabase());
      | ^^^^^^^^^^^^^^^^^^^^^^^^^^^^^^^^^^^^^^^^^^^^^^^^^^^^^^^^^^^^^^^^^^^^
> 114 |       const page = await repository.listRecent({ limit: EXPENSE_PAGE_SIZE, offset: 0 });
      | ^^^^^^^^^^^^^^^^^^^^^^^^^^^^^^^^^^^^^^^^^^^^^^^^^^^^^^^^^^^^^^^^^^^^
> 115 |
      | ^^^^^^^^^^^^^^^^^^^^^^^^^^^^^^^^^^^^^^^^^^^^^^^^^^^^^^^^^^^^^^^^^^^^
> 116 |       setRows(page.expenses);
      | ^^^^^^^^^^^^^^^^^^^^^^^^^^^^^^^^^^^^^^^^^^^^^^^^^^^^^^^^^^^^^^^^^^^^
> 117 |       setHasMore(page.hasMore);
      | ^^^^^^^^^^^^^^^^^^^^^^^^^^^^^^^^^^^^^^^^^^^^^^^^^^^^^^^^^^^^^^^^^^^^
> 118 |       setStatus('ready');
      | ^^^^^^^^^^^^^^^^^^^^^^^^^^^^^^^^^^^^^^^^^^^^^^^^^^^^^^^^^^^^^^^^^^^^
> 119 |     } catch (error) {
      | ^^^^^^^^^^^^^^^^^^^^^^^^^^^^^^^^^^^^^^^^^^^^^^^^^^^^^^^^^^^^^^^^^^^^
> 120 |       // Rows already on screen are left alone; only a first load with nothing to
      | ^^^^^^^^^^^^^^^^^^^^^^^^^^^^^^^^^^^^^^^^^^^^^^^^^^^^^^^^^^^^^^^^^^^^
> 121 |       // show replaces them with an error.
      | ^^^^^^^^^^^^^^^^^^^^^^^^^^^^^^^^^^^^^^^^^^^^^^^^^^^^^^^^^^^^^^^^^^^^
> 122 |       console.warn('[expenses] could not load the first page', error);
      | ^^^^^^^^^^^^^^^^^^^^^^^^^^^^^^^^^^^^^^^^^^^^^^^^^^^^^^^^^^^^^^^^^^^^
> 123 |
      | ^^^^^^^^^^^^^^^^^^^^^^^^^^^^^^^^^^^^^^^^^^^^^^^^^^^^^^^^^^^^^^^^^^^^
> 124 |       if (rows.length === 0) {
      | ^^^^^^^^^^^^^^^^^^^^^^^^^^^^^^^^^^^^^^^^^^^^^^^^^^^^^^^^^^^^^^^^^^^^
> 125 |         setStatus('error');
      | ^^^^^^^^^^^^^^^^^^^^^^^^^^^^^^^^^^^^^^^^^^^^^^^^^^^^^^^^^^^^^^^^^^^^
> 126 |       }
      | ^^^^^^^^^^^^^^^^^^^^^^^^^^^^^^^^^^^^^^^^^^^^^^^^^^^^^^^^^^^^^^^^^^^^
> 127 |     } finally {
      | ^^^^^^^^^^^^^^^^^^^^^^^^^^^^^^^^^^^^^^^^^^^^^^^^^^^^^^^^^^^^^^^^^^^^
> 128 |       loadingMore.current = false;
      | ^^^^^^^^^^^^^^^^^^^^^^^^^^^^^^^^^^^^^^^^^^^^^^^^^^^^^^^^^^^^^^^^^^^^
> 129 |     }
      | ^^^^^^ (BuildHIR::lowerStatement) Handle TryStatement with a finalizer ('finally') clause
  130 |   }, [rows.length]);
  131 |
  132 |   const loadNextPage = useCallback(async () => {

Todo: (BuildHIR::lowerStatement) Handle TryStatement with a finalizer ('finally') clause

  140 |     loadingMore.current = true;
  141 |
> 142 |     try {
      |     ^^^^^
> 143 |       const repository = new ExpenseRepository(await getDatabase());
      | ^^^^^^^^^^^^^^^^^^^^^^^^^^^^^^^^^^^^^^^^^^^^^^^^^^^^^^^^^^^^^^^^^^^^
> 144 |       const page = await repository.listRecent({
      | ^^^^^^^^^^^^^^^^^^^^^^^^^^^^^^^^^^^^^^^^^^^^^^^^^^^^^^^^^^^^^^^^^^^^
> 145 |         limit: EXPENSE_PAGE_SIZE,
      | ^^^^^^^^^^^^^^^^^^^^^^^^^^^^^^^^^^^^^^^^^^^^^^^^^^^^^^^^^^^^^^^^^^^^
> 146 |         // Read against the rows on screen, not against a separate counter that
      | ^^^^^^^^^^^^^^^^^^^^^^^^^^^^^^^^^^^^^^^^^^^^^^^^^^^^^^^^^^^^^^^^^^^^
> 147 |         // could drift from them.
      | ^^^^^^^^^^^^^^^^^^^^^^^^^^^^^^^^^^^^^^^^^^^^^^^^^^^^^^^^^^^^^^^^^^^^
> 148 |         offset: rows.length,
      | ^^^^^^^^^^^^^^^^^^^^^^^^^^^^^^^^^^^^^^^^^^^^^^^^^^^^^^^^^^^^^^^^^^^^
> 149 |       });
      | ^^^^^^^^^^^^^^^^^^^^^^^^^^^^^^^^^^^^^^^^^^^^^^^^^^^^^^^^^^^^^^^^^^^^
> 150 |
      | ^^^^^^^^^^^^^^^^^^^^^^^^^^^^^^^^^^^^^^^^^^^^^^^^^^^^^^^^^^^^^^^^^^^^
> 151 |       setHasMore(page.hasMore);
      | ^^^^^^^^^^^^^^^^^^^^^^^^^^^^^^^^^^^^^^^^^^^^^^^^^^^^^^^^^^^^^^^^^^^^
> 152 |
      | ^^^^^^^^^^^^^^^^^^^^^^^^^^^^^^^^^^^^^^^^^^^^^^^^^^^^^^^^^^^^^^^^^^^^
> 153 |       if (page.expenses.length > 0) {
      | ^^^^^^^^^^^^^^^^^^^^^^^^^^^^^^^^^^^^^^^^^^^^^^^^^^^^^^^^^^^^^^^^^^^^
> 154 |         // Append. These are the same row objects the query returned, so the
      | ^^^^^^^^^^^^^^^^^^^^^^^^^^^^^^^^^^^^^^^^^^^^^^^^^^^^^^^^^^^^^^^^^^^^
> 155 |         // rows already on screen keep their identity and do not re-render.
      | ^^^^^^^^^^^^^^^^^^^^^^^^^^^^^^^^^^^^^^^^^^^^^^^^^^^^^^^^^^^^^^^^^^^^
> 156 |         setRows((current) => [...current, ...page.expenses]);
      | ^^^^^^^^^^^^^^^^^^^^^^^^^^^^^^^^^^^^^^^^^^^^^^^^^^^^^^^^^^^^^^^^^^^^
> 157 |       }
      | ^^^^^^^^^^^^^^^^^^^^^^^^^^^^^^^^^^^^^^^^^^^^^^^^^^^^^^^^^^^^^^^^^^^^
> 158 |     } catch (error) {
      | ^^^^^^^^^^^^^^^^^^^^^^^^^^^^^^^^^^^^^^^^^^^^^^^^^^^^^^^^^^^^^^^^^^^^
> 159 |       /*
      | ^^^^^^^^^^^^^^^^^^^^^^^^^^^^^^^^^^^^^^^^^^^^^^^^^^^^^^^^^^^^^^^^^^^^
> 160 |         Stop paging rather than looping. A failure here leaves the offset where it
      | ^^^^^^^^^^^^^^^^^^^^^^^^^^^^^^^^^^^^^^^^^^^^^^^^^^^^^^^^^^^^^^^^^^^^
> 161 |         was, so the next scroll would ask for the same page again and keep
      | ^^^^^^^^^^^^^^^^^^^^^^^^^^^^^^^^^^^^^^^^^^^^^^^^^^^^^^^^^^^^^^^^^^^^
> 162 |         failing; clearing `hasMore` turns the footer into "End of history" and
      | ^^^^^^^^^^^^^^^^^^^^^^^^^^^^^^^^^^^^^^^^^^^^^^^^^^^^^^^^^^^^^^^^^^^^
> 163 |         leaves a working part of the list rather than an endless spinner.
      | ^^^^^^^^^^^^^^^^^^^^^^^^^^^^^^^^^^^^^^^^^^^^^^^^^^^^^^^^^^^^^^^^^^^^
> 164 |       */
      | ^^^^^^^^^^^^^^^^^^^^^^^^^^^^^^^^^^^^^^^^^^^^^^^^^^^^^^^^^^^^^^^^^^^^
> 165 |       console.warn('[expenses] could not load the next page', error);
      | ^^^^^^^^^^^^^^^^^^^^^^^^^^^^^^^^^^^^^^^^^^^^^^^^^^^^^^^^^^^^^^^^^^^^
> 166 |       setHasMore(false);
      | ^^^^^^^^^^^^^^^^^^^^^^^^^^^^^^^^^^^^^^^^^^^^^^^^^^^^^^^^^^^^^^^^^^^^
> 167 |     } finally {
      | ^^^^^^^^^^^^^^^^^^^^^^^^^^^^^^^^^^^^^^^^^^^^^^^^^^^^^^^^^^^^^^^^^^^^
> 168 |       loadingMore.current = false;
      | ^^^^^^^^^^^^^^^^^^^^^^^^^^^^^^^^^^^^^^^^^^^^^^^^^^^^^^^^^^^^^^^^^^^^
> 169 |     }
      | ^^^^^^ (BuildHIR::lowerStatement) Handle TryStatement with a finalizer ('finally') clause
  170 |   }, [hasMore, rows.length]);
  171 |
  172 |   /*
    at new HIRBuilder (C:\Users\DboxAdmin\skill_projects\expense-tracker\node_modules\babel-plugin-react-compiler\dist\index.js:76126:19)
    at lower (C:\Users\DboxAdmin\skill_projects\expense-tracker\node_modules\babel-plugin-react-compiler\dist\index.js:78097:19)
    at runWithEnvironment (C:\Users\DboxAdmin\skill_projects\expense-tracker\node_modules\babel-plugin-react-compiler\dist\index.js:106368:15)
    at run (C:\Users\DboxAdmin\skill_projects\expense-tracker\node_modules\babel-plugin-react-compiler\dist\index.js:106361:10)
    at compileFn (C:\Users\DboxAdmin\skill_projects\expense-tracker\node_modules\babel-plugin-react-compiler\dist\index.js:106689:10)
    at tryCompileFunction (C:\Users\DboxAdmin\skill_projects\expense-tracker\node_modules\babel-plugin-react-compiler\dist\index.js:107289:19)
    at processFn (C:\Users\DboxAdmin\skill_projects\expense-tracker\node_modules\babel-plugin-react-compiler\dist\index.js:107226:25)
    at compileProgram (C:\Users\DboxAdmin\skill_projects\expense-tracker\node_modules\babel-plugin-react-compiler\dist\index.js:107107:22)
    at PluginPass.enter (C:\Users\DboxAdmin\skill_projects\expense-tracker\node_modules\babel-plugin-react-compiler\dist\index.js:108443:28)
    at newFn (C:\Users\DboxAdmin\skill_projects\expense-tracker\node_modules\@babel\traverse\lib\visitors.js:168:14)
    at NodePath._call (C:\Users\DboxAdmin\skill_projects\expense-tracker\node_modules\@babel\traverse\lib\path\context.js:50:20)
    at NodePath.call (C:\Users\DboxAdmin\skill_projects\expense-tracker\node_modules\@babel\traverse\lib\path\context.js:40:18)
    at NodePath.visit (C:\Users\DboxAdmin\skill_projects\expense-tracker\node_modules\@babel\traverse\lib\path\context.js:87:31)
    at TraversalContext.visitQueue (C:\Users\DboxAdmin\skill_projects\expense-tracker\node_modules\@babel\traverse\lib\context.js:96:16)
    at TraversalContext.visitSingle (C:\Users\DboxAdmin\skill_projects\expense-tracker\node_modules\@babel\traverse\lib\context.js:72:19)
    at TraversalContext.visit (C:\Users\DboxAdmin\skill_projects\expense-tracker\node_modules\@babel\traverse\lib\context.js:119:19)
    at traverseNode (C:\Users\DboxAdmin\skill_projects\expense-tracker\node_modules\@babel\traverse\lib\traverse-node.js:130:17)
    at traverse (C:\Users\DboxAdmin\skill_projects\expense-tracker\node_modules\@babel\traverse\lib\index.js:53:34)
    at transformFile (C:\Users\DboxAdmin\skill_projects\expense-tracker\node_modules\@babel\core\lib\transformation\index.js:79:29)
    at transformFile.next (<anonymous>)
    at run (C:\Users\DboxAdmin\skill_projects\expense-tracker\node_modules\@babel\core\lib\transformation\index.js:25:12)
    at run.next (<anonymous>)
    at transform (C:\Users\DboxAdmin\skill_projects\expense-tracker\node_modules\@babel\core\lib\transform.js:22:33)
    at transform.next (<anonymous>)
    at evaluateSync (C:\Users\DboxAdmin\skill_projects\expense-tracker\node_modules\gensync\index.js:251:28)
    at sync (C:\Users\DboxAdmin\skill_projects\expense-tracker\node_modules\gensync\index.js:89:14)
    at stopHiding - secret - don't use this - v1 (C:\Users\DboxAdmin\skill_projects\expense-tracker\node_modules\@babel\core\lib\errors\rewrite-stack-trace.js:47:12)
    at Object.transformSync (C:\Users\DboxAdmin\skill_projects\expense-tracker\node_modules\@babel\core\lib\transform.js:40:76)
    at parseWithBabel (C:\Users\DboxAdmin\skill_projects\expense-tracker\node_modules\@expo\metro-config\build\transformSync.js:75:18)
    at transformSync (C:\Users\DboxAdmin\skill_projects\expense-tracker\node_modules\@expo\metro-config\build\transformSync.js:54:16)
    at Object.transform (C:\Users\DboxAdmin\skill_projects\expense-tracker\node_modules\@expo\metro-config\build\babel-transformer.js:146:58)
    at transformJSWithBabel (C:\Users\DboxAdmin\skill_projects\expense-tracker\node_modules\@expo\metro-config\build\transform-worker\metro-transform-worker.js:495:47)
    at Object.transform (C:\Users\DboxAdmin\skill_projects\expense-tracker\node_modules\@expo\metro-config\build\transform-worker\metro-transform-worker.js:614:12)
    at Object.transform (C:\Users\DboxAdmin\skill_projects\expense-tracker\node_modules\@expo\metro-config\build\transform-worker\transform-worker.js:179:19)
    at transformFile (C:\Users\DboxAdmin\skill_projects\expense-tracker\node_modules\metro\src\DeltaBundler\Worker.flow.js:67:36)
    at Object.transform (C:\Users\DboxAdmin\skill_projects\expense-tracker\node_modules\metro\src\DeltaBundler\Worker.flow.js:42:10)
    at execFunction (C:\Users\DboxAdmin\skill_projects\expense-tracker\node_modules\jest-worker\build\workers\threadChild.js:167:17)
    at execHelper (C:\Users\DboxAdmin\skill_projects\expense-tracker\node_modules\jest-worker\build\workers\threadChild.js:155:5)
    at execMethod (C:\Users\DboxAdmin\skill_projects\expense-tracker\node_modules\jest-worker\build\workers\threadChild.js:158:5)
    at MessagePort.messageListener (C:\Users\DboxAdmin\skill_projects\expense-tracker\node_modules\jest-worker\build\workers\threadChild.js:52:7)
    at [nodejs.internal.kHybridDispatch] (node:internal/event_target:848:20)
 ERROR  ReactCompilerError: Found 2 errors:

Todo: (BuildHIR::lowerStatement) Handle TryStatement with a finalizer ('finally') clause

  110 |     loadingMore.current = true;
  111 |
> 112 |     try {
      |     ^^^^^
> 113 |       const repository = new ExpenseRepository(await getDatabase());
      | ^^^^^^^^^^^^^^^^^^^^^^^^^^^^^^^^^^^^^^^^^^^^^^^^^^^^^^^^^^^^^^^^^^^^
> 114 |       const page = await repository.listRecent({ limit: EXPENSE_PAGE_SIZE, offset: 0 });
      | ^^^^^^^^^^^^^^^^^^^^^^^^^^^^^^^^^^^^^^^^^^^^^^^^^^^^^^^^^^^^^^^^^^^^
> 115 |
      | ^^^^^^^^^^^^^^^^^^^^^^^^^^^^^^^^^^^^^^^^^^^^^^^^^^^^^^^^^^^^^^^^^^^^
> 116 |       setRows(page.expenses);
      | ^^^^^^^^^^^^^^^^^^^^^^^^^^^^^^^^^^^^^^^^^^^^^^^^^^^^^^^^^^^^^^^^^^^^
> 117 |       setHasMore(page.hasMore);
      | ^^^^^^^^^^^^^^^^^^^^^^^^^^^^^^^^^^^^^^^^^^^^^^^^^^^^^^^^^^^^^^^^^^^^
> 118 |       setStatus('ready');
      | ^^^^^^^^^^^^^^^^^^^^^^^^^^^^^^^^^^^^^^^^^^^^^^^^^^^^^^^^^^^^^^^^^^^^
> 119 |     } catch (error) {
      | ^^^^^^^^^^^^^^^^^^^^^^^^^^^^^^^^^^^^^^^^^^^^^^^^^^^^^^^^^^^^^^^^^^^^
> 120 |       // Rows already on screen are left alone; only a first load with nothing to
      | ^^^^^^^^^^^^^^^^^^^^^^^^^^^^^^^^^^^^^^^^^^^^^^^^^^^^^^^^^^^^^^^^^^^^
> 121 |       // show replaces them with an error.
      | ^^^^^^^^^^^^^^^^^^^^^^^^^^^^^^^^^^^^^^^^^^^^^^^^^^^^^^^^^^^^^^^^^^^^
> 122 |       console.warn('[expenses] could not load the first page', error);
      | ^^^^^^^^^^^^^^^^^^^^^^^^^^^^^^^^^^^^^^^^^^^^^^^^^^^^^^^^^^^^^^^^^^^^
> 123 |
      | ^^^^^^^^^^^^^^^^^^^^^^^^^^^^^^^^^^^^^^^^^^^^^^^^^^^^^^^^^^^^^^^^^^^^
> 124 |       if (rows.length === 0) {
      | ^^^^^^^^^^^^^^^^^^^^^^^^^^^^^^^^^^^^^^^^^^^^^^^^^^^^^^^^^^^^^^^^^^^^
> 125 |         setStatus('error');
      | ^^^^^^^^^^^^^^^^^^^^^^^^^^^^^^^^^^^^^^^^^^^^^^^^^^^^^^^^^^^^^^^^^^^^
> 126 |       }
      | ^^^^^^^^^^^^^^^^^^^^^^^^^^^^^^^^^^^^^^^^^^^^^^^^^^^^^^^^^^^^^^^^^^^^
> 127 |     } finally {
      | ^^^^^^^^^^^^^^^^^^^^^^^^^^^^^^^^^^^^^^^^^^^^^^^^^^^^^^^^^^^^^^^^^^^^
> 128 |       loadingMore.current = false;
      | ^^^^^^^^^^^^^^^^^^^^^^^^^^^^^^^^^^^^^^^^^^^^^^^^^^^^^^^^^^^^^^^^^^^^
> 129 |     }
      | ^^^^^^ (BuildHIR::lowerStatement) Handle TryStatement with a finalizer ('finally') clause
  130 |   }, [rows.length]);
  131 |
  132 |   const loadNextPage = useCallback(async () => {

Todo: (BuildHIR::lowerStatement) Handle TryStatement with a finalizer ('finally') clause

  140 |     loadingMore.current = true;
  141 |
> 142 |     try {
      |     ^^^^^
> 143 |       const repository = new ExpenseRepository(await getDatabase());
      | ^^^^^^^^^^^^^^^^^^^^^^^^^^^^^^^^^^^^^^^^^^^^^^^^^^^^^^^^^^^^^^^^^^^^
> 144 |       const page = await repository.listRecent({
      | ^^^^^^^^^^^^^^^^^^^^^^^^^^^^^^^^^^^^^^^^^^^^^^^^^^^^^^^^^^^^^^^^^^^^
> 145 |         limit: EXPENSE_PAGE_SIZE,
      | ^^^^^^^^^^^^^^^^^^^^^^^^^^^^^^^^^^^^^^^^^^^^^^^^^^^^^^^^^^^^^^^^^^^^
> 146 |         // Read against the rows on screen, not against a separate counter that
      | ^^^^^^^^^^^^^^^^^^^^^^^^^^^^^^^^^^^^^^^^^^^^^^^^^^^^^^^^^^^^^^^^^^^^
> 147 |         // could drift from them.
      | ^^^^^^^^^^^^^^^^^^^^^^^^^^^^^^^^^^^^^^^^^^^^^^^^^^^^^^^^^^^^^^^^^^^^
> 148 |         offset: rows.length,
      | ^^^^^^^^^^^^^^^^^^^^^^^^^^^^^^^^^^^^^^^^^^^^^^^^^^^^^^^^^^^^^^^^^^^^
> 149 |       });
      | ^^^^^^^^^^^^^^^^^^^^^^^^^^^^^^^^^^^^^^^^^^^^^^^^^^^^^^^^^^^^^^^^^^^^
> 150 |
      | ^^^^^^^^^^^^^^^^^^^^^^^^^^^^^^^^^^^^^^^^^^^^^^^^^^^^^^^^^^^^^^^^^^^^
> 151 |       setHasMore(page.hasMore);
      | ^^^^^^^^^^^^^^^^^^^^^^^^^^^^^^^^^^^^^^^^^^^^^^^^^^^^^^^^^^^^^^^^^^^^
> 152 |
      | ^^^^^^^^^^^^^^^^^^^^^^^^^^^^^^^^^^^^^^^^^^^^^^^^^^^^^^^^^^^^^^^^^^^^
> 153 |       if (page.expenses.length > 0) {
      | ^^^^^^^^^^^^^^^^^^^^^^^^^^^^^^^^^^^^^^^^^^^^^^^^^^^^^^^^^^^^^^^^^^^^
> 154 |         // Append. These are the same row objects the query returned, so the
      | ^^^^^^^^^^^^^^^^^^^^^^^^^^^^^^^^^^^^^^^^^^^^^^^^^^^^^^^^^^^^^^^^^^^^
> 155 |         // rows already on screen keep their identity and do not re-render.
      | ^^^^^^^^^^^^^^^^^^^^^^^^^^^^^^^^^^^^^^^^^^^^^^^^^^^^^^^^^^^^^^^^^^^^
> 156 |         setRows((current) => [...current, ...page.expenses]);
      | ^^^^^^^^^^^^^^^^^^^^^^^^^^^^^^^^^^^^^^^^^^^^^^^^^^^^^^^^^^^^^^^^^^^^
> 157 |       }
      | ^^^^^^^^^^^^^^^^^^^^^^^^^^^^^^^^^^^^^^^^^^^^^^^^^^^^^^^^^^^^^^^^^^^^
> 158 |     } catch (error) {
      | ^^^^^^^^^^^^^^^^^^^^^^^^^^^^^^^^^^^^^^^^^^^^^^^^^^^^^^^^^^^^^^^^^^^^
> 159 |       /*
      | ^^^^^^^^^^^^^^^^^^^^^^^^^^^^^^^^^^^^^^^^^^^^^^^^^^^^^^^^^^^^^^^^^^^^
> 160 |         Stop paging rather than looping. A failure here leaves the offset where it
      | ^^^^^^^^^^^^^^^^^^^^^^^^^^^^^^^^^^^^^^^^^^^^^^^^^^^^^^^^^^^^^^^^^^^^
> 161 |         was, so the next scroll would ask for the same page again and keep
      | ^^^^^^^^^^^^^^^^^^^^^^^^^^^^^^^^^^^^^^^^^^^^^^^^^^^^^^^^^^^^^^^^^^^^
> 162 |         failing; clearing `hasMore` turns the footer into "End of history" and
      | ^^^^^^^^^^^^^^^^^^^^^^^^^^^^^^^^^^^^^^^^^^^^^^^^^^^^^^^^^^^^^^^^^^^^
> 163 |         leaves a working part of the list rather than an endless spinner.
      | ^^^^^^^^^^^^^^^^^^^^^^^^^^^^^^^^^^^^^^^^^^^^^^^^^^^^^^^^^^^^^^^^^^^^
> 164 |       */
      | ^^^^^^^^^^^^^^^^^^^^^^^^^^^^^^^^^^^^^^^^^^^^^^^^^^^^^^^^^^^^^^^^^^^^
> 165 |       console.warn('[expenses] could not load the next page', error);
      | ^^^^^^^^^^^^^^^^^^^^^^^^^^^^^^^^^^^^^^^^^^^^^^^^^^^^^^^^^^^^^^^^^^^^
> 166 |       setHasMore(false);
      | ^^^^^^^^^^^^^^^^^^^^^^^^^^^^^^^^^^^^^^^^^^^^^^^^^^^^^^^^^^^^^^^^^^^^
> 167 |     } finally {
      | ^^^^^^^^^^^^^^^^^^^^^^^^^^^^^^^^^^^^^^^^^^^^^^^^^^^^^^^^^^^^^^^^^^^^
> 168 |       loadingMore.current = false;
      | ^^^^^^^^^^^^^^^^^^^^^^^^^^^^^^^^^^^^^^^^^^^^^^^^^^^^^^^^^^^^^^^^^^^^
> 169 |     }
      | ^^^^^^ (BuildHIR::lowerStatement) Handle TryStatement with a finalizer ('finally') clause
  170 |   }, [hasMore, rows.length]);
  171 |
  172 |   /*
    at new HIRBuilder (C:\Users\DboxAdmin\skill_projects\expense-tracker\node_modules\babel-plugin-react-compiler\dist\index.js:76126:19)
    at lower (C:\Users\DboxAdmin\skill_projects\expense-tracker\node_modules\babel-plugin-react-compiler\dist\index.js:78097:19)
    at runWithEnvironment (C:\Users\DboxAdmin\skill_projects\expense-tracker\node_modules\babel-plugin-react-compiler\dist\index.js:106368:15)
    at run (C:\Users\DboxAdmin\skill_projects\expense-tracker\node_modules\babel-plugin-react-compiler\dist\index.js:106361:10)
    at compileFn (C:\Users\DboxAdmin\skill_projects\expense-tracker\node_modules\babel-plugin-react-compiler\dist\index.js:106689:10)
    at tryCompileFunction (C:\Users\DboxAdmin\skill_projects\expense-tracker\node_modules\babel-plugin-react-compiler\dist\index.js:107289:19)
    at processFn (C:\Users\DboxAdmin\skill_projects\expense-tracker\node_modules\babel-plugin-react-compiler\dist\index.js:107226:25)
    at compileProgram (C:\Users\DboxAdmin\skill_projects\expense-tracker\node_modules\babel-plugin-react-compiler\dist\index.js:107107:22)
    at PluginPass.enter (C:\Users\DboxAdmin\skill_projects\expense-tracker\node_modules\babel-plugin-react-compiler\dist\index.js:108443:28)
    at newFn (C:\Users\DboxAdmin\skill_projects\expense-tracker\node_modules\@babel\traverse\lib\visitors.js:168:14)
    at NodePath._call (C:\Users\DboxAdmin\skill_projects\expense-tracker\node_modules\@babel\traverse\lib\path\context.js:50:20)
    at NodePath.call (C:\Users\DboxAdmin\skill_projects\expense-tracker\node_modules\@babel\traverse\lib\path\context.js:40:18)
    at NodePath.visit (C:\Users\DboxAdmin\skill_projects\expense-tracker\node_modules\@babel\traverse\lib\path\context.js:87:31)
    at TraversalContext.visitQueue (C:\Users\DboxAdmin\skill_projects\expense-tracker\node_modules\@babel\traverse\lib\context.js:96:16)
    at TraversalContext.visitSingle (C:\Users\DboxAdmin\skill_projects\expense-tracker\node_modules\@babel\traverse\lib\context.js:72:19)
    at TraversalContext.visit (C:\Users\DboxAdmin\skill_projects\expense-tracker\node_modules\@babel\traverse\lib\context.js:119:19)
    at traverseNode (C:\Users\DboxAdmin\skill_projects\expense-tracker\node_modules\@babel\traverse\lib\traverse-node.js:130:17)
    at traverse (C:\Users\DboxAdmin\skill_projects\expense-tracker\node_modules\@babel\traverse\lib\index.js:53:34)
    at transformFile (C:\Users\DboxAdmin\skill_projects\expense-tracker\node_modules\@babel\core\lib\transformation\index.js:79:29)
    at transformFile.next (<anonymous>)
    at run (C:\Users\DboxAdmin\skill_projects\expense-tracker\node_modules\@babel\core\lib\transformation\index.js:25:12)
    at run.next (<anonymous>)
    at transform (C:\Users\DboxAdmin\skill_projects\expense-tracker\node_modules\@babel\core\lib\transform.js:22:33)
    at transform.next (<anonymous>)
    at evaluateSync (C:\Users\DboxAdmin\skill_projects\expense-tracker\node_modules\gensync\index.js:251:28)
    at sync (C:\Users\DboxAdmin\skill_projects\expense-tracker\node_modules\gensync\index.js:89:14)
    at stopHiding - secret - don't use this - v1 (C:\Users\DboxAdmin\skill_projects\expense-tracker\node_modules\@babel\core\lib\errors\rewrite-stack-trace.js:47:12)
    at Object.transformSync (C:\Users\DboxAdmin\skill_projects\expense-tracker\node_modules\@babel\core\lib\transform.js:40:76)
    at parseWithBabel (C:\Users\DboxAdmin\skill_projects\expense-tracker\node_modules\@expo\metro-config\build\transformSync.js:75:18)
    at transformSync (C:\Users\DboxAdmin\skill_projects\expense-tracker\node_modules\@expo\metro-config\build\transformSync.js:54:16)
    at Object.transform (C:\Users\DboxAdmin\skill_projects\expense-tracker\node_modules\@expo\metro-config\build\babel-transformer.js:146:58)
    at transformJSWithBabel (C:\Users\DboxAdmin\skill_projects\expense-tracker\node_modules\@expo\metro-config\build\transform-worker\metro-transform-worker.js:495:47)
    at Object.transform (C:\Users\DboxAdmin\skill_projects\expense-tracker\node_modules\@expo\metro-config\build\transform-worker\metro-transform-worker.js:614:12)
    at Object.transform (C:\Users\DboxAdmin\skill_projects\expense-tracker\node_modules\@expo\metro-config\build\transform-worker\transform-worker.js:179:19)
    at transformFile (C:\Users\DboxAdmin\skill_projects\expense-tracker\node_modules\metro\src\DeltaBundler\Worker.flow.js:67:36)
    at Object.transform (C:\Users\DboxAdmin\skill_projects\expense-tracker\node_modules\metro\src\DeltaBundler\Worker.flow.js:42:10)
    at execFunction (C:\Users\DboxAdmin\skill_projects\expense-tracker\node_modules\jest-worker\build\workers\threadChild.js:167:17)
    at execHelper (C:\Users\DboxAdmin\skill_projects\expense-tracker\node_modules\jest-worker\build\workers\threadChild.js:155:5)
    at execMethod (C:\Users\DboxAdmin\skill_projects\expense-tracker\node_modules\jest-worker\build\workers\threadChild.js:158:5)
    at MessagePort.messageListener (C:\Users\DboxAdmin\skill_projects\expense-tracker\node_modules\jest-worker\build\workers\threadChild.js:52:7)
    at [nodejs.internal.kHybridDispatch] (node:internal/event_target:848:20)
 ERROR  ReactCompilerError: Found 2 errors:

Todo: (BuildHIR::lowerStatement) Handle TryStatement with a finalizer ('finally') clause

  110 |     loadingMore.current = true;
  111 |
> 112 |     try {
      |     ^^^^^
> 113 |       const repository = new ExpenseRepository(await getDatabase());
      | ^^^^^^^^^^^^^^^^^^^^^^^^^^^^^^^^^^^^^^^^^^^^^^^^^^^^^^^^^^^^^^^^^^^^
> 114 |       const page = await repository.listRecent({ limit: EXPENSE_PAGE_SIZE, offset: 0 });
      | ^^^^^^^^^^^^^^^^^^^^^^^^^^^^^^^^^^^^^^^^^^^^^^^^^^^^^^^^^^^^^^^^^^^^
> 115 |
      | ^^^^^^^^^^^^^^^^^^^^^^^^^^^^^^^^^^^^^^^^^^^^^^^^^^^^^^^^^^^^^^^^^^^^
> 116 |       setRows(page.expenses);
      | ^^^^^^^^^^^^^^^^^^^^^^^^^^^^^^^^^^^^^^^^^^^^^^^^^^^^^^^^^^^^^^^^^^^^
> 117 |       setHasMore(page.hasMore);
      | ^^^^^^^^^^^^^^^^^^^^^^^^^^^^^^^^^^^^^^^^^^^^^^^^^^^^^^^^^^^^^^^^^^^^
> 118 |       setStatus('ready');
      | ^^^^^^^^^^^^^^^^^^^^^^^^^^^^^^^^^^^^^^^^^^^^^^^^^^^^^^^^^^^^^^^^^^^^
> 119 |     } catch (error) {
      | ^^^^^^^^^^^^^^^^^^^^^^^^^^^^^^^^^^^^^^^^^^^^^^^^^^^^^^^^^^^^^^^^^^^^
> 120 |       // Rows already on screen are left alone; only a first load with nothing to
      | ^^^^^^^^^^^^^^^^^^^^^^^^^^^^^^^^^^^^^^^^^^^^^^^^^^^^^^^^^^^^^^^^^^^^
> 121 |       // show replaces them with an error.
      | ^^^^^^^^^^^^^^^^^^^^^^^^^^^^^^^^^^^^^^^^^^^^^^^^^^^^^^^^^^^^^^^^^^^^
> 122 |       console.warn('[expenses] could not load the first page', error);
      | ^^^^^^^^^^^^^^^^^^^^^^^^^^^^^^^^^^^^^^^^^^^^^^^^^^^^^^^^^^^^^^^^^^^^
> 123 |
      | ^^^^^^^^^^^^^^^^^^^^^^^^^^^^^^^^^^^^^^^^^^^^^^^^^^^^^^^^^^^^^^^^^^^^
> 124 |       if (rows.length === 0) {
      | ^^^^^^^^^^^^^^^^^^^^^^^^^^^^^^^^^^^^^^^^^^^^^^^^^^^^^^^^^^^^^^^^^^^^
> 125 |         setStatus('error');
      | ^^^^^^^^^^^^^^^^^^^^^^^^^^^^^^^^^^^^^^^^^^^^^^^^^^^^^^^^^^^^^^^^^^^^
> 126 |       }
      | ^^^^^^^^^^^^^^^^^^^^^^^^^^^^^^^^^^^^^^^^^^^^^^^^^^^^^^^^^^^^^^^^^^^^
> 127 |     } finally {
      | ^^^^^^^^^^^^^^^^^^^^^^^^^^^^^^^^^^^^^^^^^^^^^^^^^^^^^^^^^^^^^^^^^^^^
> 128 |       loadingMore.current = false;
      | ^^^^^^^^^^^^^^^^^^^^^^^^^^^^^^^^^^^^^^^^^^^^^^^^^^^^^^^^^^^^^^^^^^^^
> 129 |     }
      | ^^^^^^ (BuildHIR::lowerStatement) Handle TryStatement with a finalizer ('finally') clause
  130 |   }, [rows.length]);
  131 |
  132 |   const loadNextPage = useCallback(async () => {

Todo: (BuildHIR::lowerStatement) Handle TryStatement with a finalizer ('finally') clause

  140 |     loadingMore.current = true;
  141 |
> 142 |     try {
      |     ^^^^^
> 143 |       const repository = new ExpenseRepository(await getDatabase());
      | ^^^^^^^^^^^^^^^^^^^^^^^^^^^^^^^^^^^^^^^^^^^^^^^^^^^^^^^^^^^^^^^^^^^^
> 144 |       const page = await repository.listRecent({
      | ^^^^^^^^^^^^^^^^^^^^^^^^^^^^^^^^^^^^^^^^^^^^^^^^^^^^^^^^^^^^^^^^^^^^
> 145 |         limit: EXPENSE_PAGE_SIZE,
      | ^^^^^^^^^^^^^^^^^^^^^^^^^^^^^^^^^^^^^^^^^^^^^^^^^^^^^^^^^^^^^^^^^^^^
> 146 |         // Read against the rows on screen, not against a separate counter that
      | ^^^^^^^^^^^^^^^^^^^^^^^^^^^^^^^^^^^^^^^^^^^^^^^^^^^^^^^^^^^^^^^^^^^^
> 147 |         // could drift from them.
      | ^^^^^^^^^^^^^^^^^^^^^^^^^^^^^^^^^^^^^^^^^^^^^^^^^^^^^^^^^^^^^^^^^^^^
> 148 |         offset: rows.length,
      | ^^^^^^^^^^^^^^^^^^^^^^^^^^^^^^^^^^^^^^^^^^^^^^^^^^^^^^^^^^^^^^^^^^^^
> 149 |       });
      | ^^^^^^^^^^^^^^^^^^^^^^^^^^^^^^^^^^^^^^^^^^^^^^^^^^^^^^^^^^^^^^^^^^^^
> 150 |
      | ^^^^^^^^^^^^^^^^^^^^^^^^^^^^^^^^^^^^^^^^^^^^^^^^^^^^^^^^^^^^^^^^^^^^
> 151 |       setHasMore(page.hasMore);
      | ^^^^^^^^^^^^^^^^^^^^^^^^^^^^^^^^^^^^^^^^^^^^^^^^^^^^^^^^^^^^^^^^^^^^
> 152 |
      | ^^^^^^^^^^^^^^^^^^^^^^^^^^^^^^^^^^^^^^^^^^^^^^^^^^^^^^^^^^^^^^^^^^^^
> 153 |       if (page.expenses.length > 0) {
      | ^^^^^^^^^^^^^^^^^^^^^^^^^^^^^^^^^^^^^^^^^^^^^^^^^^^^^^^^^^^^^^^^^^^^
> 154 |         // Append. These are the same row objects the query returned, so the
      | ^^^^^^^^^^^^^^^^^^^^^^^^^^^^^^^^^^^^^^^^^^^^^^^^^^^^^^^^^^^^^^^^^^^^
> 155 |         // rows already on screen keep their identity and do not re-render.
      | ^^^^^^^^^^^^^^^^^^^^^^^^^^^^^^^^^^^^^^^^^^^^^^^^^^^^^^^^^^^^^^^^^^^^
> 156 |         setRows((current) => [...current, ...page.expenses]);
      | ^^^^^^^^^^^^^^^^^^^^^^^^^^^^^^^^^^^^^^^^^^^^^^^^^^^^^^^^^^^^^^^^^^^^
> 157 |       }
      | ^^^^^^^^^^^^^^^^^^^^^^^^^^^^^^^^^^^^^^^^^^^^^^^^^^^^^^^^^^^^^^^^^^^^
> 158 |     } catch (error) {
      | ^^^^^^^^^^^^^^^^^^^^^^^^^^^^^^^^^^^^^^^^^^^^^^^^^^^^^^^^^^^^^^^^^^^^
> 159 |       /*
      | ^^^^^^^^^^^^^^^^^^^^^^^^^^^^^^^^^^^^^^^^^^^^^^^^^^^^^^^^^^^^^^^^^^^^
> 160 |         Stop paging rather than looping. A failure here leaves the offset where it
      | ^^^^^^^^^^^^^^^^^^^^^^^^^^^^^^^^^^^^^^^^^^^^^^^^^^^^^^^^^^^^^^^^^^^^
> 161 |         was, so the next scroll would ask for the same page again and keep
      | ^^^^^^^^^^^^^^^^^^^^^^^^^^^^^^^^^^^^^^^^^^^^^^^^^^^^^^^^^^^^^^^^^^^^
> 162 |         failing; clearing `hasMore` turns the footer into "End of history" and
      | ^^^^^^^^^^^^^^^^^^^^^^^^^^^^^^^^^^^^^^^^^^^^^^^^^^^^^^^^^^^^^^^^^^^^
> 163 |         leaves a working part of the list rather than an endless spinner.
      | ^^^^^^^^^^^^^^^^^^^^^^^^^^^^^^^^^^^^^^^^^^^^^^^^^^^^^^^^^^^^^^^^^^^^
> 164 |       */
      | ^^^^^^^^^^^^^^^^^^^^^^^^^^^^^^^^^^^^^^^^^^^^^^^^^^^^^^^^^^^^^^^^^^^^
> 165 |       console.warn('[expenses] could not load the next page', error);
      | ^^^^^^^^^^^^^^^^^^^^^^^^^^^^^^^^^^^^^^^^^^^^^^^^^^^^^^^^^^^^^^^^^^^^
> 166 |       setHasMore(false);
      | ^^^^^^^^^^^^^^^^^^^^^^^^^^^^^^^^^^^^^^^^^^^^^^^^^^^^^^^^^^^^^^^^^^^^
> 167 |     } finally {
      | ^^^^^^^^^^^^^^^^^^^^^^^^^^^^^^^^^^^^^^^^^^^^^^^^^^^^^^^^^^^^^^^^^^^^
> 168 |       loadingMore.current = false;
      | ^^^^^^^^^^^^^^^^^^^^^^^^^^^^^^^^^^^^^^^^^^^^^^^^^^^^^^^^^^^^^^^^^^^^
> 169 |     }
      | ^^^^^^ (BuildHIR::lowerStatement) Handle TryStatement with a finalizer ('finally') clause
  170 |   }, [hasMore, rows.length]);
  171 |
  172 |   /*
    at new HIRBuilder (C:\Users\DboxAdmin\skill_projects\expense-tracker\node_modules\babel-plugin-react-compiler\dist\index.js:76126:19)
    at lower (C:\Users\DboxAdmin\skill_projects\expense-tracker\node_modules\babel-plugin-react-compiler\dist\index.js:78097:19)
    at runWithEnvironment (C:\Users\DboxAdmin\skill_projects\expense-tracker\node_modules\babel-plugin-react-compiler\dist\index.js:106368:15)
    at run (C:\Users\DboxAdmin\skill_projects\expense-tracker\node_modules\babel-plugin-react-compiler\dist\index.js:106361:10)
    at compileFn (C:\Users\DboxAdmin\skill_projects\expense-tracker\node_modules\babel-plugin-react-compiler\dist\index.js:106689:10)
    at tryCompileFunction (C:\Users\DboxAdmin\skill_projects\expense-tracker\node_modules\babel-plugin-react-compiler\dist\index.js:107289:19)
    at processFn (C:\Users\DboxAdmin\skill_projects\expense-tracker\node_modules\babel-plugin-react-compiler\dist\index.js:107226:25)
    at compileProgram (C:\Users\DboxAdmin\skill_projects\expense-tracker\node_modules\babel-plugin-react-compiler\dist\index.js:107107:22)
    at PluginPass.enter (C:\Users\DboxAdmin\skill_projects\expense-tracker\node_modules\babel-plugin-react-compiler\dist\index.js:108443:28)
    at newFn (C:\Users\DboxAdmin\skill_projects\expense-tracker\node_modules\@babel\traverse\lib\visitors.js:168:14)
    at NodePath._call (C:\Users\DboxAdmin\skill_projects\expense-tracker\node_modules\@babel\traverse\lib\path\context.js:50:20)
    at NodePath.call (C:\Users\DboxAdmin\skill_projects\expense-tracker\node_modules\@babel\traverse\lib\path\context.js:40:18)
    at NodePath.visit (C:\Users\DboxAdmin\skill_projects\expense-tracker\node_modules\@babel\traverse\lib\path\context.js:87:31)
    at TraversalContext.visitQueue (C:\Users\DboxAdmin\skill_projects\expense-tracker\node_modules\@babel\traverse\lib\context.js:96:16)
    at TraversalContext.visitSingle (C:\Users\DboxAdmin\skill_projects\expense-tracker\node_modules\@babel\traverse\lib\context.js:72:19)
    at TraversalContext.visit (C:\Users\DboxAdmin\skill_projects\expense-tracker\node_modules\@babel\traverse\lib\context.js:119:19)
    at traverseNode (C:\Users\DboxAdmin\skill_projects\expense-tracker\node_modules\@babel\traverse\lib\traverse-node.js:130:17)
    at traverse (C:\Users\DboxAdmin\skill_projects\expense-tracker\node_modules\@babel\traverse\lib\index.js:53:34)
    at transformFile (C:\Users\DboxAdmin\skill_projects\expense-tracker\node_modules\@babel\core\lib\transformation\index.js:79:29)
    at transformFile.next (<anonymous>)
    at run (C:\Users\DboxAdmin\skill_projects\expense-tracker\node_modules\@babel\core\lib\transformation\index.js:25:12)
    at run.next (<anonymous>)
    at transform (C:\Users\DboxAdmin\skill_projects\expense-tracker\node_modules\@babel\core\lib\transform.js:22:33)
    at transform.next (<anonymous>)
    at evaluateSync (C:\Users\DboxAdmin\skill_projects\expense-tracker\node_modules\gensync\index.js:251:28)
    at sync (C:\Users\DboxAdmin\skill_projects\expense-tracker\node_modules\gensync\index.js:89:14)
    at stopHiding - secret - don't use this - v1 (C:\Users\DboxAdmin\skill_projects\expense-tracker\node_modules\@babel\core\lib\errors\rewrite-stack-trace.js:47:12)
    at Object.transformSync (C:\Users\DboxAdmin\skill_projects\expense-tracker\node_modules\@babel\core\lib\transform.js:40:76)
    at parseWithBabel (C:\Users\DboxAdmin\skill_projects\expense-tracker\node_modules\@expo\metro-config\build\transformSync.js:75:18)
    at transformSync (C:\Users\DboxAdmin\skill_projects\expense-tracker\node_modules\@expo\metro-config\build\transformSync.js:54:16)
    at Object.transform (C:\Users\DboxAdmin\skill_projects\expense-tracker\node_modules\@expo\metro-config\build\babel-transformer.js:146:58)
    at transformJSWithBabel (C:\Users\DboxAdmin\skill_projects\expense-tracker\node_modules\@expo\metro-config\build\transform-worker\metro-transform-worker.js:495:47)
    at Object.transform (C:\Users\DboxAdmin\skill_projects\expense-tracker\node_modules\@expo\metro-config\build\transform-worker\metro-transform-worker.js:614:12)
    at Object.transform (C:\Users\DboxAdmin\skill_projects\expense-tracker\node_modules\@expo\metro-config\build\transform-worker\transform-worker.js:179:19)
    at transformFile (C:\Users\DboxAdmin\skill_projects\expense-tracker\node_modules\metro\src\DeltaBundler\Worker.flow.js:67:36)
    at Object.transform (C:\Users\DboxAdmin\skill_projects\expense-tracker\node_modules\metro\src\DeltaBundler\Worker.flow.js:42:10)
    at execFunction (C:\Users\DboxAdmin\skill_projects\expense-tracker\node_modules\jest-worker\build\workers\threadChild.js:167:17)
    at execHelper (C:\Users\DboxAdmin\skill_projects\expense-tracker\node_modules\jest-worker\build\workers\threadChild.js:155:5)
    at execMethod (C:\Users\DboxAdmin\skill_projects\expense-tracker\node_modules\jest-worker\build\workers\threadChild.js:158:5)
    at MessagePort.messageListener (C:\Users\DboxAdmin\skill_projects\expense-tracker\node_modules\jest-worker\build\workers\threadChild.js:52:7)
    at [nodejs.internal.kHybridDispatch] (node:internal/event_target:848:20)
 ERROR  ReactCompilerError: Found 2 errors:

Todo: (BuildHIR::lowerStatement) Handle TryStatement with a finalizer ('finally') clause

  110 |     loadingMore.current = true;
  111 |
> 112 |     try {
      |     ^^^^^
> 113 |       const repository = new ExpenseRepository(await getDatabase());
      | ^^^^^^^^^^^^^^^^^^^^^^^^^^^^^^^^^^^^^^^^^^^^^^^^^^^^^^^^^^^^^^^^^^^^
> 114 |       const page = await repository.listRecent({ limit: EXPENSE_PAGE_SIZE, offset: 0 });
      | ^^^^^^^^^^^^^^^^^^^^^^^^^^^^^^^^^^^^^^^^^^^^^^^^^^^^^^^^^^^^^^^^^^^^
> 115 |
      | ^^^^^^^^^^^^^^^^^^^^^^^^^^^^^^^^^^^^^^^^^^^^^^^^^^^^^^^^^^^^^^^^^^^^
> 116 |       setRows(page.expenses);
      | ^^^^^^^^^^^^^^^^^^^^^^^^^^^^^^^^^^^^^^^^^^^^^^^^^^^^^^^^^^^^^^^^^^^^
> 117 |       setHasMore(page.hasMore);
      | ^^^^^^^^^^^^^^^^^^^^^^^^^^^^^^^^^^^^^^^^^^^^^^^^^^^^^^^^^^^^^^^^^^^^
> 118 |       setStatus('ready');
      | ^^^^^^^^^^^^^^^^^^^^^^^^^^^^^^^^^^^^^^^^^^^^^^^^^^^^^^^^^^^^^^^^^^^^
> 119 |     } catch (error) {
      | ^^^^^^^^^^^^^^^^^^^^^^^^^^^^^^^^^^^^^^^^^^^^^^^^^^^^^^^^^^^^^^^^^^^^
> 120 |       // Rows already on screen are left alone; only a first load with nothing to
      | ^^^^^^^^^^^^^^^^^^^^^^^^^^^^^^^^^^^^^^^^^^^^^^^^^^^^^^^^^^^^^^^^^^^^
> 121 |       // show replaces them with an error.
      | ^^^^^^^^^^^^^^^^^^^^^^^^^^^^^^^^^^^^^^^^^^^^^^^^^^^^^^^^^^^^^^^^^^^^
> 122 |       console.warn('[expenses] could not load the first page', error);
      | ^^^^^^^^^^^^^^^^^^^^^^^^^^^^^^^^^^^^^^^^^^^^^^^^^^^^^^^^^^^^^^^^^^^^
> 123 |
      | ^^^^^^^^^^^^^^^^^^^^^^^^^^^^^^^^^^^^^^^^^^^^^^^^^^^^^^^^^^^^^^^^^^^^
> 124 |       if (rows.length === 0) {
      | ^^^^^^^^^^^^^^^^^^^^^^^^^^^^^^^^^^^^^^^^^^^^^^^^^^^^^^^^^^^^^^^^^^^^
> 125 |         setStatus('error');
      | ^^^^^^^^^^^^^^^^^^^^^^^^^^^^^^^^^^^^^^^^^^^^^^^^^^^^^^^^^^^^^^^^^^^^
> 126 |       }
      | ^^^^^^^^^^^^^^^^^^^^^^^^^^^^^^^^^^^^^^^^^^^^^^^^^^^^^^^^^^^^^^^^^^^^
> 127 |     } finally {
      | ^^^^^^^^^^^^^^^^^^^^^^^^^^^^^^^^^^^^^^^^^^^^^^^^^^^^^^^^^^^^^^^^^^^^
> 128 |       loadingMore.current = false;
      | ^^^^^^^^^^^^^^^^^^^^^^^^^^^^^^^^^^^^^^^^^^^^^^^^^^^^^^^^^^^^^^^^^^^^
> 129 |     }
      | ^^^^^^ (BuildHIR::lowerStatement) Handle TryStatement with a finalizer ('finally') clause
  130 |   }, [rows.length]);
  131 |
  132 |   const loadNextPage = useCallback(async () => {

Todo: (BuildHIR::lowerStatement) Handle TryStatement with a finalizer ('finally') clause

  140 |     loadingMore.current = true;
  141 |
> 142 |     try {
      |     ^^^^^
> 143 |       const repository = new ExpenseRepository(await getDatabase());
      | ^^^^^^^^^^^^^^^^^^^^^^^^^^^^^^^^^^^^^^^^^^^^^^^^^^^^^^^^^^^^^^^^^^^^
> 144 |       const page = await repository.listRecent({
      | ^^^^^^^^^^^^^^^^^^^^^^^^^^^^^^^^^^^^^^^^^^^^^^^^^^^^^^^^^^^^^^^^^^^^
> 145 |         limit: EXPENSE_PAGE_SIZE,
      | ^^^^^^^^^^^^^^^^^^^^^^^^^^^^^^^^^^^^^^^^^^^^^^^^^^^^^^^^^^^^^^^^^^^^
> 146 |         // Read against the rows on screen, not against a separate counter that
      | ^^^^^^^^^^^^^^^^^^^^^^^^^^^^^^^^^^^^^^^^^^^^^^^^^^^^^^^^^^^^^^^^^^^^
> 147 |         // could drift from them.
      | ^^^^^^^^^^^^^^^^^^^^^^^^^^^^^^^^^^^^^^^^^^^^^^^^^^^^^^^^^^^^^^^^^^^^
> 148 |         offset: rows.length,
      | ^^^^^^^^^^^^^^^^^^^^^^^^^^^^^^^^^^^^^^^^^^^^^^^^^^^^^^^^^^^^^^^^^^^^
> 149 |       });
      | ^^^^^^^^^^^^^^^^^^^^^^^^^^^^^^^^^^^^^^^^^^^^^^^^^^^^^^^^^^^^^^^^^^^^
> 150 |
      | ^^^^^^^^^^^^^^^^^^^^^^^^^^^^^^^^^^^^^^^^^^^^^^^^^^^^^^^^^^^^^^^^^^^^
> 151 |       setHasMore(page.hasMore);
      | ^^^^^^^^^^^^^^^^^^^^^^^^^^^^^^^^^^^^^^^^^^^^^^^^^^^^^^^^^^^^^^^^^^^^
> 152 |
      | ^^^^^^^^^^^^^^^^^^^^^^^^^^^^^^^^^^^^^^^^^^^^^^^^^^^^^^^^^^^^^^^^^^^^
> 153 |       if (page.expenses.length > 0) {
      | ^^^^^^^^^^^^^^^^^^^^^^^^^^^^^^^^^^^^^^^^^^^^^^^^^^^^^^^^^^^^^^^^^^^^
> 154 |         // Append. These are the same row objects the query returned, so the
      | ^^^^^^^^^^^^^^^^^^^^^^^^^^^^^^^^^^^^^^^^^^^^^^^^^^^^^^^^^^^^^^^^^^^^
> 155 |         // rows already on screen keep their identity and do not re-render.
      | ^^^^^^^^^^^^^^^^^^^^^^^^^^^^^^^^^^^^^^^^^^^^^^^^^^^^^^^^^^^^^^^^^^^^
> 156 |         setRows((current) => [...current, ...page.expenses]);
      | ^^^^^^^^^^^^^^^^^^^^^^^^^^^^^^^^^^^^^^^^^^^^^^^^^^^^^^^^^^^^^^^^^^^^
> 157 |       }
      | ^^^^^^^^^^^^^^^^^^^^^^^^^^^^^^^^^^^^^^^^^^^^^^^^^^^^^^^^^^^^^^^^^^^^
> 158 |     } catch (error) {
      | ^^^^^^^^^^^^^^^^^^^^^^^^^^^^^^^^^^^^^^^^^^^^^^^^^^^^^^^^^^^^^^^^^^^^
> 159 |       /*
      | ^^^^^^^^^^^^^^^^^^^^^^^^^^^^^^^^^^^^^^^^^^^^^^^^^^^^^^^^^^^^^^^^^^^^
> 160 |         Stop paging rather than looping. A failure here leaves the offset where it
      | ^^^^^^^^^^^^^^^^^^^^^^^^^^^^^^^^^^^^^^^^^^^^^^^^^^^^^^^^^^^^^^^^^^^^
> 161 |         was, so the next scroll would ask for the same page again and keep
      | ^^^^^^^^^^^^^^^^^^^^^^^^^^^^^^^^^^^^^^^^^^^^^^^^^^^^^^^^^^^^^^^^^^^^
> 162 |         failing; clearing `hasMore` turns the footer into "End of history" and
      | ^^^^^^^^^^^^^^^^^^^^^^^^^^^^^^^^^^^^^^^^^^^^^^^^^^^^^^^^^^^^^^^^^^^^
> 163 |         leaves a working part of the list rather than an endless spinner.
      | ^^^^^^^^^^^^^^^^^^^^^^^^^^^^^^^^^^^^^^^^^^^^^^^^^^^^^^^^^^^^^^^^^^^^
> 164 |       */
      | ^^^^^^^^^^^^^^^^^^^^^^^^^^^^^^^^^^^^^^^^^^^^^^^^^^^^^^^^^^^^^^^^^^^^
> 165 |       console.warn('[expenses] could not load the next page', error);
      | ^^^^^^^^^^^^^^^^^^^^^^^^^^^^^^^^^^^^^^^^^^^^^^^^^^^^^^^^^^^^^^^^^^^^
> 166 |       setHasMore(false);
      | ^^^^^^^^^^^^^^^^^^^^^^^^^^^^^^^^^^^^^^^^^^^^^^^^^^^^^^^^^^^^^^^^^^^^
> 167 |     } finally {
      | ^^^^^^^^^^^^^^^^^^^^^^^^^^^^^^^^^^^^^^^^^^^^^^^^^^^^^^^^^^^^^^^^^^^^
> 168 |       loadingMore.current = false;
      | ^^^^^^^^^^^^^^^^^^^^^^^^^^^^^^^^^^^^^^^^^^^^^^^^^^^^^^^^^^^^^^^^^^^^
> 169 |     }
      | ^^^^^^ (BuildHIR::lowerStatement) Handle TryStatement with a finalizer ('finally') clause
  170 |   }, [hasMore, rows.length]);
  171 |
  172 |   /*
    at new HIRBuilder (C:\Users\DboxAdmin\skill_projects\expense-tracker\node_modules\babel-plugin-react-compiler\dist\index.js:76126:19)
    at lower (C:\Users\DboxAdmin\skill_projects\expense-tracker\node_modules\babel-plugin-react-compiler\dist\index.js:78097:19)
    at runWithEnvironment (C:\Users\DboxAdmin\skill_projects\expense-tracker\node_modules\babel-plugin-react-compiler\dist\index.js:106368:15)
    at run (C:\Users\DboxAdmin\skill_projects\expense-tracker\node_modules\babel-plugin-react-compiler\dist\index.js:106361:10)
    at compileFn (C:\Users\DboxAdmin\skill_projects\expense-tracker\node_modules\babel-plugin-react-compiler\dist\index.js:106689:10)
    at tryCompileFunction (C:\Users\DboxAdmin\skill_projects\expense-tracker\node_modules\babel-plugin-react-compiler\dist\index.js:107289:19)
    at processFn (C:\Users\DboxAdmin\skill_projects\expense-tracker\node_modules\babel-plugin-react-compiler\dist\index.js:107226:25)
    at compileProgram (C:\Users\DboxAdmin\skill_projects\expense-tracker\node_modules\babel-plugin-react-compiler\dist\index.js:107107:22)
    at PluginPass.enter (C:\Users\DboxAdmin\skill_projects\expense-tracker\node_modules\babel-plugin-react-compiler\dist\index.js:108443:28)
    at newFn (C:\Users\DboxAdmin\skill_projects\expense-tracker\node_modules\@babel\traverse\lib\visitors.js:168:14)
    at NodePath._call (C:\Users\DboxAdmin\skill_projects\expense-tracker\node_modules\@babel\traverse\lib\path\context.js:50:20)
    at NodePath.call (C:\Users\DboxAdmin\skill_projects\expense-tracker\node_modules\@babel\traverse\lib\path\context.js:40:18)
    at NodePath.visit (C:\Users\DboxAdmin\skill_projects\expense-tracker\node_modules\@babel\traverse\lib\path\context.js:87:31)
    at TraversalContext.visitQueue (C:\Users\DboxAdmin\skill_projects\expense-tracker\node_modules\@babel\traverse\lib\context.js:96:16)
    at TraversalContext.visitSingle (C:\Users\DboxAdmin\skill_projects\expense-tracker\node_modules\@babel\traverse\lib\context.js:72:19)
    at TraversalContext.visit (C:\Users\DboxAdmin\skill_projects\expense-tracker\node_modules\@babel\traverse\lib\context.js:119:19)
    at traverseNode (C:\Users\DboxAdmin\skill_projects\expense-tracker\node_modules\@babel\traverse\lib\traverse-node.js:130:17)
    at traverse (C:\Users\DboxAdmin\skill_projects\expense-tracker\node_modules\@babel\traverse\lib\index.js:53:34)
    at transformFile (C:\Users\DboxAdmin\skill_projects\expense-tracker\node_modules\@babel\core\lib\transformation\index.js:79:29)
    at transformFile.next (<anonymous>)
    at run (C:\Users\DboxAdmin\skill_projects\expense-tracker\node_modules\@babel\core\lib\transformation\index.js:25:12)
    at run.next (<anonymous>)
    at transform (C:\Users\DboxAdmin\skill_projects\expense-tracker\node_modules\@babel\core\lib\transform.js:22:33)
    at transform.next (<anonymous>)
    at evaluateSync (C:\Users\DboxAdmin\skill_projects\expense-tracker\node_modules\gensync\index.js:251:28)
    at sync (C:\Users\DboxAdmin\skill_projects\expense-tracker\node_modules\gensync\index.js:89:14)
    at stopHiding - secret - don't use this - v1 (C:\Users\DboxAdmin\skill_projects\expense-tracker\node_modules\@babel\core\lib\errors\rewrite-stack-trace.js:47:12)
    at Object.transformSync (C:\Users\DboxAdmin\skill_projects\expense-tracker\node_modules\@babel\core\lib\transform.js:40:76)
    at parseWithBabel (C:\Users\DboxAdmin\skill_projects\expense-tracker\node_modules\@expo\metro-config\build\transformSync.js:75:18)
    at transformSync (C:\Users\DboxAdmin\skill_projects\expense-tracker\node_modules\@expo\metro-config\build\transformSync.js:54:16)
    at Object.transform (C:\Users\DboxAdmin\skill_projects\expense-tracker\node_modules\@expo\metro-config\build\babel-transformer.js:146:58)
    at transformJSWithBabel (C:\Users\DboxAdmin\skill_projects\expense-tracker\node_modules\@expo\metro-config\build\transform-worker\metro-transform-worker.js:495:47)
    at Object.transform (C:\Users\DboxAdmin\skill_projects\expense-tracker\node_modules\@expo\metro-config\build\transform-worker\metro-transform-worker.js:614:12)
    at Object.transform (C:\Users\DboxAdmin\skill_projects\expense-tracker\node_modules\@expo\metro-config\build\transform-worker\transform-worker.js:179:19)
    at transformFile (C:\Users\DboxAdmin\skill_projects\expense-tracker\node_modules\metro\src\DeltaBundler\Worker.flow.js:67:36)
    at Object.transform (C:\Users\DboxAdmin\skill_projects\expense-tracker\node_modules\metro\src\DeltaBundler\Worker.flow.js:42:10)
    at execFunction (C:\Users\DboxAdmin\skill_projects\expense-tracker\node_modules\jest-worker\build\workers\threadChild.js:167:17)
    at execHelper (C:\Users\DboxAdmin\skill_projects\expense-tracker\node_modules\jest-worker\build\workers\threadChild.js:155:5)
    at execMethod (C:\Users\DboxAdmin\skill_projects\expense-tracker\node_modules\jest-worker\build\workers\threadChild.js:158:5)
    at MessagePort.messageListener (C:\Users\DboxAdmin\skill_projects\expense-tracker\node_modules\jest-worker\build\workers\threadChild.js:52:7)
    at [nodejs.internal.kHybridDispatch] (node:internal/event_target:848:20)
 ERROR  ReactCompilerError: Found 2 errors:

Todo: (BuildHIR::lowerStatement) Handle TryStatement with a finalizer ('finally') clause

  110 |     loadingMore.current = true;
  111 |
> 112 |     try {
      |     ^^^^^
> 113 |       const repository = new ExpenseRepository(await getDatabase());
      | ^^^^^^^^^^^^^^^^^^^^^^^^^^^^^^^^^^^^^^^^^^^^^^^^^^^^^^^^^^^^^^^^^^^^
> 114 |       const page = await repository.listRecent({ limit: EXPENSE_PAGE_SIZE, offset: 0 });
      | ^^^^^^^^^^^^^^^^^^^^^^^^^^^^^^^^^^^^^^^^^^^^^^^^^^^^^^^^^^^^^^^^^^^^
> 115 |
      | ^^^^^^^^^^^^^^^^^^^^^^^^^^^^^^^^^^^^^^^^^^^^^^^^^^^^^^^^^^^^^^^^^^^^
> 116 |       setRows(page.expenses);
      | ^^^^^^^^^^^^^^^^^^^^^^^^^^^^^^^^^^^^^^^^^^^^^^^^^^^^^^^^^^^^^^^^^^^^
> 117 |       setHasMore(page.hasMore);
      | ^^^^^^^^^^^^^^^^^^^^^^^^^^^^^^^^^^^^^^^^^^^^^^^^^^^^^^^^^^^^^^^^^^^^
> 118 |       setStatus('ready');
      | ^^^^^^^^^^^^^^^^^^^^^^^^^^^^^^^^^^^^^^^^^^^^^^^^^^^^^^^^^^^^^^^^^^^^
> 119 |     } catch (error) {
      | ^^^^^^^^^^^^^^^^^^^^^^^^^^^^^^^^^^^^^^^^^^^^^^^^^^^^^^^^^^^^^^^^^^^^
> 120 |       // Rows already on screen are left alone; only a first load with nothing to
      | ^^^^^^^^^^^^^^^^^^^^^^^^^^^^^^^^^^^^^^^^^^^^^^^^^^^^^^^^^^^^^^^^^^^^
> 121 |       // show replaces them with an error.
      | ^^^^^^^^^^^^^^^^^^^^^^^^^^^^^^^^^^^^^^^^^^^^^^^^^^^^^^^^^^^^^^^^^^^^
> 122 |       console.warn('[expenses] could not load the first page', error);
      | ^^^^^^^^^^^^^^^^^^^^^^^^^^^^^^^^^^^^^^^^^^^^^^^^^^^^^^^^^^^^^^^^^^^^
> 123 |
      | ^^^^^^^^^^^^^^^^^^^^^^^^^^^^^^^^^^^^^^^^^^^^^^^^^^^^^^^^^^^^^^^^^^^^
> 124 |       if (rows.length === 0) {
      | ^^^^^^^^^^^^^^^^^^^^^^^^^^^^^^^^^^^^^^^^^^^^^^^^^^^^^^^^^^^^^^^^^^^^
> 125 |         setStatus('error');
      | ^^^^^^^^^^^^^^^^^^^^^^^^^^^^^^^^^^^^^^^^^^^^^^^^^^^^^^^^^^^^^^^^^^^^
> 126 |       }
      | ^^^^^^^^^^^^^^^^^^^^^^^^^^^^^^^^^^^^^^^^^^^^^^^^^^^^^^^^^^^^^^^^^^^^
> 127 |     } finally {
      | ^^^^^^^^^^^^^^^^^^^^^^^^^^^^^^^^^^^^^^^^^^^^^^^^^^^^^^^^^^^^^^^^^^^^
> 128 |       loadingMore.current = false;
      | ^^^^^^^^^^^^^^^^^^^^^^^^^^^^^^^^^^^^^^^^^^^^^^^^^^^^^^^^^^^^^^^^^^^^
> 129 |     }
      | ^^^^^^ (BuildHIR::lowerStatement) Handle TryStatement with a finalizer ('finally') clause
  130 |   }, [rows.length]);
  131 |
  132 |   const loadNextPage = useCallback(async () => {

Todo: (BuildHIR::lowerStatement) Handle TryStatement with a finalizer ('finally') clause

  140 |     loadingMore.current = true;
  141 |
> 142 |     try {
      |     ^^^^^
> 143 |       const repository = new ExpenseRepository(await getDatabase());
      | ^^^^^^^^^^^^^^^^^^^^^^^^^^^^^^^^^^^^^^^^^^^^^^^^^^^^^^^^^^^^^^^^^^^^
> 144 |       const page = await repository.listRecent({
      | ^^^^^^^^^^^^^^^^^^^^^^^^^^^^^^^^^^^^^^^^^^^^^^^^^^^^^^^^^^^^^^^^^^^^
> 145 |         limit: EXPENSE_PAGE_SIZE,
      | ^^^^^^^^^^^^^^^^^^^^^^^^^^^^^^^^^^^^^^^^^^^^^^^^^^^^^^^^^^^^^^^^^^^^
> 146 |         // Read against the rows on screen, not against a separate counter that
      | ^^^^^^^^^^^^^^^^^^^^^^^^^^^^^^^^^^^^^^^^^^^^^^^^^^^^^^^^^^^^^^^^^^^^
> 147 |         // could drift from them.
      | ^^^^^^^^^^^^^^^^^^^^^^^^^^^^^^^^^^^^^^^^^^^^^^^^^^^^^^^^^^^^^^^^^^^^
> 148 |         offset: rows.length,
      | ^^^^^^^^^^^^^^^^^^^^^^^^^^^^^^^^^^^^^^^^^^^^^^^^^^^^^^^^^^^^^^^^^^^^
> 149 |       });
      | ^^^^^^^^^^^^^^^^^^^^^^^^^^^^^^^^^^^^^^^^^^^^^^^^^^^^^^^^^^^^^^^^^^^^
> 150 |
      | ^^^^^^^^^^^^^^^^^^^^^^^^^^^^^^^^^^^^^^^^^^^^^^^^^^^^^^^^^^^^^^^^^^^^
> 151 |       setHasMore(page.hasMore);
      | ^^^^^^^^^^^^^^^^^^^^^^^^^^^^^^^^^^^^^^^^^^^^^^^^^^^^^^^^^^^^^^^^^^^^
> 152 |
      | ^^^^^^^^^^^^^^^^^^^^^^^^^^^^^^^^^^^^^^^^^^^^^^^^^^^^^^^^^^^^^^^^^^^^
> 153 |       if (page.expenses.length > 0) {
      | ^^^^^^^^^^^^^^^^^^^^^^^^^^^^^^^^^^^^^^^^^^^^^^^^^^^^^^^^^^^^^^^^^^^^
> 154 |         // Append. These are the same row objects the query returned, so the
      | ^^^^^^^^^^^^^^^^^^^^^^^^^^^^^^^^^^^^^^^^^^^^^^^^^^^^^^^^^^^^^^^^^^^^
> 155 |         // rows already on screen keep their identity and do not re-render.
      | ^^^^^^^^^^^^^^^^^^^^^^^^^^^^^^^^^^^^^^^^^^^^^^^^^^^^^^^^^^^^^^^^^^^^
> 156 |         setRows((current) => [...current, ...page.expenses]);
      | ^^^^^^^^^^^^^^^^^^^^^^^^^^^^^^^^^^^^^^^^^^^^^^^^^^^^^^^^^^^^^^^^^^^^
> 157 |       }
      | ^^^^^^^^^^^^^^^^^^^^^^^^^^^^^^^^^^^^^^^^^^^^^^^^^^^^^^^^^^^^^^^^^^^^
> 158 |     } catch (error) {
      | ^^^^^^^^^^^^^^^^^^^^^^^^^^^^^^^^^^^^^^^^^^^^^^^^^^^^^^^^^^^^^^^^^^^^
> 159 |       /*
      | ^^^^^^^^^^^^^^^^^^^^^^^^^^^^^^^^^^^^^^^^^^^^^^^^^^^^^^^^^^^^^^^^^^^^
> 160 |         Stop paging rather than looping. A failure here leaves the offset where it
      | ^^^^^^^^^^^^^^^^^^^^^^^^^^^^^^^^^^^^^^^^^^^^^^^^^^^^^^^^^^^^^^^^^^^^
> 161 |         was, so the next scroll would ask for the same page again and keep
      | ^^^^^^^^^^^^^^^^^^^^^^^^^^^^^^^^^^^^^^^^^^^^^^^^^^^^^^^^^^^^^^^^^^^^
> 162 |         failing; clearing `hasMore` turns the footer into "End of history" and
      | ^^^^^^^^^^^^^^^^^^^^^^^^^^^^^^^^^^^^^^^^^^^^^^^^^^^^^^^^^^^^^^^^^^^^
> 163 |         leaves a working part of the list rather than an endless spinner.
      | ^^^^^^^^^^^^^^^^^^^^^^^^^^^^^^^^^^^^^^^^^^^^^^^^^^^^^^^^^^^^^^^^^^^^
> 164 |       */
      | ^^^^^^^^^^^^^^^^^^^^^^^^^^^^^^^^^^^^^^^^^^^^^^^^^^^^^^^^^^^^^^^^^^^^
> 165 |       console.warn('[expenses] could not load the next page', error);
      | ^^^^^^^^^^^^^^^^^^^^^^^^^^^^^^^^^^^^^^^^^^^^^^^^^^^^^^^^^^^^^^^^^^^^
> 166 |       setHasMore(false);
      | ^^^^^^^^^^^^^^^^^^^^^^^^^^^^^^^^^^^^^^^^^^^^^^^^^^^^^^^^^^^^^^^^^^^^
> 167 |     } finally {
      | ^^^^^^^^^^^^^^^^^^^^^^^^^^^^^^^^^^^^^^^^^^^^^^^^^^^^^^^^^^^^^^^^^^^^
> 168 |       loadingMore.current = false;
      | ^^^^^^^^^^^^^^^^^^^^^^^^^^^^^^^^^^^^^^^^^^^^^^^^^^^^^^^^^^^^^^^^^^^^
> 169 |     }
      | ^^^^^^ (BuildHIR::lowerStatement) Handle TryStatement with a finalizer ('finally') clause
  170 |   }, [hasMore, rows.length]);
  171 |
  172 |   /*
    at new HIRBuilder (C:\Users\DboxAdmin\skill_projects\expense-tracker\node_modules\babel-plugin-react-compiler\dist\index.js:76126:19)
    at lower (C:\Users\DboxAdmin\skill_projects\expense-tracker\node_modules\babel-plugin-react-compiler\dist\index.js:78097:19)
    at runWithEnvironment (C:\Users\DboxAdmin\skill_projects\expense-tracker\node_modules\babel-plugin-react-compiler\dist\index.js:106368:15)
    at run (C:\Users\DboxAdmin\skill_projects\expense-tracker\node_modules\babel-plugin-react-compiler\dist\index.js:106361:10)
    at compileFn (C:\Users\DboxAdmin\skill_projects\expense-tracker\node_modules\babel-plugin-react-compiler\dist\index.js:106689:10)
    at tryCompileFunction (C:\Users\DboxAdmin\skill_projects\expense-tracker\node_modules\babel-plugin-react-compiler\dist\index.js:107289:19)
    at processFn (C:\Users\DboxAdmin\skill_projects\expense-tracker\node_modules\babel-plugin-react-compiler\dist\index.js:107226:25)
    at compileProgram (C:\Users\DboxAdmin\skill_projects\expense-tracker\node_modules\babel-plugin-react-compiler\dist\index.js:107107:22)
    at PluginPass.enter (C:\Users\DboxAdmin\skill_projects\expense-tracker\node_modules\babel-plugin-react-compiler\dist\index.js:108443:28)
    at newFn (C:\Users\DboxAdmin\skill_projects\expense-tracker\node_modules\@babel\traverse\lib\visitors.js:168:14)
    at NodePath._call (C:\Users\DboxAdmin\skill_projects\expense-tracker\node_modules\@babel\traverse\lib\path\context.js:50:20)
    at NodePath.call (C:\Users\DboxAdmin\skill_projects\expense-tracker\node_modules\@babel\traverse\lib\path\context.js:40:18)
    at NodePath.visit (C:\Users\DboxAdmin\skill_projects\expense-tracker\node_modules\@babel\traverse\lib\path\context.js:87:31)
    at TraversalContext.visitQueue (C:\Users\DboxAdmin\skill_projects\expense-tracker\node_modules\@babel\traverse\lib\context.js:96:16)
    at TraversalContext.visitSingle (C:\Users\DboxAdmin\skill_projects\expense-tracker\node_modules\@babel\traverse\lib\context.js:72:19)
    at TraversalContext.visit (C:\Users\DboxAdmin\skill_projects\expense-tracker\node_modules\@babel\traverse\lib\context.js:119:19)
    at traverseNode (C:\Users\DboxAdmin\skill_projects\expense-tracker\node_modules\@babel\traverse\lib\traverse-node.js:130:17)
    at traverse (C:\Users\DboxAdmin\skill_projects\expense-tracker\node_modules\@babel\traverse\lib\index.js:53:34)
    at transformFile (C:\Users\DboxAdmin\skill_projects\expense-tracker\node_modules\@babel\core\lib\transformation\index.js:79:29)
    at transformFile.next (<anonymous>)
    at run (C:\Users\DboxAdmin\skill_projects\expense-tracker\node_modules\@babel\core\lib\transformation\index.js:25:12)
    at run.next (<anonymous>)
    at transform (C:\Users\DboxAdmin\skill_projects\expense-tracker\node_modules\@babel\core\lib\transform.js:22:33)
    at transform.next (<anonymous>)
    at evaluateSync (C:\Users\DboxAdmin\skill_projects\expense-tracker\node_modules\gensync\index.js:251:28)
    at sync (C:\Users\DboxAdmin\skill_projects\expense-tracker\node_modules\gensync\index.js:89:14)
    at stopHiding - secret - don't use this - v1 (C:\Users\DboxAdmin\skill_projects\expense-tracker\node_modules\@babel\core\lib\errors\rewrite-stack-trace.js:47:12)
    at Object.transformSync (C:\Users\DboxAdmin\skill_projects\expense-tracker\node_modules\@babel\core\lib\transform.js:40:76)
    at parseWithBabel (C:\Users\DboxAdmin\skill_projects\expense-tracker\node_modules\@expo\metro-config\build\transformSync.js:75:18)
    at transformSync (C:\Users\DboxAdmin\skill_projects\expense-tracker\node_modules\@expo\metro-config\build\transformSync.js:54:16)
    at Object.transform (C:\Users\DboxAdmin\skill_projects\expense-tracker\node_modules\@expo\metro-config\build\babel-transformer.js:146:58)
    at transformJSWithBabel (C:\Users\DboxAdmin\skill_projects\expense-tracker\node_modules\@expo\metro-config\build\transform-worker\metro-transform-worker.js:495:47)
    at Object.transform (C:\Users\DboxAdmin\skill_projects\expense-tracker\node_modules\@expo\metro-config\build\transform-worker\metro-transform-worker.js:614:12)
    at Object.transform (C:\Users\DboxAdmin\skill_projects\expense-tracker\node_modules\@expo\metro-config\build\transform-worker\transform-worker.js:179:19)
    at transformFile (C:\Users\DboxAdmin\skill_projects\expense-tracker\node_modules\metro\src\DeltaBundler\Worker.flow.js:67:36)
    at Object.transform (C:\Users\DboxAdmin\skill_projects\expense-tracker\node_modules\metro\src\DeltaBundler\Worker.flow.js:42:10)
    at execFunction (C:\Users\DboxAdmin\skill_projects\expense-tracker\node_modules\jest-worker\build\workers\threadChild.js:167:17)
    at execHelper (C:\Users\DboxAdmin\skill_projects\expense-tracker\node_modules\jest-worker\build\workers\threadChild.js:155:5)
    at execMethod (C:\Users\DboxAdmin\skill_projects\expense-tracker\node_modules\jest-worker\build\workers\threadChild.js:158:5)
    at MessagePort.messageListener (C:\Users\DboxAdmin\skill_projects\expense-tracker\node_modules\jest-worker\build\workers\threadChild.js:52:7)
    at [nodejs.internal.kHybridDispatch] (node:internal/event_target:848:20)
 ERROR  ReactCompilerError: Found 2 errors:

Todo: (BuildHIR::lowerStatement) Handle TryStatement with a finalizer ('finally') clause

  110 |     loadingMore.current = true;
  111 |
> 112 |     try {
      |     ^^^^^
> 113 |       const repository = new ExpenseRepository(await getDatabase());
      | ^^^^^^^^^^^^^^^^^^^^^^^^^^^^^^^^^^^^^^^^^^^^^^^^^^^^^^^^^^^^^^^^^^^^
> 114 |       const page = await repository.listRecent({ limit: EXPENSE_PAGE_SIZE, offset: 0 });
      | ^^^^^^^^^^^^^^^^^^^^^^^^^^^^^^^^^^^^^^^^^^^^^^^^^^^^^^^^^^^^^^^^^^^^
> 115 |
      | ^^^^^^^^^^^^^^^^^^^^^^^^^^^^^^^^^^^^^^^^^^^^^^^^^^^^^^^^^^^^^^^^^^^^
> 116 |       setRows(page.expenses);
      | ^^^^^^^^^^^^^^^^^^^^^^^^^^^^^^^^^^^^^^^^^^^^^^^^^^^^^^^^^^^^^^^^^^^^
> 117 |       setHasMore(page.hasMore);
      | ^^^^^^^^^^^^^^^^^^^^^^^^^^^^^^^^^^^^^^^^^^^^^^^^^^^^^^^^^^^^^^^^^^^^
> 118 |       setStatus('ready');
      | ^^^^^^^^^^^^^^^^^^^^^^^^^^^^^^^^^^^^^^^^^^^^^^^^^^^^^^^^^^^^^^^^^^^^
> 119 |     } catch (error) {
      | ^^^^^^^^^^^^^^^^^^^^^^^^^^^^^^^^^^^^^^^^^^^^^^^^^^^^^^^^^^^^^^^^^^^^
> 120 |       // Rows already on screen are left alone; only a first load with nothing to
      | ^^^^^^^^^^^^^^^^^^^^^^^^^^^^^^^^^^^^^^^^^^^^^^^^^^^^^^^^^^^^^^^^^^^^
> 121 |       // show replaces them with an error.
      | ^^^^^^^^^^^^^^^^^^^^^^^^^^^^^^^^^^^^^^^^^^^^^^^^^^^^^^^^^^^^^^^^^^^^
> 122 |       console.warn('[expenses] could not load the first page', error);
      | ^^^^^^^^^^^^^^^^^^^^^^^^^^^^^^^^^^^^^^^^^^^^^^^^^^^^^^^^^^^^^^^^^^^^
> 123 |
      | ^^^^^^^^^^^^^^^^^^^^^^^^^^^^^^^^^^^^^^^^^^^^^^^^^^^^^^^^^^^^^^^^^^^^
> 124 |       if (rows.length === 0) {
      | ^^^^^^^^^^^^^^^^^^^^^^^^^^^^^^^^^^^^^^^^^^^^^^^^^^^^^^^^^^^^^^^^^^^^
> 125 |         setStatus('error');
      | ^^^^^^^^^^^^^^^^^^^^^^^^^^^^^^^^^^^^^^^^^^^^^^^^^^^^^^^^^^^^^^^^^^^^
> 126 |       }
      | ^^^^^^^^^^^^^^^^^^^^^^^^^^^^^^^^^^^^^^^^^^^^^^^^^^^^^^^^^^^^^^^^^^^^
> 127 |     } finally {
      | ^^^^^^^^^^^^^^^^^^^^^^^^^^^^^^^^^^^^^^^^^^^^^^^^^^^^^^^^^^^^^^^^^^^^
> 128 |       loadingMore.current = false;
      | ^^^^^^^^^^^^^^^^^^^^^^^^^^^^^^^^^^^^^^^^^^^^^^^^^^^^^^^^^^^^^^^^^^^^
> 129 |     }
      | ^^^^^^ (BuildHIR::lowerStatement) Handle TryStatement with a finalizer ('finally') clause
  130 |   }, [rows.length]);
  131 |
  132 |   const loadNextPage = useCallback(async () => {

Todo: (BuildHIR::lowerStatement) Handle TryStatement with a finalizer ('finally') clause

  140 |     loadingMore.current = true;
  141 |
> 142 |     try {
      |     ^^^^^
> 143 |       const repository = new ExpenseRepository(await getDatabase());
      | ^^^^^^^^^^^^^^^^^^^^^^^^^^^^^^^^^^^^^^^^^^^^^^^^^^^^^^^^^^^^^^^^^^^^
> 144 |       const page = await repository.listRecent({
      | ^^^^^^^^^^^^^^^^^^^^^^^^^^^^^^^^^^^^^^^^^^^^^^^^^^^^^^^^^^^^^^^^^^^^
> 145 |         limit: EXPENSE_PAGE_SIZE,
      | ^^^^^^^^^^^^^^^^^^^^^^^^^^^^^^^^^^^^^^^^^^^^^^^^^^^^^^^^^^^^^^^^^^^^
> 146 |         // Read against the rows on screen, not against a separate counter that
      | ^^^^^^^^^^^^^^^^^^^^^^^^^^^^^^^^^^^^^^^^^^^^^^^^^^^^^^^^^^^^^^^^^^^^
> 147 |         // could drift from them.
      | ^^^^^^^^^^^^^^^^^^^^^^^^^^^^^^^^^^^^^^^^^^^^^^^^^^^^^^^^^^^^^^^^^^^^
> 148 |         offset: rows.length,
      | ^^^^^^^^^^^^^^^^^^^^^^^^^^^^^^^^^^^^^^^^^^^^^^^^^^^^^^^^^^^^^^^^^^^^
> 149 |       });
      | ^^^^^^^^^^^^^^^^^^^^^^^^^^^^^^^^^^^^^^^^^^^^^^^^^^^^^^^^^^^^^^^^^^^^
> 150 |
      | ^^^^^^^^^^^^^^^^^^^^^^^^^^^^^^^^^^^^^^^^^^^^^^^^^^^^^^^^^^^^^^^^^^^^
> 151 |       setHasMore(page.hasMore);
      | ^^^^^^^^^^^^^^^^^^^^^^^^^^^^^^^^^^^^^^^^^^^^^^^^^^^^^^^^^^^^^^^^^^^^
> 152 |
      | ^^^^^^^^^^^^^^^^^^^^^^^^^^^^^^^^^^^^^^^^^^^^^^^^^^^^^^^^^^^^^^^^^^^^
> 153 |       if (page.expenses.length > 0) {
      | ^^^^^^^^^^^^^^^^^^^^^^^^^^^^^^^^^^^^^^^^^^^^^^^^^^^^^^^^^^^^^^^^^^^^
> 154 |         // Append. These are the same row objects the query returned, so the
      | ^^^^^^^^^^^^^^^^^^^^^^^^^^^^^^^^^^^^^^^^^^^^^^^^^^^^^^^^^^^^^^^^^^^^
> 155 |         // rows already on screen keep their identity and do not re-render.
      | ^^^^^^^^^^^^^^^^^^^^^^^^^^^^^^^^^^^^^^^^^^^^^^^^^^^^^^^^^^^^^^^^^^^^
> 156 |         setRows((current) => [...current, ...page.expenses]);
      | ^^^^^^^^^^^^^^^^^^^^^^^^^^^^^^^^^^^^^^^^^^^^^^^^^^^^^^^^^^^^^^^^^^^^
> 157 |       }
      | ^^^^^^^^^^^^^^^^^^^^^^^^^^^^^^^^^^^^^^^^^^^^^^^^^^^^^^^^^^^^^^^^^^^^
> 158 |     } catch (error) {
      | ^^^^^^^^^^^^^^^^^^^^^^^^^^^^^^^^^^^^^^^^^^^^^^^^^^^^^^^^^^^^^^^^^^^^
> 159 |       /*
      | ^^^^^^^^^^^^^^^^^^^^^^^^^^^^^^^^^^^^^^^^^^^^^^^^^^^^^^^^^^^^^^^^^^^^
> 160 |         Stop paging rather than looping. A failure here leaves the offset where it
      | ^^^^^^^^^^^^^^^^^^^^^^^^^^^^^^^^^^^^^^^^^^^^^^^^^^^^^^^^^^^^^^^^^^^^
> 161 |         was, so the next scroll would ask for the same page again and keep
      | ^^^^^^^^^^^^^^^^^^^^^^^^^^^^^^^^^^^^^^^^^^^^^^^^^^^^^^^^^^^^^^^^^^^^
> 162 |         failing; clearing `hasMore` turns the footer into "End of history" and
      | ^^^^^^^^^^^^^^^^^^^^^^^^^^^^^^^^^^^^^^^^^^^^^^^^^^^^^^^^^^^^^^^^^^^^
> 163 |         leaves a working part of the list rather than an endless spinner.
      | ^^^^^^^^^^^^^^^^^^^^^^^^^^^^^^^^^^^^^^^^^^^^^^^^^^^^^^^^^^^^^^^^^^^^
> 164 |       */
      | ^^^^^^^^^^^^^^^^^^^^^^^^^^^^^^^^^^^^^^^^^^^^^^^^^^^^^^^^^^^^^^^^^^^^
> 165 |       console.warn('[expenses] could not load the next page', error);
      | ^^^^^^^^^^^^^^^^^^^^^^^^^^^^^^^^^^^^^^^^^^^^^^^^^^^^^^^^^^^^^^^^^^^^
> 166 |       setHasMore(false);
      | ^^^^^^^^^^^^^^^^^^^^^^^^^^^^^^^^^^^^^^^^^^^^^^^^^^^^^^^^^^^^^^^^^^^^
> 167 |     } finally {
      | ^^^^^^^^^^^^^^^^^^^^^^^^^^^^^^^^^^^^^^^^^^^^^^^^^^^^^^^^^^^^^^^^^^^^
> 168 |       loadingMore.current = false;
      | ^^^^^^^^^^^^^^^^^^^^^^^^^^^^^^^^^^^^^^^^^^^^^^^^^^^^^^^^^^^^^^^^^^^^
> 169 |     }
      | ^^^^^^ (BuildHIR::lowerStatement) Handle TryStatement with a finalizer ('finally') clause
  170 |   }, [hasMore, rows.length]);
  171 |
  172 |   /*
    at new HIRBuilder (C:\Users\DboxAdmin\skill_projects\expense-tracker\node_modules\babel-plugin-react-compiler\dist\index.js:76126:19)
    at lower (C:\Users\DboxAdmin\skill_projects\expense-tracker\node_modules\babel-plugin-react-compiler\dist\index.js:78097:19)
    at runWithEnvironment (C:\Users\DboxAdmin\skill_projects\expense-tracker\node_modules\babel-plugin-react-compiler\dist\index.js:106368:15)
    at run (C:\Users\DboxAdmin\skill_projects\expense-tracker\node_modules\babel-plugin-react-compiler\dist\index.js:106361:10)
    at compileFn (C:\Users\DboxAdmin\skill_projects\expense-tracker\node_modules\babel-plugin-react-compiler\dist\index.js:106689:10)
    at tryCompileFunction (C:\Users\DboxAdmin\skill_projects\expense-tracker\node_modules\babel-plugin-react-compiler\dist\index.js:107289:19)
    at processFn (C:\Users\DboxAdmin\skill_projects\expense-tracker\node_modules\babel-plugin-react-compiler\dist\index.js:107226:25)
    at compileProgram (C:\Users\DboxAdmin\skill_projects\expense-tracker\node_modules\babel-plugin-react-compiler\dist\index.js:107107:22)
    at PluginPass.enter (C:\Users\DboxAdmin\skill_projects\expense-tracker\node_modules\babel-plugin-react-compiler\dist\index.js:108443:28)
    at newFn (C:\Users\DboxAdmin\skill_projects\expense-tracker\node_modules\@babel\traverse\lib\visitors.js:168:14)
    at NodePath._call (C:\Users\DboxAdmin\skill_projects\expense-tracker\node_modules\@babel\traverse\lib\path\context.js:50:20)
    at NodePath.call (C:\Users\DboxAdmin\skill_projects\expense-tracker\node_modules\@babel\traverse\lib\path\context.js:40:18)
    at NodePath.visit (C:\Users\DboxAdmin\skill_projects\expense-tracker\node_modules\@babel\traverse\lib\path\context.js:87:31)
    at TraversalContext.visitQueue (C:\Users\DboxAdmin\skill_projects\expense-tracker\node_modules\@babel\traverse\lib\context.js:96:16)
    at TraversalContext.visitSingle (C:\Users\DboxAdmin\skill_projects\expense-tracker\node_modules\@babel\traverse\lib\context.js:72:19)
    at TraversalContext.visit (C:\Users\DboxAdmin\skill_projects\expense-tracker\node_modules\@babel\traverse\lib\context.js:119:19)
    at traverseNode (C:\Users\DboxAdmin\skill_projects\expense-tracker\node_modules\@babel\traverse\lib\traverse-node.js:130:17)
    at traverse (C:\Users\DboxAdmin\skill_projects\expense-tracker\node_modules\@babel\traverse\lib\index.js:53:34)
    at transformFile (C:\Users\DboxAdmin\skill_projects\expense-tracker\node_modules\@babel\core\lib\transformation\index.js:79:29)
    at transformFile.next (<anonymous>)
    at run (C:\Users\DboxAdmin\skill_projects\expense-tracker\node_modules\@babel\core\lib\transformation\index.js:25:12)
    at run.next (<anonymous>)
    at transform (C:\Users\DboxAdmin\skill_projects\expense-tracker\node_modules\@babel\core\lib\transform.js:22:33)
    at transform.next (<anonymous>)
    at evaluateSync (C:\Users\DboxAdmin\skill_projects\expense-tracker\node_modules\gensync\index.js:251:28)
    at sync (C:\Users\DboxAdmin\skill_projects\expense-tracker\node_modules\gensync\index.js:89:14)
    at stopHiding - secret - don't use this - v1 (C:\Users\DboxAdmin\skill_projects\expense-tracker\node_modules\@babel\core\lib\errors\rewrite-stack-trace.js:47:12)
    at Object.transformSync (C:\Users\DboxAdmin\skill_projects\expense-tracker\node_modules\@babel\core\lib\transform.js:40:76)
    at parseWithBabel (C:\Users\DboxAdmin\skill_projects\expense-tracker\node_modules\@expo\metro-config\build\transformSync.js:75:18)
    at transformSync (C:\Users\DboxAdmin\skill_projects\expense-tracker\node_modules\@expo\metro-config\build\transformSync.js:54:16)
    at Object.transform (C:\Users\DboxAdmin\skill_projects\expense-tracker\node_modules\@expo\metro-config\build\babel-transformer.js:146:58)
    at transformJSWithBabel (C:\Users\DboxAdmin\skill_projects\expense-tracker\node_modules\@expo\metro-config\build\transform-worker\metro-transform-worker.js:495:47)
    at Object.transform (C:\Users\DboxAdmin\skill_projects\expense-tracker\node_modules\@expo\metro-config\build\transform-worker\metro-transform-worker.js:614:12)
    at Object.transform (C:\Users\DboxAdmin\skill_projects\expense-tracker\node_modules\@expo\metro-config\build\transform-worker\transform-worker.js:179:19)
    at transformFile (C:\Users\DboxAdmin\skill_projects\expense-tracker\node_modules\metro\src\DeltaBundler\Worker.flow.js:67:36)
    at Object.transform (C:\Users\DboxAdmin\skill_projects\expense-tracker\node_modules\metro\src\DeltaBundler\Worker.flow.js:42:10)
    at execFunction (C:\Users\DboxAdmin\skill_projects\expense-tracker\node_modules\jest-worker\build\workers\threadChild.js:167:17)
    at execHelper (C:\Users\DboxAdmin\skill_projects\expense-tracker\node_modules\jest-worker\build\workers\threadChild.js:155:5)
    at execMethod (C:\Users\DboxAdmin\skill_projects\expense-tracker\node_modules\jest-worker\build\workers\threadChild.js:158:5)
    at MessagePort.messageListener (C:\Users\DboxAdmin\skill_projects\expense-tracker\node_modules\jest-worker\build\workers\threadChild.js:52:7)
    at [nodejs.internal.kHybridDispatch] (node:internal/event_target:848:20)
 ERROR  ReactCompilerError: Found 2 errors:

Todo: (BuildHIR::lowerStatement) Handle TryStatement with a finalizer ('finally') clause

  110 |     loadingMore.current = true;
  111 |
> 112 |     try {
      |     ^^^^^
> 113 |       const repository = new ExpenseRepository(await getDatabase());
      | ^^^^^^^^^^^^^^^^^^^^^^^^^^^^^^^^^^^^^^^^^^^^^^^^^^^^^^^^^^^^^^^^^^^^
> 114 |       const page = await repository.listRecent({ limit: EXPENSE_PAGE_SIZE, offset: 0 });
      | ^^^^^^^^^^^^^^^^^^^^^^^^^^^^^^^^^^^^^^^^^^^^^^^^^^^^^^^^^^^^^^^^^^^^
> 115 |
      | ^^^^^^^^^^^^^^^^^^^^^^^^^^^^^^^^^^^^^^^^^^^^^^^^^^^^^^^^^^^^^^^^^^^^
> 116 |       setRows(page.expenses);
      | ^^^^^^^^^^^^^^^^^^^^^^^^^^^^^^^^^^^^^^^^^^^^^^^^^^^^^^^^^^^^^^^^^^^^
> 117 |       setHasMore(page.hasMore);
      | ^^^^^^^^^^^^^^^^^^^^^^^^^^^^^^^^^^^^^^^^^^^^^^^^^^^^^^^^^^^^^^^^^^^^
> 118 |       setStatus('ready');
      | ^^^^^^^^^^^^^^^^^^^^^^^^^^^^^^^^^^^^^^^^^^^^^^^^^^^^^^^^^^^^^^^^^^^^
> 119 |     } catch (error) {
      | ^^^^^^^^^^^^^^^^^^^^^^^^^^^^^^^^^^^^^^^^^^^^^^^^^^^^^^^^^^^^^^^^^^^^
> 120 |       // Rows already on screen are left alone; only a first load with nothing to
      | ^^^^^^^^^^^^^^^^^^^^^^^^^^^^^^^^^^^^^^^^^^^^^^^^^^^^^^^^^^^^^^^^^^^^
> 121 |       // show replaces them with an error.
      | ^^^^^^^^^^^^^^^^^^^^^^^^^^^^^^^^^^^^^^^^^^^^^^^^^^^^^^^^^^^^^^^^^^^^
> 122 |       console.warn('[expenses] could not load the first page', error);
      | ^^^^^^^^^^^^^^^^^^^^^^^^^^^^^^^^^^^^^^^^^^^^^^^^^^^^^^^^^^^^^^^^^^^^
> 123 |
      | ^^^^^^^^^^^^^^^^^^^^^^^^^^^^^^^^^^^^^^^^^^^^^^^^^^^^^^^^^^^^^^^^^^^^
> 124 |       if (rows.length === 0) {
      | ^^^^^^^^^^^^^^^^^^^^^^^^^^^^^^^^^^^^^^^^^^^^^^^^^^^^^^^^^^^^^^^^^^^^
> 125 |         setStatus('error');
      | ^^^^^^^^^^^^^^^^^^^^^^^^^^^^^^^^^^^^^^^^^^^^^^^^^^^^^^^^^^^^^^^^^^^^
> 126 |       }
      | ^^^^^^^^^^^^^^^^^^^^^^^^^^^^^^^^^^^^^^^^^^^^^^^^^^^^^^^^^^^^^^^^^^^^
> 127 |     } finally {
      | ^^^^^^^^^^^^^^^^^^^^^^^^^^^^^^^^^^^^^^^^^^^^^^^^^^^^^^^^^^^^^^^^^^^^
> 128 |       loadingMore.current = false;
      | ^^^^^^^^^^^^^^^^^^^^^^^^^^^^^^^^^^^^^^^^^^^^^^^^^^^^^^^^^^^^^^^^^^^^
> 129 |     }
      | ^^^^^^ (BuildHIR::lowerStatement) Handle TryStatement with a finalizer ('finally') clause
  130 |   }, [rows.length]);
  131 |
  132 |   const loadNextPage = useCallback(async () => {

Todo: (BuildHIR::lowerStatement) Handle TryStatement with a finalizer ('finally') clause

  140 |     loadingMore.current = true;
  141 |
> 142 |     try {
      |     ^^^^^
> 143 |       const repository = new ExpenseRepository(await getDatabase());
      | ^^^^^^^^^^^^^^^^^^^^^^^^^^^^^^^^^^^^^^^^^^^^^^^^^^^^^^^^^^^^^^^^^^^^
> 144 |       const page = await repository.listRecent({
      | ^^^^^^^^^^^^^^^^^^^^^^^^^^^^^^^^^^^^^^^^^^^^^^^^^^^^^^^^^^^^^^^^^^^^
> 145 |         limit: EXPENSE_PAGE_SIZE,
      | ^^^^^^^^^^^^^^^^^^^^^^^^^^^^^^^^^^^^^^^^^^^^^^^^^^^^^^^^^^^^^^^^^^^^
> 146 |         // Read against the rows on screen, not against a separate counter that
      | ^^^^^^^^^^^^^^^^^^^^^^^^^^^^^^^^^^^^^^^^^^^^^^^^^^^^^^^^^^^^^^^^^^^^
> 147 |         // could drift from them.
      | ^^^^^^^^^^^^^^^^^^^^^^^^^^^^^^^^^^^^^^^^^^^^^^^^^^^^^^^^^^^^^^^^^^^^
> 148 |         offset: rows.length,
      | ^^^^^^^^^^^^^^^^^^^^^^^^^^^^^^^^^^^^^^^^^^^^^^^^^^^^^^^^^^^^^^^^^^^^
> 149 |       });
      | ^^^^^^^^^^^^^^^^^^^^^^^^^^^^^^^^^^^^^^^^^^^^^^^^^^^^^^^^^^^^^^^^^^^^
> 150 |
      | ^^^^^^^^^^^^^^^^^^^^^^^^^^^^^^^^^^^^^^^^^^^^^^^^^^^^^^^^^^^^^^^^^^^^
> 151 |       setHasMore(page.hasMore);
      | ^^^^^^^^^^^^^^^^^^^^^^^^^^^^^^^^^^^^^^^^^^^^^^^^^^^^^^^^^^^^^^^^^^^^
> 152 |
      | ^^^^^^^^^^^^^^^^^^^^^^^^^^^^^^^^^^^^^^^^^^^^^^^^^^^^^^^^^^^^^^^^^^^^
> 153 |       if (page.expenses.length > 0) {
      | ^^^^^^^^^^^^^^^^^^^^^^^^^^^^^^^^^^^^^^^^^^^^^^^^^^^^^^^^^^^^^^^^^^^^
> 154 |         // Append. These are the same row objects the query returned, so the
      | ^^^^^^^^^^^^^^^^^^^^^^^^^^^^^^^^^^^^^^^^^^^^^^^^^^^^^^^^^^^^^^^^^^^^
> 155 |         // rows already on screen keep their identity and do not re-render.
      | ^^^^^^^^^^^^^^^^^^^^^^^^^^^^^^^^^^^^^^^^^^^^^^^^^^^^^^^^^^^^^^^^^^^^
> 156 |         setRows((current) => [...current, ...page.expenses]);
      | ^^^^^^^^^^^^^^^^^^^^^^^^^^^^^^^^^^^^^^^^^^^^^^^^^^^^^^^^^^^^^^^^^^^^
> 157 |       }
      | ^^^^^^^^^^^^^^^^^^^^^^^^^^^^^^^^^^^^^^^^^^^^^^^^^^^^^^^^^^^^^^^^^^^^
> 158 |     } catch (error) {
      | ^^^^^^^^^^^^^^^^^^^^^^^^^^^^^^^^^^^^^^^^^^^^^^^^^^^^^^^^^^^^^^^^^^^^
> 159 |       /*
      | ^^^^^^^^^^^^^^^^^^^^^^^^^^^^^^^^^^^^^^^^^^^^^^^^^^^^^^^^^^^^^^^^^^^^
> 160 |         Stop paging rather than looping. A failure here leaves the offset where it
      | ^^^^^^^^^^^^^^^^^^^^^^^^^^^^^^^^^^^^^^^^^^^^^^^^^^^^^^^^^^^^^^^^^^^^
> 161 |         was, so the next scroll would ask for the same page again and keep
      | ^^^^^^^^^^^^^^^^^^^^^^^^^^^^^^^^^^^^^^^^^^^^^^^^^^^^^^^^^^^^^^^^^^^^
> 162 |         failing; clearing `hasMore` turns the footer into "End of history" and
      | ^^^^^^^^^^^^^^^^^^^^^^^^^^^^^^^^^^^^^^^^^^^^^^^^^^^^^^^^^^^^^^^^^^^^
> 163 |         leaves a working part of the list rather than an endless spinner.
      | ^^^^^^^^^^^^^^^^^^^^^^^^^^^^^^^^^^^^^^^^^^^^^^^^^^^^^^^^^^^^^^^^^^^^
> 164 |       */
      | ^^^^^^^^^^^^^^^^^^^^^^^^^^^^^^^^^^^^^^^^^^^^^^^^^^^^^^^^^^^^^^^^^^^^
> 165 |       console.warn('[expenses] could not load the next page', error);
      | ^^^^^^^^^^^^^^^^^^^^^^^^^^^^^^^^^^^^^^^^^^^^^^^^^^^^^^^^^^^^^^^^^^^^
> 166 |       setHasMore(false);
      | ^^^^^^^^^^^^^^^^^^^^^^^^^^^^^^^^^^^^^^^^^^^^^^^^^^^^^^^^^^^^^^^^^^^^
> 167 |     } finally {
      | ^^^^^^^^^^^^^^^^^^^^^^^^^^^^^^^^^^^^^^^^^^^^^^^^^^^^^^^^^^^^^^^^^^^^
> 168 |       loadingMore.current = false;
      | ^^^^^^^^^^^^^^^^^^^^^^^^^^^^^^^^^^^^^^^^^^^^^^^^^^^^^^^^^^^^^^^^^^^^
> 169 |     }
      | ^^^^^^ (BuildHIR::lowerStatement) Handle TryStatement with a finalizer ('finally') clause
  170 |   }, [hasMore, rows.length]);
  171 |
  172 |   /*
    at new HIRBuilder (C:\Users\DboxAdmin\skill_projects\expense-tracker\node_modules\babel-plugin-react-compiler\dist\index.js:76126:19)
    at lower (C:\Users\DboxAdmin\skill_projects\expense-tracker\node_modules\babel-plugin-react-compiler\dist\index.js:78097:19)
    at runWithEnvironment (C:\Users\DboxAdmin\skill_projects\expense-tracker\node_modules\babel-plugin-react-compiler\dist\index.js:106368:15)
    at run (C:\Users\DboxAdmin\skill_projects\expense-tracker\node_modules\babel-plugin-react-compiler\dist\index.js:106361:10)
    at compileFn (C:\Users\DboxAdmin\skill_projects\expense-tracker\node_modules\babel-plugin-react-compiler\dist\index.js:106689:10)
    at tryCompileFunction (C:\Users\DboxAdmin\skill_projects\expense-tracker\node_modules\babel-plugin-react-compiler\dist\index.js:107289:19)
    at processFn (C:\Users\DboxAdmin\skill_projects\expense-tracker\node_modules\babel-plugin-react-compiler\dist\index.js:107226:25)
    at compileProgram (C:\Users\DboxAdmin\skill_projects\expense-tracker\node_modules\babel-plugin-react-compiler\dist\index.js:107107:22)
    at PluginPass.enter (C:\Users\DboxAdmin\skill_projects\expense-tracker\node_modules\babel-plugin-react-compiler\dist\index.js:108443:28)
    at newFn (C:\Users\DboxAdmin\skill_projects\expense-tracker\node_modules\@babel\traverse\lib\visitors.js:168:14)
    at NodePath._call (C:\Users\DboxAdmin\skill_projects\expense-tracker\node_modules\@babel\traverse\lib\path\context.js:50:20)
    at NodePath.call (C:\Users\DboxAdmin\skill_projects\expense-tracker\node_modules\@babel\traverse\lib\path\context.js:40:18)
    at NodePath.visit (C:\Users\DboxAdmin\skill_projects\expense-tracker\node_modules\@babel\traverse\lib\path\context.js:87:31)
    at TraversalContext.visitQueue (C:\Users\DboxAdmin\skill_projects\expense-tracker\node_modules\@babel\traverse\lib\context.js:96:16)
    at TraversalContext.visitSingle (C:\Users\DboxAdmin\skill_projects\expense-tracker\node_modules\@babel\traverse\lib\context.js:72:19)
    at TraversalContext.visit (C:\Users\DboxAdmin\skill_projects\expense-tracker\node_modules\@babel\traverse\lib\context.js:119:19)
    at traverseNode (C:\Users\DboxAdmin\skill_projects\expense-tracker\node_modules\@babel\traverse\lib\traverse-node.js:130:17)
    at traverse (C:\Users\DboxAdmin\skill_projects\expense-tracker\node_modules\@babel\traverse\lib\index.js:53:34)
    at transformFile (C:\Users\DboxAdmin\skill_projects\expense-tracker\node_modules\@babel\core\lib\transformation\index.js:79:29)
    at transformFile.next (<anonymous>)
    at run (C:\Users\DboxAdmin\skill_projects\expense-tracker\node_modules\@babel\core\lib\transformation\index.js:25:12)
    at run.next (<anonymous>)
    at transform (C:\Users\DboxAdmin\skill_projects\expense-tracker\node_modules\@babel\core\lib\transform.js:22:33)
    at transform.next (<anonymous>)
    at evaluateSync (C:\Users\DboxAdmin\skill_projects\expense-tracker\node_modules\gensync\index.js:251:28)
    at sync (C:\Users\DboxAdmin\skill_projects\expense-tracker\node_modules\gensync\index.js:89:14)
    at stopHiding - secret - don't use this - v1 (C:\Users\DboxAdmin\skill_projects\expense-tracker\node_modules\@babel\core\lib\errors\rewrite-stack-trace.js:47:12)
    at Object.transformSync (C:\Users\DboxAdmin\skill_projects\expense-tracker\node_modules\@babel\core\lib\transform.js:40:76)
    at parseWithBabel (C:\Users\DboxAdmin\skill_projects\expense-tracker\node_modules\@expo\metro-config\build\transformSync.js:75:18)
    at transformSync (C:\Users\DboxAdmin\skill_projects\expense-tracker\node_modules\@expo\metro-config\build\transformSync.js:54:16)
    at Object.transform (C:\Users\DboxAdmin\skill_projects\expense-tracker\node_modules\@expo\metro-config\build\babel-transformer.js:146:58)
    at transformJSWithBabel (C:\Users\DboxAdmin\skill_projects\expense-tracker\node_modules\@expo\metro-config\build\transform-worker\metro-transform-worker.js:495:47)
    at Object.transform (C:\Users\DboxAdmin\skill_projects\expense-tracker\node_modules\@expo\metro-config\build\transform-worker\metro-transform-worker.js:614:12)
    at Object.transform (C:\Users\DboxAdmin\skill_projects\expense-tracker\node_modules\@expo\metro-config\build\transform-worker\transform-worker.js:179:19)
    at transformFile (C:\Users\DboxAdmin\skill_projects\expense-tracker\node_modules\metro\src\DeltaBundler\Worker.flow.js:67:36)
    at Object.transform (C:\Users\DboxAdmin\skill_projects\expense-tracker\node_modules\metro\src\DeltaBundler\Worker.flow.js:42:10)
    at execFunction (C:\Users\DboxAdmin\skill_projects\expense-tracker\node_modules\jest-worker\build\workers\threadChild.js:167:17)
    at execHelper (C:\Users\DboxAdmin\skill_projects\expense-tracker\node_modules\jest-worker\build\workers\threadChild.js:155:5)
    at execMethod (C:\Users\DboxAdmin\skill_projects\expense-tracker\node_modules\jest-worker\build\workers\threadChild.js:158:5)
    at MessagePort.messageListener (C:\Users\DboxAdmin\skill_projects\expense-tracker\node_modules\jest-worker\build\workers\threadChild.js:52:7)
    at [nodejs.internal.kHybridDispatch] (node:internal/event_target:848:20)
 ERROR  ReactCompilerError: Found 2 errors:

Todo: (BuildHIR::lowerStatement) Handle TryStatement with a finalizer ('finally') clause

  110 |     loadingMore.current = true;
  111 |
> 112 |     try {
      |     ^^^^^
> 113 |       const repository = new ExpenseRepository(await getDatabase());
      | ^^^^^^^^^^^^^^^^^^^^^^^^^^^^^^^^^^^^^^^^^^^^^^^^^^^^^^^^^^^^^^^^^^^^
> 114 |       const page = await repository.listRecent({ limit: EXPENSE_PAGE_SIZE, offset: 0 });
      | ^^^^^^^^^^^^^^^^^^^^^^^^^^^^^^^^^^^^^^^^^^^^^^^^^^^^^^^^^^^^^^^^^^^^
> 115 |
      | ^^^^^^^^^^^^^^^^^^^^^^^^^^^^^^^^^^^^^^^^^^^^^^^^^^^^^^^^^^^^^^^^^^^^
> 116 |       setRows(page.expenses);
      | ^^^^^^^^^^^^^^^^^^^^^^^^^^^^^^^^^^^^^^^^^^^^^^^^^^^^^^^^^^^^^^^^^^^^
> 117 |       setHasMore(page.hasMore);
      | ^^^^^^^^^^^^^^^^^^^^^^^^^^^^^^^^^^^^^^^^^^^^^^^^^^^^^^^^^^^^^^^^^^^^
> 118 |       setStatus('ready');
      | ^^^^^^^^^^^^^^^^^^^^^^^^^^^^^^^^^^^^^^^^^^^^^^^^^^^^^^^^^^^^^^^^^^^^
> 119 |     } catch (error) {
      | ^^^^^^^^^^^^^^^^^^^^^^^^^^^^^^^^^^^^^^^^^^^^^^^^^^^^^^^^^^^^^^^^^^^^
> 120 |       // Rows already on screen are left alone; only a first load with nothing to
      | ^^^^^^^^^^^^^^^^^^^^^^^^^^^^^^^^^^^^^^^^^^^^^^^^^^^^^^^^^^^^^^^^^^^^
> 121 |       // show replaces them with an error.
      | ^^^^^^^^^^^^^^^^^^^^^^^^^^^^^^^^^^^^^^^^^^^^^^^^^^^^^^^^^^^^^^^^^^^^
> 122 |       console.warn('[expenses] could not load the first page', error);
      | ^^^^^^^^^^^^^^^^^^^^^^^^^^^^^^^^^^^^^^^^^^^^^^^^^^^^^^^^^^^^^^^^^^^^
> 123 |
      | ^^^^^^^^^^^^^^^^^^^^^^^^^^^^^^^^^^^^^^^^^^^^^^^^^^^^^^^^^^^^^^^^^^^^
> 124 |       if (rows.length === 0) {
      | ^^^^^^^^^^^^^^^^^^^^^^^^^^^^^^^^^^^^^^^^^^^^^^^^^^^^^^^^^^^^^^^^^^^^
> 125 |         setStatus('error');
      | ^^^^^^^^^^^^^^^^^^^^^^^^^^^^^^^^^^^^^^^^^^^^^^^^^^^^^^^^^^^^^^^^^^^^
> 126 |       }
      | ^^^^^^^^^^^^^^^^^^^^^^^^^^^^^^^^^^^^^^^^^^^^^^^^^^^^^^^^^^^^^^^^^^^^
> 127 |     } finally {
      | ^^^^^^^^^^^^^^^^^^^^^^^^^^^^^^^^^^^^^^^^^^^^^^^^^^^^^^^^^^^^^^^^^^^^
> 128 |       loadingMore.current = false;
      | ^^^^^^^^^^^^^^^^^^^^^^^^^^^^^^^^^^^^^^^^^^^^^^^^^^^^^^^^^^^^^^^^^^^^
> 129 |     }
      | ^^^^^^ (BuildHIR::lowerStatement) Handle TryStatement with a finalizer ('finally') clause
  130 |   }, [rows.length]);
  131 |
  132 |   const loadNextPage = useCallback(async () => {

Todo: (BuildHIR::lowerStatement) Handle TryStatement with a finalizer ('finally') clause

  140 |     loadingMore.current = true;
  141 |
> 142 |     try {
      |     ^^^^^
> 143 |       const repository = new ExpenseRepository(await getDatabase());
      | ^^^^^^^^^^^^^^^^^^^^^^^^^^^^^^^^^^^^^^^^^^^^^^^^^^^^^^^^^^^^^^^^^^^^
> 144 |       const page = await repository.listRecent({
      | ^^^^^^^^^^^^^^^^^^^^^^^^^^^^^^^^^^^^^^^^^^^^^^^^^^^^^^^^^^^^^^^^^^^^
> 145 |         limit: EXPENSE_PAGE_SIZE,
      | ^^^^^^^^^^^^^^^^^^^^^^^^^^^^^^^^^^^^^^^^^^^^^^^^^^^^^^^^^^^^^^^^^^^^
> 146 |         // Read against the rows on screen, not against a separate counter that
      | ^^^^^^^^^^^^^^^^^^^^^^^^^^^^^^^^^^^^^^^^^^^^^^^^^^^^^^^^^^^^^^^^^^^^
> 147 |         // could drift from them.
      | ^^^^^^^^^^^^^^^^^^^^^^^^^^^^^^^^^^^^^^^^^^^^^^^^^^^^^^^^^^^^^^^^^^^^
> 148 |         offset: rows.length,
      | ^^^^^^^^^^^^^^^^^^^^^^^^^^^^^^^^^^^^^^^^^^^^^^^^^^^^^^^^^^^^^^^^^^^^
> 149 |       });
      | ^^^^^^^^^^^^^^^^^^^^^^^^^^^^^^^^^^^^^^^^^^^^^^^^^^^^^^^^^^^^^^^^^^^^
> 150 |
      | ^^^^^^^^^^^^^^^^^^^^^^^^^^^^^^^^^^^^^^^^^^^^^^^^^^^^^^^^^^^^^^^^^^^^
> 151 |       setHasMore(page.hasMore);
      | ^^^^^^^^^^^^^^^^^^^^^^^^^^^^^^^^^^^^^^^^^^^^^^^^^^^^^^^^^^^^^^^^^^^^
> 152 |
      | ^^^^^^^^^^^^^^^^^^^^^^^^^^^^^^^^^^^^^^^^^^^^^^^^^^^^^^^^^^^^^^^^^^^^
> 153 |       if (page.expenses.length > 0) {
      | ^^^^^^^^^^^^^^^^^^^^^^^^^^^^^^^^^^^^^^^^^^^^^^^^^^^^^^^^^^^^^^^^^^^^
> 154 |         // Append. These are the same row objects the query returned, so the
      | ^^^^^^^^^^^^^^^^^^^^^^^^^^^^^^^^^^^^^^^^^^^^^^^^^^^^^^^^^^^^^^^^^^^^
> 155 |         // rows already on screen keep their identity and do not re-render.
      | ^^^^^^^^^^^^^^^^^^^^^^^^^^^^^^^^^^^^^^^^^^^^^^^^^^^^^^^^^^^^^^^^^^^^
> 156 |         setRows((current) => [...current, ...page.expenses]);
      | ^^^^^^^^^^^^^^^^^^^^^^^^^^^^^^^^^^^^^^^^^^^^^^^^^^^^^^^^^^^^^^^^^^^^
> 157 |       }
      | ^^^^^^^^^^^^^^^^^^^^^^^^^^^^^^^^^^^^^^^^^^^^^^^^^^^^^^^^^^^^^^^^^^^^
> 158 |     } catch (error) {
      | ^^^^^^^^^^^^^^^^^^^^^^^^^^^^^^^^^^^^^^^^^^^^^^^^^^^^^^^^^^^^^^^^^^^^
> 159 |       /*
      | ^^^^^^^^^^^^^^^^^^^^^^^^^^^^^^^^^^^^^^^^^^^^^^^^^^^^^^^^^^^^^^^^^^^^
> 160 |         Stop paging rather than looping. A failure here leaves the offset where it
      | ^^^^^^^^^^^^^^^^^^^^^^^^^^^^^^^^^^^^^^^^^^^^^^^^^^^^^^^^^^^^^^^^^^^^
> 161 |         was, so the next scroll would ask for the same page again and keep
      | ^^^^^^^^^^^^^^^^^^^^^^^^^^^^^^^^^^^^^^^^^^^^^^^^^^^^^^^^^^^^^^^^^^^^
> 162 |         failing; clearing `hasMore` turns the footer into "End of history" and
      | ^^^^^^^^^^^^^^^^^^^^^^^^^^^^^^^^^^^^^^^^^^^^^^^^^^^^^^^^^^^^^^^^^^^^
> 163 |         leaves a working part of the list rather than an endless spinner.
      | ^^^^^^^^^^^^^^^^^^^^^^^^^^^^^^^^^^^^^^^^^^^^^^^^^^^^^^^^^^^^^^^^^^^^
> 164 |       */
      | ^^^^^^^^^^^^^^^^^^^^^^^^^^^^^^^^^^^^^^^^^^^^^^^^^^^^^^^^^^^^^^^^^^^^
> 165 |       console.warn('[expenses] could not load the next page', error);
      | ^^^^^^^^^^^^^^^^^^^^^^^^^^^^^^^^^^^^^^^^^^^^^^^^^^^^^^^^^^^^^^^^^^^^
> 166 |       setHasMore(false);
      | ^^^^^^^^^^^^^^^^^^^^^^^^^^^^^^^^^^^^^^^^^^^^^^^^^^^^^^^^^^^^^^^^^^^^
> 167 |     } finally {
      | ^^^^^^^^^^^^^^^^^^^^^^^^^^^^^^^^^^^^^^^^^^^^^^^^^^^^^^^^^^^^^^^^^^^^
> 168 |       loadingMore.current = false;
      | ^^^^^^^^^^^^^^^^^^^^^^^^^^^^^^^^^^^^^^^^^^^^^^^^^^^^^^^^^^^^^^^^^^^^
> 169 |     }
      | ^^^^^^ (BuildHIR::lowerStatement) Handle TryStatement with a finalizer ('finally') clause
  170 |   }, [hasMore, rows.length]);
  171 |
  172 |   /*
    at new HIRBuilder (C:\Users\DboxAdmin\skill_projects\expense-tracker\node_modules\babel-plugin-react-compiler\dist\index.js:76126:19)
    at lower (C:\Users\DboxAdmin\skill_projects\expense-tracker\node_modules\babel-plugin-react-compiler\dist\index.js:78097:19)
    at runWithEnvironment (C:\Users\DboxAdmin\skill_projects\expense-tracker\node_modules\babel-plugin-react-compiler\dist\index.js:106368:15)
    at run (C:\Users\DboxAdmin\skill_projects\expense-tracker\node_modules\babel-plugin-react-compiler\dist\index.js:106361:10)
    at compileFn (C:\Users\DboxAdmin\skill_projects\expense-tracker\node_modules\babel-plugin-react-compiler\dist\index.js:106689:10)
    at tryCompileFunction (C:\Users\DboxAdmin\skill_projects\expense-tracker\node_modules\babel-plugin-react-compiler\dist\index.js:107289:19)
    at processFn (C:\Users\DboxAdmin\skill_projects\expense-tracker\node_modules\babel-plugin-react-compiler\dist\index.js:107226:25)
    at compileProgram (C:\Users\DboxAdmin\skill_projects\expense-tracker\node_modules\babel-plugin-react-compiler\dist\index.js:107107:22)
    at PluginPass.enter (C:\Users\DboxAdmin\skill_projects\expense-tracker\node_modules\babel-plugin-react-compiler\dist\index.js:108443:28)
    at newFn (C:\Users\DboxAdmin\skill_projects\expense-tracker\node_modules\@babel\traverse\lib\visitors.js:168:14)
    at NodePath._call (C:\Users\DboxAdmin\skill_projects\expense-tracker\node_modules\@babel\traverse\lib\path\context.js:50:20)
    at NodePath.call (C:\Users\DboxAdmin\skill_projects\expense-tracker\node_modules\@babel\traverse\lib\path\context.js:40:18)
    at NodePath.visit (C:\Users\DboxAdmin\skill_projects\expense-tracker\node_modules\@babel\traverse\lib\path\context.js:87:31)
    at TraversalContext.visitQueue (C:\Users\DboxAdmin\skill_projects\expense-tracker\node_modules\@babel\traverse\lib\context.js:96:16)
    at TraversalContext.visitSingle (C:\Users\DboxAdmin\skill_projects\expense-tracker\node_modules\@babel\traverse\lib\context.js:72:19)
    at TraversalContext.visit (C:\Users\DboxAdmin\skill_projects\expense-tracker\node_modules\@babel\traverse\lib\context.js:119:19)
    at traverseNode (C:\Users\DboxAdmin\skill_projects\expense-tracker\node_modules\@babel\traverse\lib\traverse-node.js:130:17)
    at traverse (C:\Users\DboxAdmin\skill_projects\expense-tracker\node_modules\@babel\traverse\lib\index.js:53:34)
    at transformFile (C:\Users\DboxAdmin\skill_projects\expense-tracker\node_modules\@babel\core\lib\transformation\index.js:79:29)
    at transformFile.next (<anonymous>)
    at run (C:\Users\DboxAdmin\skill_projects\expense-tracker\node_modules\@babel\core\lib\transformation\index.js:25:12)
    at run.next (<anonymous>)
    at transform (C:\Users\DboxAdmin\skill_projects\expense-tracker\node_modules\@babel\core\lib\transform.js:22:33)
    at transform.next (<anonymous>)
    at evaluateSync (C:\Users\DboxAdmin\skill_projects\expense-tracker\node_modules\gensync\index.js:251:28)
    at sync (C:\Users\DboxAdmin\skill_projects\expense-tracker\node_modules\gensync\index.js:89:14)
    at stopHiding - secret - don't use this - v1 (C:\Users\DboxAdmin\skill_projects\expense-tracker\node_modules\@babel\core\lib\errors\rewrite-stack-trace.js:47:12)
    at Object.transformSync (C:\Users\DboxAdmin\skill_projects\expense-tracker\node_modules\@babel\core\lib\transform.js:40:76)
    at parseWithBabel (C:\Users\DboxAdmin\skill_projects\expense-tracker\node_modules\@expo\metro-config\build\transformSync.js:75:18)
    at transformSync (C:\Users\DboxAdmin\skill_projects\expense-tracker\node_modules\@expo\metro-config\build\transformSync.js:54:16)
    at Object.transform (C:\Users\DboxAdmin\skill_projects\expense-tracker\node_modules\@expo\metro-config\build\babel-transformer.js:146:58)
    at transformJSWithBabel (C:\Users\DboxAdmin\skill_projects\expense-tracker\node_modules\@expo\metro-config\build\transform-worker\metro-transform-worker.js:495:47)
    at Object.transform (C:\Users\DboxAdmin\skill_projects\expense-tracker\node_modules\@expo\metro-config\build\transform-worker\metro-transform-worker.js:614:12)
    at Object.transform (C:\Users\DboxAdmin\skill_projects\expense-tracker\node_modules\@expo\metro-config\build\transform-worker\transform-worker.js:179:19)
    at transformFile (C:\Users\DboxAdmin\skill_projects\expense-tracker\node_modules\metro\src\DeltaBundler\Worker.flow.js:67:36)
    at Object.transform (C:\Users\DboxAdmin\skill_projects\expense-tracker\node_modules\metro\src\DeltaBundler\Worker.flow.js:42:10)
    at execFunction (C:\Users\DboxAdmin\skill_projects\expense-tracker\node_modules\jest-worker\build\workers\threadChild.js:167:17)
    at execHelper (C:\Users\DboxAdmin\skill_projects\expense-tracker\node_modules\jest-worker\build\workers\threadChild.js:155:5)
    at execMethod (C:\Users\DboxAdmin\skill_projects\expense-tracker\node_modules\jest-worker\build\workers\threadChild.js:158:5)
    at MessagePort.messageListener (C:\Users\DboxAdmin\skill_projects\expense-tracker\node_modules\jest-worker\build\workers\threadChild.js:52:7)
    at [nodejs.internal.kHybridDispatch] (node:internal/event_target:848:20)
 ERROR  ReactCompilerError: Found 2 errors:

Todo: (BuildHIR::lowerStatement) Handle TryStatement with a finalizer ('finally') clause

  110 |     loadingMore.current = true;
  111 |
> 112 |     try {
      |     ^^^^^
> 113 |       const repository = new ExpenseRepository(await getDatabase());
      | ^^^^^^^^^^^^^^^^^^^^^^^^^^^^^^^^^^^^^^^^^^^^^^^^^^^^^^^^^^^^^^^^^^^^
> 114 |       const page = await repository.listRecent({ limit: EXPENSE_PAGE_SIZE, offset: 0 });
      | ^^^^^^^^^^^^^^^^^^^^^^^^^^^^^^^^^^^^^^^^^^^^^^^^^^^^^^^^^^^^^^^^^^^^
> 115 |
      | ^^^^^^^^^^^^^^^^^^^^^^^^^^^^^^^^^^^^^^^^^^^^^^^^^^^^^^^^^^^^^^^^^^^^
> 116 |       setRows(page.expenses);
      | ^^^^^^^^^^^^^^^^^^^^^^^^^^^^^^^^^^^^^^^^^^^^^^^^^^^^^^^^^^^^^^^^^^^^
> 117 |       setHasMore(page.hasMore);
      | ^^^^^^^^^^^^^^^^^^^^^^^^^^^^^^^^^^^^^^^^^^^^^^^^^^^^^^^^^^^^^^^^^^^^
> 118 |       setStatus('ready');
      | ^^^^^^^^^^^^^^^^^^^^^^^^^^^^^^^^^^^^^^^^^^^^^^^^^^^^^^^^^^^^^^^^^^^^
> 119 |     } catch (error) {
      | ^^^^^^^^^^^^^^^^^^^^^^^^^^^^^^^^^^^^^^^^^^^^^^^^^^^^^^^^^^^^^^^^^^^^
> 120 |       // Rows already on screen are left alone; only a first load with nothing to
      | ^^^^^^^^^^^^^^^^^^^^^^^^^^^^^^^^^^^^^^^^^^^^^^^^^^^^^^^^^^^^^^^^^^^^
> 121 |       // show replaces them with an error.
      | ^^^^^^^^^^^^^^^^^^^^^^^^^^^^^^^^^^^^^^^^^^^^^^^^^^^^^^^^^^^^^^^^^^^^
> 122 |       console.warn('[expenses] could not load the first page', error);
      | ^^^^^^^^^^^^^^^^^^^^^^^^^^^^^^^^^^^^^^^^^^^^^^^^^^^^^^^^^^^^^^^^^^^^
> 123 |
      | ^^^^^^^^^^^^^^^^^^^^^^^^^^^^^^^^^^^^^^^^^^^^^^^^^^^^^^^^^^^^^^^^^^^^
> 124 |       if (rows.length === 0) {
      | ^^^^^^^^^^^^^^^^^^^^^^^^^^^^^^^^^^^^^^^^^^^^^^^^^^^^^^^^^^^^^^^^^^^^
> 125 |         setStatus('error');
      | ^^^^^^^^^^^^^^^^^^^^^^^^^^^^^^^^^^^^^^^^^^^^^^^^^^^^^^^^^^^^^^^^^^^^
> 126 |       }
      | ^^^^^^^^^^^^^^^^^^^^^^^^^^^^^^^^^^^^^^^^^^^^^^^^^^^^^^^^^^^^^^^^^^^^
> 127 |     } finally {
      | ^^^^^^^^^^^^^^^^^^^^^^^^^^^^^^^^^^^^^^^^^^^^^^^^^^^^^^^^^^^^^^^^^^^^
> 128 |       loadingMore.current = false;
      | ^^^^^^^^^^^^^^^^^^^^^^^^^^^^^^^^^^^^^^^^^^^^^^^^^^^^^^^^^^^^^^^^^^^^
> 129 |     }
      | ^^^^^^ (BuildHIR::lowerStatement) Handle TryStatement with a finalizer ('finally') clause
  130 |   }, [rows.length]);
  131 |
  132 |   const loadNextPage = useCallback(async () => {

Todo: (BuildHIR::lowerStatement) Handle TryStatement with a finalizer ('finally') clause

  140 |     loadingMore.current = true;
  141 |
> 142 |     try {
      |     ^^^^^
> 143 |       const repository = new ExpenseRepository(await getDatabase());
      | ^^^^^^^^^^^^^^^^^^^^^^^^^^^^^^^^^^^^^^^^^^^^^^^^^^^^^^^^^^^^^^^^^^^^
> 144 |       const page = await repository.listRecent({
      | ^^^^^^^^^^^^^^^^^^^^^^^^^^^^^^^^^^^^^^^^^^^^^^^^^^^^^^^^^^^^^^^^^^^^
> 145 |         limit: EXPENSE_PAGE_SIZE,
      | ^^^^^^^^^^^^^^^^^^^^^^^^^^^^^^^^^^^^^^^^^^^^^^^^^^^^^^^^^^^^^^^^^^^^
> 146 |         // Read against the rows on screen, not against a separate counter that
      | ^^^^^^^^^^^^^^^^^^^^^^^^^^^^^^^^^^^^^^^^^^^^^^^^^^^^^^^^^^^^^^^^^^^^
> 147 |         // could drift from them.
      | ^^^^^^^^^^^^^^^^^^^^^^^^^^^^^^^^^^^^^^^^^^^^^^^^^^^^^^^^^^^^^^^^^^^^
> 148 |         offset: rows.length,
      | ^^^^^^^^^^^^^^^^^^^^^^^^^^^^^^^^^^^^^^^^^^^^^^^^^^^^^^^^^^^^^^^^^^^^
> 149 |       });
      | ^^^^^^^^^^^^^^^^^^^^^^^^^^^^^^^^^^^^^^^^^^^^^^^^^^^^^^^^^^^^^^^^^^^^
> 150 |
      | ^^^^^^^^^^^^^^^^^^^^^^^^^^^^^^^^^^^^^^^^^^^^^^^^^^^^^^^^^^^^^^^^^^^^
> 151 |       setHasMore(page.hasMore);
      | ^^^^^^^^^^^^^^^^^^^^^^^^^^^^^^^^^^^^^^^^^^^^^^^^^^^^^^^^^^^^^^^^^^^^
> 152 |
      | ^^^^^^^^^^^^^^^^^^^^^^^^^^^^^^^^^^^^^^^^^^^^^^^^^^^^^^^^^^^^^^^^^^^^
> 153 |       if (page.expenses.length > 0) {
      | ^^^^^^^^^^^^^^^^^^^^^^^^^^^^^^^^^^^^^^^^^^^^^^^^^^^^^^^^^^^^^^^^^^^^
> 154 |         // Append. These are the same row objects the query returned, so the
      | ^^^^^^^^^^^^^^^^^^^^^^^^^^^^^^^^^^^^^^^^^^^^^^^^^^^^^^^^^^^^^^^^^^^^
> 155 |         // rows already on screen keep their identity and do not re-render.
      | ^^^^^^^^^^^^^^^^^^^^^^^^^^^^^^^^^^^^^^^^^^^^^^^^^^^^^^^^^^^^^^^^^^^^
> 156 |         setRows((current) => [...current, ...page.expenses]);
      | ^^^^^^^^^^^^^^^^^^^^^^^^^^^^^^^^^^^^^^^^^^^^^^^^^^^^^^^^^^^^^^^^^^^^
> 157 |       }
      | ^^^^^^^^^^^^^^^^^^^^^^^^^^^^^^^^^^^^^^^^^^^^^^^^^^^^^^^^^^^^^^^^^^^^
> 158 |     } catch (error) {
      | ^^^^^^^^^^^^^^^^^^^^^^^^^^^^^^^^^^^^^^^^^^^^^^^^^^^^^^^^^^^^^^^^^^^^
> 159 |       /*
      | ^^^^^^^^^^^^^^^^^^^^^^^^^^^^^^^^^^^^^^^^^^^^^^^^^^^^^^^^^^^^^^^^^^^^
> 160 |         Stop paging rather than looping. A failure here leaves the offset where it
      | ^^^^^^^^^^^^^^^^^^^^^^^^^^^^^^^^^^^^^^^^^^^^^^^^^^^^^^^^^^^^^^^^^^^^
> 161 |         was, so the next scroll would ask for the same page again and keep
      | ^^^^^^^^^^^^^^^^^^^^^^^^^^^^^^^^^^^^^^^^^^^^^^^^^^^^^^^^^^^^^^^^^^^^
> 162 |         failing; clearing `hasMore` turns the footer into "End of history" and
      | ^^^^^^^^^^^^^^^^^^^^^^^^^^^^^^^^^^^^^^^^^^^^^^^^^^^^^^^^^^^^^^^^^^^^
> 163 |         leaves a working part of the list rather than an endless spinner.
      | ^^^^^^^^^^^^^^^^^^^^^^^^^^^^^^^^^^^^^^^^^^^^^^^^^^^^^^^^^^^^^^^^^^^^
> 164 |       */
      | ^^^^^^^^^^^^^^^^^^^^^^^^^^^^^^^^^^^^^^^^^^^^^^^^^^^^^^^^^^^^^^^^^^^^
> 165 |       console.warn('[expenses] could not load the next page', error);
      | ^^^^^^^^^^^^^^^^^^^^^^^^^^^^^^^^^^^^^^^^^^^^^^^^^^^^^^^^^^^^^^^^^^^^
> 166 |       setHasMore(false);
      | ^^^^^^^^^^^^^^^^^^^^^^^^^^^^^^^^^^^^^^^^^^^^^^^^^^^^^^^^^^^^^^^^^^^^
> 167 |     } finally {
      | ^^^^^^^^^^^^^^^^^^^^^^^^^^^^^^^^^^^^^^^^^^^^^^^^^^^^^^^^^^^^^^^^^^^^
> 168 |       loadingMore.current = false;
      | ^^^^^^^^^^^^^^^^^^^^^^^^^^^^^^^^^^^^^^^^^^^^^^^^^^^^^^^^^^^^^^^^^^^^
> 169 |     }
      | ^^^^^^ (BuildHIR::lowerStatement) Handle TryStatement with a finalizer ('finally') clause
  170 |   }, [hasMore, rows.length]);
  171 |
  172 |   /*
    at new HIRBuilder (C:\Users\DboxAdmin\skill_projects\expense-tracker\node_modules\babel-plugin-react-compiler\dist\index.js:76126:19)
    at lower (C:\Users\DboxAdmin\skill_projects\expense-tracker\node_modules\babel-plugin-react-compiler\dist\index.js:78097:19)
    at runWithEnvironment (C:\Users\DboxAdmin\skill_projects\expense-tracker\node_modules\babel-plugin-react-compiler\dist\index.js:106368:15)
    at run (C:\Users\DboxAdmin\skill_projects\expense-tracker\node_modules\babel-plugin-react-compiler\dist\index.js:106361:10)
    at compileFn (C:\Users\DboxAdmin\skill_projects\expense-tracker\node_modules\babel-plugin-react-compiler\dist\index.js:106689:10)
    at tryCompileFunction (C:\Users\DboxAdmin\skill_projects\expense-tracker\node_modules\babel-plugin-react-compiler\dist\index.js:107289:19)
    at processFn (C:\Users\DboxAdmin\skill_projects\expense-tracker\node_modules\babel-plugin-react-compiler\dist\index.js:107226:25)
    at compileProgram (C:\Users\DboxAdmin\skill_projects\expense-tracker\node_modules\babel-plugin-react-compiler\dist\index.js:107107:22)
    at PluginPass.enter (C:\Users\DboxAdmin\skill_projects\expense-tracker\node_modules\babel-plugin-react-compiler\dist\index.js:108443:28)
    at newFn (C:\Users\DboxAdmin\skill_projects\expense-tracker\node_modules\@babel\traverse\lib\visitors.js:168:14)
    at NodePath._call (C:\Users\DboxAdmin\skill_projects\expense-tracker\node_modules\@babel\traverse\lib\path\context.js:50:20)
    at NodePath.call (C:\Users\DboxAdmin\skill_projects\expense-tracker\node_modules\@babel\traverse\lib\path\context.js:40:18)
    at NodePath.visit (C:\Users\DboxAdmin\skill_projects\expense-tracker\node_modules\@babel\traverse\lib\path\context.js:87:31)
    at TraversalContext.visitQueue (C:\Users\DboxAdmin\skill_projects\expense-tracker\node_modules\@babel\traverse\lib\context.js:96:16)
    at TraversalContext.visitSingle (C:\Users\DboxAdmin\skill_projects\expense-tracker\node_modules\@babel\traverse\lib\context.js:72:19)
    at TraversalContext.visit (C:\Users\DboxAdmin\skill_projects\expense-tracker\node_modules\@babel\traverse\lib\context.js:119:19)
    at traverseNode (C:\Users\DboxAdmin\skill_projects\expense-tracker\node_modules\@babel\traverse\lib\traverse-node.js:130:17)
    at traverse (C:\Users\DboxAdmin\skill_projects\expense-tracker\node_modules\@babel\traverse\lib\index.js:53:34)
    at transformFile (C:\Users\DboxAdmin\skill_projects\expense-tracker\node_modules\@babel\core\lib\transformation\index.js:79:29)
    at transformFile.next (<anonymous>)
    at run (C:\Users\DboxAdmin\skill_projects\expense-tracker\node_modules\@babel\core\lib\transformation\index.js:25:12)
    at run.next (<anonymous>)
    at transform (C:\Users\DboxAdmin\skill_projects\expense-tracker\node_modules\@babel\core\lib\transform.js:22:33)
    at transform.next (<anonymous>)
    at evaluateSync (C:\Users\DboxAdmin\skill_projects\expense-tracker\node_modules\gensync\index.js:251:28)
    at sync (C:\Users\DboxAdmin\skill_projects\expense-tracker\node_modules\gensync\index.js:89:14)
    at stopHiding - secret - don't use this - v1 (C:\Users\DboxAdmin\skill_projects\expense-tracker\node_modules\@babel\core\lib\errors\rewrite-stack-trace.js:47:12)
    at Object.transformSync (C:\Users\DboxAdmin\skill_projects\expense-tracker\node_modules\@babel\core\lib\transform.js:40:76)
    at parseWithBabel (C:\Users\DboxAdmin\skill_projects\expense-tracker\node_modules\@expo\metro-config\build\transformSync.js:75:18)
    at transformSync (C:\Users\DboxAdmin\skill_projects\expense-tracker\node_modules\@expo\metro-config\build\transformSync.js:54:16)
    at Object.transform (C:\Users\DboxAdmin\skill_projects\expense-tracker\node_modules\@expo\metro-config\build\babel-transformer.js:146:58)
    at transformJSWithBabel (C:\Users\DboxAdmin\skill_projects\expense-tracker\node_modules\@expo\metro-config\build\transform-worker\metro-transform-worker.js:495:47)
    at Object.transform (C:\Users\DboxAdmin\skill_projects\expense-tracker\node_modules\@expo\metro-config\build\transform-worker\metro-transform-worker.js:614:12)
    at Object.transform (C:\Users\DboxAdmin\skill_projects\expense-tracker\node_modules\@expo\metro-config\build\transform-worker\transform-worker.js:179:19)
    at transformFile (C:\Users\DboxAdmin\skill_projects\expense-tracker\node_modules\metro\src\DeltaBundler\Worker.flow.js:67:36)
    at Object.transform (C:\Users\DboxAdmin\skill_projects\expense-tracker\node_modules\metro\src\DeltaBundler\Worker.flow.js:42:10)
    at execFunction (C:\Users\DboxAdmin\skill_projects\expense-tracker\node_modules\jest-worker\build\workers\threadChild.js:167:17)
    at execHelper (C:\Users\DboxAdmin\skill_projects\expense-tracker\node_modules\jest-worker\build\workers\threadChild.js:155:5)
    at execMethod (C:\Users\DboxAdmin\skill_projects\expense-tracker\node_modules\jest-worker\build\workers\threadChild.js:158:5)
    at MessagePort.messageListener (C:\Users\DboxAdmin\skill_projects\expense-tracker\node_modules\jest-worker\build\workers\threadChild.js:52:7)
    at [nodejs.internal.kHybridDispatch] (node:internal/event_target:848:20)
 ERROR  ReactCompilerError: Found 2 errors:

Todo: (BuildHIR::lowerStatement) Handle TryStatement with a finalizer ('finally') clause

  110 |     loadingMore.current = true;
  111 |
> 112 |     try {
      |     ^^^^^
> 113 |       const repository = new ExpenseRepository(await getDatabase());
      | ^^^^^^^^^^^^^^^^^^^^^^^^^^^^^^^^^^^^^^^^^^^^^^^^^^^^^^^^^^^^^^^^^^^^
> 114 |       const page = await repository.listRecent({ limit: EXPENSE_PAGE_SIZE, offset: 0 });
      | ^^^^^^^^^^^^^^^^^^^^^^^^^^^^^^^^^^^^^^^^^^^^^^^^^^^^^^^^^^^^^^^^^^^^
> 115 |
      | ^^^^^^^^^^^^^^^^^^^^^^^^^^^^^^^^^^^^^^^^^^^^^^^^^^^^^^^^^^^^^^^^^^^^
> 116 |       setRows(page.expenses);
      | ^^^^^^^^^^^^^^^^^^^^^^^^^^^^^^^^^^^^^^^^^^^^^^^^^^^^^^^^^^^^^^^^^^^^
> 117 |       setHasMore(page.hasMore);
      | ^^^^^^^^^^^^^^^^^^^^^^^^^^^^^^^^^^^^^^^^^^^^^^^^^^^^^^^^^^^^^^^^^^^^
> 118 |       setStatus('ready');
      | ^^^^^^^^^^^^^^^^^^^^^^^^^^^^^^^^^^^^^^^^^^^^^^^^^^^^^^^^^^^^^^^^^^^^
> 119 |     } catch (error) {
      | ^^^^^^^^^^^^^^^^^^^^^^^^^^^^^^^^^^^^^^^^^^^^^^^^^^^^^^^^^^^^^^^^^^^^
> 120 |       // Rows already on screen are left alone; only a first load with nothing to
      | ^^^^^^^^^^^^^^^^^^^^^^^^^^^^^^^^^^^^^^^^^^^^^^^^^^^^^^^^^^^^^^^^^^^^
> 121 |       // show replaces them with an error.
      | ^^^^^^^^^^^^^^^^^^^^^^^^^^^^^^^^^^^^^^^^^^^^^^^^^^^^^^^^^^^^^^^^^^^^
> 122 |       console.warn('[expenses] could not load the first page', error);
      | ^^^^^^^^^^^^^^^^^^^^^^^^^^^^^^^^^^^^^^^^^^^^^^^^^^^^^^^^^^^^^^^^^^^^
> 123 |
      | ^^^^^^^^^^^^^^^^^^^^^^^^^^^^^^^^^^^^^^^^^^^^^^^^^^^^^^^^^^^^^^^^^^^^
> 124 |       if (rows.length === 0) {
      | ^^^^^^^^^^^^^^^^^^^^^^^^^^^^^^^^^^^^^^^^^^^^^^^^^^^^^^^^^^^^^^^^^^^^
> 125 |         setStatus('error');
      | ^^^^^^^^^^^^^^^^^^^^^^^^^^^^^^^^^^^^^^^^^^^^^^^^^^^^^^^^^^^^^^^^^^^^
> 126 |       }
      | ^^^^^^^^^^^^^^^^^^^^^^^^^^^^^^^^^^^^^^^^^^^^^^^^^^^^^^^^^^^^^^^^^^^^
> 127 |     } finally {
      | ^^^^^^^^^^^^^^^^^^^^^^^^^^^^^^^^^^^^^^^^^^^^^^^^^^^^^^^^^^^^^^^^^^^^
> 128 |       loadingMore.current = false;
      | ^^^^^^^^^^^^^^^^^^^^^^^^^^^^^^^^^^^^^^^^^^^^^^^^^^^^^^^^^^^^^^^^^^^^
> 129 |     }
      | ^^^^^^ (BuildHIR::lowerStatement) Handle TryStatement with a finalizer ('finally') clause
  130 |   }, [rows.length]);
  131 |
  132 |   const loadNextPage = useCallback(async () => {

Todo: (BuildHIR::lowerStatement) Handle TryStatement with a finalizer ('finally') clause

  140 |     loadingMore.current = true;
  141 |
> 142 |     try {
      |     ^^^^^
> 143 |       const repository = new ExpenseRepository(await getDatabase());
      | ^^^^^^^^^^^^^^^^^^^^^^^^^^^^^^^^^^^^^^^^^^^^^^^^^^^^^^^^^^^^^^^^^^^^
> 144 |       const page = await repository.listRecent({
      | ^^^^^^^^^^^^^^^^^^^^^^^^^^^^^^^^^^^^^^^^^^^^^^^^^^^^^^^^^^^^^^^^^^^^
> 145 |         limit: EXPENSE_PAGE_SIZE,
      | ^^^^^^^^^^^^^^^^^^^^^^^^^^^^^^^^^^^^^^^^^^^^^^^^^^^^^^^^^^^^^^^^^^^^
> 146 |         // Read against the rows on screen, not against a separate counter that
      | ^^^^^^^^^^^^^^^^^^^^^^^^^^^^^^^^^^^^^^^^^^^^^^^^^^^^^^^^^^^^^^^^^^^^
> 147 |         // could drift from them.
      | ^^^^^^^^^^^^^^^^^^^^^^^^^^^^^^^^^^^^^^^^^^^^^^^^^^^^^^^^^^^^^^^^^^^^
> 148 |         offset: rows.length,
      | ^^^^^^^^^^^^^^^^^^^^^^^^^^^^^^^^^^^^^^^^^^^^^^^^^^^^^^^^^^^^^^^^^^^^
> 149 |       });
      | ^^^^^^^^^^^^^^^^^^^^^^^^^^^^^^^^^^^^^^^^^^^^^^^^^^^^^^^^^^^^^^^^^^^^
> 150 |
      | ^^^^^^^^^^^^^^^^^^^^^^^^^^^^^^^^^^^^^^^^^^^^^^^^^^^^^^^^^^^^^^^^^^^^
> 151 |       setHasMore(page.hasMore);
      | ^^^^^^^^^^^^^^^^^^^^^^^^^^^^^^^^^^^^^^^^^^^^^^^^^^^^^^^^^^^^^^^^^^^^
> 152 |
      | ^^^^^^^^^^^^^^^^^^^^^^^^^^^^^^^^^^^^^^^^^^^^^^^^^^^^^^^^^^^^^^^^^^^^
> 153 |       if (page.expenses.length > 0) {
      | ^^^^^^^^^^^^^^^^^^^^^^^^^^^^^^^^^^^^^^^^^^^^^^^^^^^^^^^^^^^^^^^^^^^^
> 154 |         // Append. These are the same row objects the query returned, so the
      | ^^^^^^^^^^^^^^^^^^^^^^^^^^^^^^^^^^^^^^^^^^^^^^^^^^^^^^^^^^^^^^^^^^^^
> 155 |         // rows already on screen keep their identity and do not re-render.
      | ^^^^^^^^^^^^^^^^^^^^^^^^^^^^^^^^^^^^^^^^^^^^^^^^^^^^^^^^^^^^^^^^^^^^
> 156 |         setRows((current) => [...current, ...page.expenses]);
      | ^^^^^^^^^^^^^^^^^^^^^^^^^^^^^^^^^^^^^^^^^^^^^^^^^^^^^^^^^^^^^^^^^^^^
> 157 |       }
      | ^^^^^^^^^^^^^^^^^^^^^^^^^^^^^^^^^^^^^^^^^^^^^^^^^^^^^^^^^^^^^^^^^^^^
> 158 |     } catch (error) {
      | ^^^^^^^^^^^^^^^^^^^^^^^^^^^^^^^^^^^^^^^^^^^^^^^^^^^^^^^^^^^^^^^^^^^^
> 159 |       /*
      | ^^^^^^^^^^^^^^^^^^^^^^^^^^^^^^^^^^^^^^^^^^^^^^^^^^^^^^^^^^^^^^^^^^^^
> 160 |         Stop paging rather than looping. A failure here leaves the offset where it
      | ^^^^^^^^^^^^^^^^^^^^^^^^^^^^^^^^^^^^^^^^^^^^^^^^^^^^^^^^^^^^^^^^^^^^
> 161 |         was, so the next scroll would ask for the same page again and keep
      | ^^^^^^^^^^^^^^^^^^^^^^^^^^^^^^^^^^^^^^^^^^^^^^^^^^^^^^^^^^^^^^^^^^^^
> 162 |         failing; clearing `hasMore` turns the footer into "End of history" and
      | ^^^^^^^^^^^^^^^^^^^^^^^^^^^^^^^^^^^^^^^^^^^^^^^^^^^^^^^^^^^^^^^^^^^^
> 163 |         leaves a working part of the list rather than an endless spinner.
      | ^^^^^^^^^^^^^^^^^^^^^^^^^^^^^^^^^^^^^^^^^^^^^^^^^^^^^^^^^^^^^^^^^^^^
> 164 |       */
      | ^^^^^^^^^^^^^^^^^^^^^^^^^^^^^^^^^^^^^^^^^^^^^^^^^^^^^^^^^^^^^^^^^^^^
> 165 |       console.warn('[expenses] could not load the next page', error);
      | ^^^^^^^^^^^^^^^^^^^^^^^^^^^^^^^^^^^^^^^^^^^^^^^^^^^^^^^^^^^^^^^^^^^^
> 166 |       setHasMore(false);
      | ^^^^^^^^^^^^^^^^^^^^^^^^^^^^^^^^^^^^^^^^^^^^^^^^^^^^^^^^^^^^^^^^^^^^
> 167 |     } finally {
      | ^^^^^^^^^^^^^^^^^^^^^^^^^^^^^^^^^^^^^^^^^^^^^^^^^^^^^^^^^^^^^^^^^^^^
> 168 |       loadingMore.current = false;
      | ^^^^^^^^^^^^^^^^^^^^^^^^^^^^^^^^^^^^^^^^^^^^^^^^^^^^^^^^^^^^^^^^^^^^
> 169 |     }
      | ^^^^^^ (BuildHIR::lowerStatement) Handle TryStatement with a finalizer ('finally') clause
  170 |   }, [hasMore, rows.length]);
  171 |
  172 |   /*
    at new HIRBuilder (C:\Users\DboxAdmin\skill_projects\expense-tracker\node_modules\babel-plugin-react-compiler\dist\index.js:76126:19)
    at lower (C:\Users\DboxAdmin\skill_projects\expense-tracker\node_modules\babel-plugin-react-compiler\dist\index.js:78097:19)
    at runWithEnvironment (C:\Users\DboxAdmin\skill_projects\expense-tracker\node_modules\babel-plugin-react-compiler\dist\index.js:106368:15)
    at run (C:\Users\DboxAdmin\skill_projects\expense-tracker\node_modules\babel-plugin-react-compiler\dist\index.js:106361:10)
    at compileFn (C:\Users\DboxAdmin\skill_projects\expense-tracker\node_modules\babel-plugin-react-compiler\dist\index.js:106689:10)
    at tryCompileFunction (C:\Users\DboxAdmin\skill_projects\expense-tracker\node_modules\babel-plugin-react-compiler\dist\index.js:107289:19)
    at processFn (C:\Users\DboxAdmin\skill_projects\expense-tracker\node_modules\babel-plugin-react-compiler\dist\index.js:107226:25)
    at compileProgram (C:\Users\DboxAdmin\skill_projects\expense-tracker\node_modules\babel-plugin-react-compiler\dist\index.js:107107:22)
    at PluginPass.enter (C:\Users\DboxAdmin\skill_projects\expense-tracker\node_modules\babel-plugin-react-compiler\dist\index.js:108443:28)
    at newFn (C:\Users\DboxAdmin\skill_projects\expense-tracker\node_modules\@babel\traverse\lib\visitors.js:168:14)
    at NodePath._call (C:\Users\DboxAdmin\skill_projects\expense-tracker\node_modules\@babel\traverse\lib\path\context.js:50:20)
    at NodePath.call (C:\Users\DboxAdmin\skill_projects\expense-tracker\node_modules\@babel\traverse\lib\path\context.js:40:18)
    at NodePath.visit (C:\Users\DboxAdmin\skill_projects\expense-tracker\node_modules\@babel\traverse\lib\path\context.js:87:31)
    at TraversalContext.visitQueue (C:\Users\DboxAdmin\skill_projects\expense-tracker\node_modules\@babel\traverse\lib\context.js:96:16)
    at TraversalContext.visitSingle (C:\Users\DboxAdmin\skill_projects\expense-tracker\node_modules\@babel\traverse\lib\context.js:72:19)
    at TraversalContext.visit (C:\Users\DboxAdmin\skill_projects\expense-tracker\node_modules\@babel\traverse\lib\context.js:119:19)
    at traverseNode (C:\Users\DboxAdmin\skill_projects\expense-tracker\node_modules\@babel\traverse\lib\traverse-node.js:130:17)
    at traverse (C:\Users\DboxAdmin\skill_projects\expense-tracker\node_modules\@babel\traverse\lib\index.js:53:34)
    at transformFile (C:\Users\DboxAdmin\skill_projects\expense-tracker\node_modules\@babel\core\lib\transformation\index.js:79:29)
    at transformFile.next (<anonymous>)
    at run (C:\Users\DboxAdmin\skill_projects\expense-tracker\node_modules\@babel\core\lib\transformation\index.js:25:12)
    at run.next (<anonymous>)
    at transform (C:\Users\DboxAdmin\skill_projects\expense-tracker\node_modules\@babel\core\lib\transform.js:22:33)
    at transform.next (<anonymous>)
    at evaluateSync (C:\Users\DboxAdmin\skill_projects\expense-tracker\node_modules\gensync\index.js:251:28)
    at sync (C:\Users\DboxAdmin\skill_projects\expense-tracker\node_modules\gensync\index.js:89:14)
    at stopHiding - secret - don't use this - v1 (C:\Users\DboxAdmin\skill_projects\expense-tracker\node_modules\@babel\core\lib\errors\rewrite-stack-trace.js:47:12)
    at Object.transformSync (C:\Users\DboxAdmin\skill_projects\expense-tracker\node_modules\@babel\core\lib\transform.js:40:76)
    at parseWithBabel (C:\Users\DboxAdmin\skill_projects\expense-tracker\node_modules\@expo\metro-config\build\transformSync.js:75:18)
    at transformSync (C:\Users\DboxAdmin\skill_projects\expense-tracker\node_modules\@expo\metro-config\build\transformSync.js:54:16)
    at Object.transform (C:\Users\DboxAdmin\skill_projects\expense-tracker\node_modules\@expo\metro-config\build\babel-transformer.js:146:58)
    at transformJSWithBabel (C:\Users\DboxAdmin\skill_projects\expense-tracker\node_modules\@expo\metro-config\build\transform-worker\metro-transform-worker.js:495:47)
    at Object.transform (C:\Users\DboxAdmin\skill_projects\expense-tracker\node_modules\@expo\metro-config\build\transform-worker\metro-transform-worker.js:614:12)
    at Object.transform (C:\Users\DboxAdmin\skill_projects\expense-tracker\node_modules\@expo\metro-config\build\transform-worker\transform-worker.js:179:19)
    at transformFile (C:\Users\DboxAdmin\skill_projects\expense-tracker\node_modules\metro\src\DeltaBundler\Worker.flow.js:67:36)
    at Object.transform (C:\Users\DboxAdmin\skill_projects\expense-tracker\node_modules\metro\src\DeltaBundler\Worker.flow.js:42:10)
    at execFunction (C:\Users\DboxAdmin\skill_projects\expense-tracker\node_modules\jest-worker\build\workers\threadChild.js:167:17)
    at execHelper (C:\Users\DboxAdmin\skill_projects\expense-tracker\node_modules\jest-worker\build\workers\threadChild.js:155:5)
    at execMethod (C:\Users\DboxAdmin\skill_projects\expense-tracker\node_modules\jest-worker\build\workers\threadChild.js:158:5)
    at MessagePort.messageListener (C:\Users\DboxAdmin\skill_projects\expense-tracker\node_modules\jest-worker\build\workers\threadChild.js:52:7)
    at [nodejs.internal.kHybridDispatch] (node:internal/event_target:848:20)
 ERROR  ReactCompilerError: Found 2 errors:

Todo: (BuildHIR::lowerStatement) Handle TryStatement with a finalizer ('finally') clause

  110 |     loadingMore.current = true;
  111 |
> 112 |     try {
      |     ^^^^^
> 113 |       const repository = new ExpenseRepository(await getDatabase());
      | ^^^^^^^^^^^^^^^^^^^^^^^^^^^^^^^^^^^^^^^^^^^^^^^^^^^^^^^^^^^^^^^^^^^^
> 114 |       const page = await repository.listRecent({ limit: EXPENSE_PAGE_SIZE, offset: 0 });
      | ^^^^^^^^^^^^^^^^^^^^^^^^^^^^^^^^^^^^^^^^^^^^^^^^^^^^^^^^^^^^^^^^^^^^
> 115 |
      | ^^^^^^^^^^^^^^^^^^^^^^^^^^^^^^^^^^^^^^^^^^^^^^^^^^^^^^^^^^^^^^^^^^^^
> 116 |       setRows(page.expenses);
      | ^^^^^^^^^^^^^^^^^^^^^^^^^^^^^^^^^^^^^^^^^^^^^^^^^^^^^^^^^^^^^^^^^^^^
> 117 |       setHasMore(page.hasMore);
      | ^^^^^^^^^^^^^^^^^^^^^^^^^^^^^^^^^^^^^^^^^^^^^^^^^^^^^^^^^^^^^^^^^^^^
> 118 |       setStatus('ready');
      | ^^^^^^^^^^^^^^^^^^^^^^^^^^^^^^^^^^^^^^^^^^^^^^^^^^^^^^^^^^^^^^^^^^^^
> 119 |     } catch (error) {
      | ^^^^^^^^^^^^^^^^^^^^^^^^^^^^^^^^^^^^^^^^^^^^^^^^^^^^^^^^^^^^^^^^^^^^
> 120 |       // Rows already on screen are left alone; only a first load with nothing to
      | ^^^^^^^^^^^^^^^^^^^^^^^^^^^^^^^^^^^^^^^^^^^^^^^^^^^^^^^^^^^^^^^^^^^^
> 121 |       // show replaces them with an error.
      | ^^^^^^^^^^^^^^^^^^^^^^^^^^^^^^^^^^^^^^^^^^^^^^^^^^^^^^^^^^^^^^^^^^^^
> 122 |       console.warn('[expenses] could not load the first page', error);
      | ^^^^^^^^^^^^^^^^^^^^^^^^^^^^^^^^^^^^^^^^^^^^^^^^^^^^^^^^^^^^^^^^^^^^
> 123 |
      | ^^^^^^^^^^^^^^^^^^^^^^^^^^^^^^^^^^^^^^^^^^^^^^^^^^^^^^^^^^^^^^^^^^^^
> 124 |       if (rows.length === 0) {
      | ^^^^^^^^^^^^^^^^^^^^^^^^^^^^^^^^^^^^^^^^^^^^^^^^^^^^^^^^^^^^^^^^^^^^
> 125 |         setStatus('error');
      | ^^^^^^^^^^^^^^^^^^^^^^^^^^^^^^^^^^^^^^^^^^^^^^^^^^^^^^^^^^^^^^^^^^^^
> 126 |       }
      | ^^^^^^^^^^^^^^^^^^^^^^^^^^^^^^^^^^^^^^^^^^^^^^^^^^^^^^^^^^^^^^^^^^^^
> 127 |     } finally {
      | ^^^^^^^^^^^^^^^^^^^^^^^^^^^^^^^^^^^^^^^^^^^^^^^^^^^^^^^^^^^^^^^^^^^^
> 128 |       loadingMore.current = false;
      | ^^^^^^^^^^^^^^^^^^^^^^^^^^^^^^^^^^^^^^^^^^^^^^^^^^^^^^^^^^^^^^^^^^^^
> 129 |     }
      | ^^^^^^ (BuildHIR::lowerStatement) Handle TryStatement with a finalizer ('finally') clause
  130 |   }, [rows.length]);
  131 |
  132 |   const loadNextPage = useCallback(async () => {

Todo: (BuildHIR::lowerStatement) Handle TryStatement with a finalizer ('finally') clause

  140 |     loadingMore.current = true;
  141 |
> 142 |     try {
      |     ^^^^^
> 143 |       const repository = new ExpenseRepository(await getDatabase());
      | ^^^^^^^^^^^^^^^^^^^^^^^^^^^^^^^^^^^^^^^^^^^^^^^^^^^^^^^^^^^^^^^^^^^^
> 144 |       const page = await repository.listRecent({
      | ^^^^^^^^^^^^^^^^^^^^^^^^^^^^^^^^^^^^^^^^^^^^^^^^^^^^^^^^^^^^^^^^^^^^
> 145 |         limit: EXPENSE_PAGE_SIZE,
      | ^^^^^^^^^^^^^^^^^^^^^^^^^^^^^^^^^^^^^^^^^^^^^^^^^^^^^^^^^^^^^^^^^^^^
> 146 |         // Read against the rows on screen, not against a separate counter that
      | ^^^^^^^^^^^^^^^^^^^^^^^^^^^^^^^^^^^^^^^^^^^^^^^^^^^^^^^^^^^^^^^^^^^^
> 147 |         // could drift from them.
      | ^^^^^^^^^^^^^^^^^^^^^^^^^^^^^^^^^^^^^^^^^^^^^^^^^^^^^^^^^^^^^^^^^^^^
> 148 |         offset: rows.length,
      | ^^^^^^^^^^^^^^^^^^^^^^^^^^^^^^^^^^^^^^^^^^^^^^^^^^^^^^^^^^^^^^^^^^^^
> 149 |       });
      | ^^^^^^^^^^^^^^^^^^^^^^^^^^^^^^^^^^^^^^^^^^^^^^^^^^^^^^^^^^^^^^^^^^^^
> 150 |
      | ^^^^^^^^^^^^^^^^^^^^^^^^^^^^^^^^^^^^^^^^^^^^^^^^^^^^^^^^^^^^^^^^^^^^
> 151 |       setHasMore(page.hasMore);
      | ^^^^^^^^^^^^^^^^^^^^^^^^^^^^^^^^^^^^^^^^^^^^^^^^^^^^^^^^^^^^^^^^^^^^
> 152 |
      | ^^^^^^^^^^^^^^^^^^^^^^^^^^^^^^^^^^^^^^^^^^^^^^^^^^^^^^^^^^^^^^^^^^^^
> 153 |       if (page.expenses.length > 0) {
      | ^^^^^^^^^^^^^^^^^^^^^^^^^^^^^^^^^^^^^^^^^^^^^^^^^^^^^^^^^^^^^^^^^^^^
> 154 |         // Append. These are the same row objects the query returned, so the
      | ^^^^^^^^^^^^^^^^^^^^^^^^^^^^^^^^^^^^^^^^^^^^^^^^^^^^^^^^^^^^^^^^^^^^
> 155 |         // rows already on screen keep their identity and do not re-render.
      | ^^^^^^^^^^^^^^^^^^^^^^^^^^^^^^^^^^^^^^^^^^^^^^^^^^^^^^^^^^^^^^^^^^^^
> 156 |         setRows((current) => [...current, ...page.expenses]);
      | ^^^^^^^^^^^^^^^^^^^^^^^^^^^^^^^^^^^^^^^^^^^^^^^^^^^^^^^^^^^^^^^^^^^^
> 157 |       }
      | ^^^^^^^^^^^^^^^^^^^^^^^^^^^^^^^^^^^^^^^^^^^^^^^^^^^^^^^^^^^^^^^^^^^^
> 158 |     } catch (error) {
      | ^^^^^^^^^^^^^^^^^^^^^^^^^^^^^^^^^^^^^^^^^^^^^^^^^^^^^^^^^^^^^^^^^^^^
> 159 |       /*
      | ^^^^^^^^^^^^^^^^^^^^^^^^^^^^^^^^^^^^^^^^^^^^^^^^^^^^^^^^^^^^^^^^^^^^
> 160 |         Stop paging rather than looping. A failure here leaves the offset where it
      | ^^^^^^^^^^^^^^^^^^^^^^^^^^^^^^^^^^^^^^^^^^^^^^^^^^^^^^^^^^^^^^^^^^^^
> 161 |         was, so the next scroll would ask for the same page again and keep
      | ^^^^^^^^^^^^^^^^^^^^^^^^^^^^^^^^^^^^^^^^^^^^^^^^^^^^^^^^^^^^^^^^^^^^
> 162 |         failing; clearing `hasMore` turns the footer into "End of history" and
      | ^^^^^^^^^^^^^^^^^^^^^^^^^^^^^^^^^^^^^^^^^^^^^^^^^^^^^^^^^^^^^^^^^^^^
> 163 |         leaves a working part of the list rather than an endless spinner.
      | ^^^^^^^^^^^^^^^^^^^^^^^^^^^^^^^^^^^^^^^^^^^^^^^^^^^^^^^^^^^^^^^^^^^^
> 164 |       */
      | ^^^^^^^^^^^^^^^^^^^^^^^^^^^^^^^^^^^^^^^^^^^^^^^^^^^^^^^^^^^^^^^^^^^^
> 165 |       console.warn('[expenses] could not load the next page', error);
      | ^^^^^^^^^^^^^^^^^^^^^^^^^^^^^^^^^^^^^^^^^^^^^^^^^^^^^^^^^^^^^^^^^^^^
> 166 |       setHasMore(false);
      | ^^^^^^^^^^^^^^^^^^^^^^^^^^^^^^^^^^^^^^^^^^^^^^^^^^^^^^^^^^^^^^^^^^^^
> 167 |     } finally {
      | ^^^^^^^^^^^^^^^^^^^^^^^^^^^^^^^^^^^^^^^^^^^^^^^^^^^^^^^^^^^^^^^^^^^^
> 168 |       loadingMore.current = false;
      | ^^^^^^^^^^^^^^^^^^^^^^^^^^^^^^^^^^^^^^^^^^^^^^^^^^^^^^^^^^^^^^^^^^^^
> 169 |     }
      | ^^^^^^ (BuildHIR::lowerStatement) Handle TryStatement with a finalizer ('finally') clause
  170 |   }, [hasMore, rows.length]);
  171 |
  172 |   /*
    at new HIRBuilder (C:\Users\DboxAdmin\skill_projects\expense-tracker\node_modules\babel-plugin-react-compiler\dist\index.js:76126:19)
    at lower (C:\Users\DboxAdmin\skill_projects\expense-tracker\node_modules\babel-plugin-react-compiler\dist\index.js:78097:19)
    at runWithEnvironment (C:\Users\DboxAdmin\skill_projects\expense-tracker\node_modules\babel-plugin-react-compiler\dist\index.js:106368:15)
    at run (C:\Users\DboxAdmin\skill_projects\expense-tracker\node_modules\babel-plugin-react-compiler\dist\index.js:106361:10)
    at compileFn (C:\Users\DboxAdmin\skill_projects\expense-tracker\node_modules\babel-plugin-react-compiler\dist\index.js:106689:10)
    at tryCompileFunction (C:\Users\DboxAdmin\skill_projects\expense-tracker\node_modules\babel-plugin-react-compiler\dist\index.js:107289:19)
    at processFn (C:\Users\DboxAdmin\skill_projects\expense-tracker\node_modules\babel-plugin-react-compiler\dist\index.js:107226:25)
    at compileProgram (C:\Users\DboxAdmin\skill_projects\expense-tracker\node_modules\babel-plugin-react-compiler\dist\index.js:107107:22)
    at PluginPass.enter (C:\Users\DboxAdmin\skill_projects\expense-tracker\node_modules\babel-plugin-react-compiler\dist\index.js:108443:28)
    at newFn (C:\Users\DboxAdmin\skill_projects\expense-tracker\node_modules\@babel\traverse\lib\visitors.js:168:14)
    at NodePath._call (C:\Users\DboxAdmin\skill_projects\expense-tracker\node_modules\@babel\traverse\lib\path\context.js:50:20)
    at NodePath.call (C:\Users\DboxAdmin\skill_projects\expense-tracker\node_modules\@babel\traverse\lib\path\context.js:40:18)
    at NodePath.visit (C:\Users\DboxAdmin\skill_projects\expense-tracker\node_modules\@babel\traverse\lib\path\context.js:87:31)
    at TraversalContext.visitQueue (C:\Users\DboxAdmin\skill_projects\expense-tracker\node_modules\@babel\traverse\lib\context.js:96:16)
    at TraversalContext.visitSingle (C:\Users\DboxAdmin\skill_projects\expense-tracker\node_modules\@babel\traverse\lib\context.js:72:19)
    at TraversalContext.visit (C:\Users\DboxAdmin\skill_projects\expense-tracker\node_modules\@babel\traverse\lib\context.js:119:19)
    at traverseNode (C:\Users\DboxAdmin\skill_projects\expense-tracker\node_modules\@babel\traverse\lib\traverse-node.js:130:17)
    at traverse (C:\Users\DboxAdmin\skill_projects\expense-tracker\node_modules\@babel\traverse\lib\index.js:53:34)
    at transformFile (C:\Users\DboxAdmin\skill_projects\expense-tracker\node_modules\@babel\core\lib\transformation\index.js:79:29)
    at transformFile.next (<anonymous>)
    at run (C:\Users\DboxAdmin\skill_projects\expense-tracker\node_modules\@babel\core\lib\transformation\index.js:25:12)
    at run.next (<anonymous>)
    at transform (C:\Users\DboxAdmin\skill_projects\expense-tracker\node_modules\@babel\core\lib\transform.js:22:33)
    at transform.next (<anonymous>)
    at evaluateSync (C:\Users\DboxAdmin\skill_projects\expense-tracker\node_modules\gensync\index.js:251:28)
    at sync (C:\Users\DboxAdmin\skill_projects\expense-tracker\node_modules\gensync\index.js:89:14)
    at stopHiding - secret - don't use this - v1 (C:\Users\DboxAdmin\skill_projects\expense-tracker\node_modules\@babel\core\lib\errors\rewrite-stack-trace.js:47:12)
    at Object.transformSync (C:\Users\DboxAdmin\skill_projects\expense-tracker\node_modules\@babel\core\lib\transform.js:40:76)
    at parseWithBabel (C:\Users\DboxAdmin\skill_projects\expense-tracker\node_modules\@expo\metro-config\build\transformSync.js:75:18)
    at transformSync (C:\Users\DboxAdmin\skill_projects\expense-tracker\node_modules\@expo\metro-config\build\transformSync.js:54:16)
    at Object.transform (C:\Users\DboxAdmin\skill_projects\expense-tracker\node_modules\@expo\metro-config\build\babel-transformer.js:146:58)
    at transformJSWithBabel (C:\Users\DboxAdmin\skill_projects\expense-tracker\node_modules\@expo\metro-config\build\transform-worker\metro-transform-worker.js:495:47)
    at Object.transform (C:\Users\DboxAdmin\skill_projects\expense-tracker\node_modules\@expo\metro-config\build\transform-worker\metro-transform-worker.js:614:12)
    at Object.transform (C:\Users\DboxAdmin\skill_projects\expense-tracker\node_modules\@expo\metro-config\build\transform-worker\transform-worker.js:179:19)
    at transformFile (C:\Users\DboxAdmin\skill_projects\expense-tracker\node_modules\metro\src\DeltaBundler\Worker.flow.js:67:36)
    at Object.transform (C:\Users\DboxAdmin\skill_projects\expense-tracker\node_modules\metro\src\DeltaBundler\Worker.flow.js:42:10)
    at execFunction (C:\Users\DboxAdmin\skill_projects\expense-tracker\node_modules\jest-worker\build\workers\threadChild.js:167:17)
    at execHelper (C:\Users\DboxAdmin\skill_projects\expense-tracker\node_modules\jest-worker\build\workers\threadChild.js:155:5)
    at execMethod (C:\Users\DboxAdmin\skill_projects\expense-tracker\node_modules\jest-worker\build\workers\threadChild.js:158:5)
    at MessagePort.messageListener (C:\Users\DboxAdmin\skill_projects\expense-tracker\node_modules\jest-worker\build\workers\threadChild.js:52:7)
    at [nodejs.internal.kHybridDispatch] (node:internal/event_target:848:20)
 ERROR  ReactCompilerError: Found 2 errors:

Todo: (BuildHIR::lowerStatement) Handle TryStatement with a finalizer ('finally') clause

  110 |     loadingMore.current = true;
  111 |
> 112 |     try {
      |     ^^^^^
> 113 |       const repository = new ExpenseRepository(await getDatabase());
      | ^^^^^^^^^^^^^^^^^^^^^^^^^^^^^^^^^^^^^^^^^^^^^^^^^^^^^^^^^^^^^^^^^^^^
> 114 |       const page = await repository.listRecent({ limit: EXPENSE_PAGE_SIZE, offset: 0 });
      | ^^^^^^^^^^^^^^^^^^^^^^^^^^^^^^^^^^^^^^^^^^^^^^^^^^^^^^^^^^^^^^^^^^^^
> 115 |
      | ^^^^^^^^^^^^^^^^^^^^^^^^^^^^^^^^^^^^^^^^^^^^^^^^^^^^^^^^^^^^^^^^^^^^
> 116 |       setRows(page.expenses);
      | ^^^^^^^^^^^^^^^^^^^^^^^^^^^^^^^^^^^^^^^^^^^^^^^^^^^^^^^^^^^^^^^^^^^^
> 117 |       setHasMore(page.hasMore);
      | ^^^^^^^^^^^^^^^^^^^^^^^^^^^^^^^^^^^^^^^^^^^^^^^^^^^^^^^^^^^^^^^^^^^^
> 118 |       setStatus('ready');
      | ^^^^^^^^^^^^^^^^^^^^^^^^^^^^^^^^^^^^^^^^^^^^^^^^^^^^^^^^^^^^^^^^^^^^
> 119 |     } catch (error) {
      | ^^^^^^^^^^^^^^^^^^^^^^^^^^^^^^^^^^^^^^^^^^^^^^^^^^^^^^^^^^^^^^^^^^^^
> 120 |       // Rows already on screen are left alone; only a first load with nothing to
      | ^^^^^^^^^^^^^^^^^^^^^^^^^^^^^^^^^^^^^^^^^^^^^^^^^^^^^^^^^^^^^^^^^^^^
> 121 |       // show replaces them with an error.
      | ^^^^^^^^^^^^^^^^^^^^^^^^^^^^^^^^^^^^^^^^^^^^^^^^^^^^^^^^^^^^^^^^^^^^
> 122 |       console.warn('[expenses] could not load the first page', error);
      | ^^^^^^^^^^^^^^^^^^^^^^^^^^^^^^^^^^^^^^^^^^^^^^^^^^^^^^^^^^^^^^^^^^^^
> 123 |
      | ^^^^^^^^^^^^^^^^^^^^^^^^^^^^^^^^^^^^^^^^^^^^^^^^^^^^^^^^^^^^^^^^^^^^
> 124 |       if (rows.length === 0) {
      | ^^^^^^^^^^^^^^^^^^^^^^^^^^^^^^^^^^^^^^^^^^^^^^^^^^^^^^^^^^^^^^^^^^^^
> 125 |         setStatus('error');
      | ^^^^^^^^^^^^^^^^^^^^^^^^^^^^^^^^^^^^^^^^^^^^^^^^^^^^^^^^^^^^^^^^^^^^
> 126 |       }
      | ^^^^^^^^^^^^^^^^^^^^^^^^^^^^^^^^^^^^^^^^^^^^^^^^^^^^^^^^^^^^^^^^^^^^
> 127 |     } finally {
      | ^^^^^^^^^^^^^^^^^^^^^^^^^^^^^^^^^^^^^^^^^^^^^^^^^^^^^^^^^^^^^^^^^^^^
> 128 |       loadingMore.current = false;
      | ^^^^^^^^^^^^^^^^^^^^^^^^^^^^^^^^^^^^^^^^^^^^^^^^^^^^^^^^^^^^^^^^^^^^
> 129 |     }
      | ^^^^^^ (BuildHIR::lowerStatement) Handle TryStatement with a finalizer ('finally') clause
  130 |   }, [rows.length]);
  131 |
  132 |   const loadNextPage = useCallback(async () => {

Todo: (BuildHIR::lowerStatement) Handle TryStatement with a finalizer ('finally') clause

  140 |     loadingMore.current = true;
  141 |
> 142 |     try {
      |     ^^^^^
> 143 |       const repository = new ExpenseRepository(await getDatabase());
      | ^^^^^^^^^^^^^^^^^^^^^^^^^^^^^^^^^^^^^^^^^^^^^^^^^^^^^^^^^^^^^^^^^^^^
> 144 |       const page = await repository.listRecent({
      | ^^^^^^^^^^^^^^^^^^^^^^^^^^^^^^^^^^^^^^^^^^^^^^^^^^^^^^^^^^^^^^^^^^^^
> 145 |         limit: EXPENSE_PAGE_SIZE,
      | ^^^^^^^^^^^^^^^^^^^^^^^^^^^^^^^^^^^^^^^^^^^^^^^^^^^^^^^^^^^^^^^^^^^^
> 146 |         // Read against the rows on screen, not against a separate counter that
      | ^^^^^^^^^^^^^^^^^^^^^^^^^^^^^^^^^^^^^^^^^^^^^^^^^^^^^^^^^^^^^^^^^^^^
> 147 |         // could drift from them.
      | ^^^^^^^^^^^^^^^^^^^^^^^^^^^^^^^^^^^^^^^^^^^^^^^^^^^^^^^^^^^^^^^^^^^^
> 148 |         offset: rows.length,
      | ^^^^^^^^^^^^^^^^^^^^^^^^^^^^^^^^^^^^^^^^^^^^^^^^^^^^^^^^^^^^^^^^^^^^
> 149 |       });
      | ^^^^^^^^^^^^^^^^^^^^^^^^^^^^^^^^^^^^^^^^^^^^^^^^^^^^^^^^^^^^^^^^^^^^
> 150 |
      | ^^^^^^^^^^^^^^^^^^^^^^^^^^^^^^^^^^^^^^^^^^^^^^^^^^^^^^^^^^^^^^^^^^^^
> 151 |       setHasMore(page.hasMore);
      | ^^^^^^^^^^^^^^^^^^^^^^^^^^^^^^^^^^^^^^^^^^^^^^^^^^^^^^^^^^^^^^^^^^^^
> 152 |
      | ^^^^^^^^^^^^^^^^^^^^^^^^^^^^^^^^^^^^^^^^^^^^^^^^^^^^^^^^^^^^^^^^^^^^
> 153 |       if (page.expenses.length > 0) {
      | ^^^^^^^^^^^^^^^^^^^^^^^^^^^^^^^^^^^^^^^^^^^^^^^^^^^^^^^^^^^^^^^^^^^^
> 154 |         // Append. These are the same row objects the query returned, so the
      | ^^^^^^^^^^^^^^^^^^^^^^^^^^^^^^^^^^^^^^^^^^^^^^^^^^^^^^^^^^^^^^^^^^^^
> 155 |         // rows already on screen keep their identity and do not re-render.
      | ^^^^^^^^^^^^^^^^^^^^^^^^^^^^^^^^^^^^^^^^^^^^^^^^^^^^^^^^^^^^^^^^^^^^
> 156 |         setRows((current) => [...current, ...page.expenses]);
      | ^^^^^^^^^^^^^^^^^^^^^^^^^^^^^^^^^^^^^^^^^^^^^^^^^^^^^^^^^^^^^^^^^^^^
> 157 |       }
      | ^^^^^^^^^^^^^^^^^^^^^^^^^^^^^^^^^^^^^^^^^^^^^^^^^^^^^^^^^^^^^^^^^^^^
> 158 |     } catch (error) {
      | ^^^^^^^^^^^^^^^^^^^^^^^^^^^^^^^^^^^^^^^^^^^^^^^^^^^^^^^^^^^^^^^^^^^^
> 159 |       /*
      | ^^^^^^^^^^^^^^^^^^^^^^^^^^^^^^^^^^^^^^^^^^^^^^^^^^^^^^^^^^^^^^^^^^^^
> 160 |         Stop paging rather than looping. A failure here leaves the offset where it
      | ^^^^^^^^^^^^^^^^^^^^^^^^^^^^^^^^^^^^^^^^^^^^^^^^^^^^^^^^^^^^^^^^^^^^
> 161 |         was, so the next scroll would ask for the same page again and keep
      | ^^^^^^^^^^^^^^^^^^^^^^^^^^^^^^^^^^^^^^^^^^^^^^^^^^^^^^^^^^^^^^^^^^^^
> 162 |         failing; clearing `hasMore` turns the footer into "End of history" and
      | ^^^^^^^^^^^^^^^^^^^^^^^^^^^^^^^^^^^^^^^^^^^^^^^^^^^^^^^^^^^^^^^^^^^^
> 163 |         leaves a working part of the list rather than an endless spinner.
      | ^^^^^^^^^^^^^^^^^^^^^^^^^^^^^^^^^^^^^^^^^^^^^^^^^^^^^^^^^^^^^^^^^^^^
> 164 |       */
      | ^^^^^^^^^^^^^^^^^^^^^^^^^^^^^^^^^^^^^^^^^^^^^^^^^^^^^^^^^^^^^^^^^^^^
> 165 |       console.warn('[expenses] could not load the next page', error);
      | ^^^^^^^^^^^^^^^^^^^^^^^^^^^^^^^^^^^^^^^^^^^^^^^^^^^^^^^^^^^^^^^^^^^^
> 166 |       setHasMore(false);
      | ^^^^^^^^^^^^^^^^^^^^^^^^^^^^^^^^^^^^^^^^^^^^^^^^^^^^^^^^^^^^^^^^^^^^
> 167 |     } finally {
      | ^^^^^^^^^^^^^^^^^^^^^^^^^^^^^^^^^^^^^^^^^^^^^^^^^^^^^^^^^^^^^^^^^^^^
> 168 |       loadingMore.current = false;
      | ^^^^^^^^^^^^^^^^^^^^^^^^^^^^^^^^^^^^^^^^^^^^^^^^^^^^^^^^^^^^^^^^^^^^
> 169 |     }
      | ^^^^^^ (BuildHIR::lowerStatement) Handle TryStatement with a finalizer ('finally') clause
  170 |   }, [hasMore, rows.length]);
  171 |
  172 |   /*
    at new HIRBuilder (C:\Users\DboxAdmin\skill_projects\expense-tracker\node_modules\babel-plugin-react-compiler\dist\index.js:76126:19)
    at lower (C:\Users\DboxAdmin\skill_projects\expense-tracker\node_modules\babel-plugin-react-compiler\dist\index.js:78097:19)
    at runWithEnvironment (C:\Users\DboxAdmin\skill_projects\expense-tracker\node_modules\babel-plugin-react-compiler\dist\index.js:106368:15)
    at run (C:\Users\DboxAdmin\skill_projects\expense-tracker\node_modules\babel-plugin-react-compiler\dist\index.js:106361:10)
    at compileFn (C:\Users\DboxAdmin\skill_projects\expense-tracker\node_modules\babel-plugin-react-compiler\dist\index.js:106689:10)
    at tryCompileFunction (C:\Users\DboxAdmin\skill_projects\expense-tracker\node_modules\babel-plugin-react-compiler\dist\index.js:107289:19)
    at processFn (C:\Users\DboxAdmin\skill_projects\expense-tracker\node_modules\babel-plugin-react-compiler\dist\index.js:107226:25)
    at compileProgram (C:\Users\DboxAdmin\skill_projects\expense-tracker\node_modules\babel-plugin-react-compiler\dist\index.js:107107:22)
    at PluginPass.enter (C:\Users\DboxAdmin\skill_projects\expense-tracker\node_modules\babel-plugin-react-compiler\dist\index.js:108443:28)
    at newFn (C:\Users\DboxAdmin\skill_projects\expense-tracker\node_modules\@babel\traverse\lib\visitors.js:168:14)
    at NodePath._call (C:\Users\DboxAdmin\skill_projects\expense-tracker\node_modules\@babel\traverse\lib\path\context.js:50:20)
    at NodePath.call (C:\Users\DboxAdmin\skill_projects\expense-tracker\node_modules\@babel\traverse\lib\path\context.js:40:18)
    at NodePath.visit (C:\Users\DboxAdmin\skill_projects\expense-tracker\node_modules\@babel\traverse\lib\path\context.js:87:31)
    at TraversalContext.visitQueue (C:\Users\DboxAdmin\skill_projects\expense-tracker\node_modules\@babel\traverse\lib\context.js:96:16)
    at TraversalContext.visitSingle (C:\Users\DboxAdmin\skill_projects\expense-tracker\node_modules\@babel\traverse\lib\context.js:72:19)
    at TraversalContext.visit (C:\Users\DboxAdmin\skill_projects\expense-tracker\node_modules\@babel\traverse\lib\context.js:119:19)
    at traverseNode (C:\Users\DboxAdmin\skill_projects\expense-tracker\node_modules\@babel\traverse\lib\traverse-node.js:130:17)
    at traverse (C:\Users\DboxAdmin\skill_projects\expense-tracker\node_modules\@babel\traverse\lib\index.js:53:34)
    at transformFile (C:\Users\DboxAdmin\skill_projects\expense-tracker\node_modules\@babel\core\lib\transformation\index.js:79:29)
    at transformFile.next (<anonymous>)
    at run (C:\Users\DboxAdmin\skill_projects\expense-tracker\node_modules\@babel\core\lib\transformation\index.js:25:12)
    at run.next (<anonymous>)
    at transform (C:\Users\DboxAdmin\skill_projects\expense-tracker\node_modules\@babel\core\lib\transform.js:22:33)
    at transform.next (<anonymous>)
    at evaluateSync (C:\Users\DboxAdmin\skill_projects\expense-tracker\node_modules\gensync\index.js:251:28)
    at sync (C:\Users\DboxAdmin\skill_projects\expense-tracker\node_modules\gensync\index.js:89:14)
    at stopHiding - secret - don't use this - v1 (C:\Users\DboxAdmin\skill_projects\expense-tracker\node_modules\@babel\core\lib\errors\rewrite-stack-trace.js:47:12)
    at Object.transformSync (C:\Users\DboxAdmin\skill_projects\expense-tracker\node_modules\@babel\core\lib\transform.js:40:76)
    at parseWithBabel (C:\Users\DboxAdmin\skill_projects\expense-tracker\node_modules\@expo\metro-config\build\transformSync.js:75:18)
    at transformSync (C:\Users\DboxAdmin\skill_projects\expense-tracker\node_modules\@expo\metro-config\build\transformSync.js:54:16)
    at Object.transform (C:\Users\DboxAdmin\skill_projects\expense-tracker\node_modules\@expo\metro-config\build\babel-transformer.js:146:58)
    at transformJSWithBabel (C:\Users\DboxAdmin\skill_projects\expense-tracker\node_modules\@expo\metro-config\build\transform-worker\metro-transform-worker.js:495:47)
    at Object.transform (C:\Users\DboxAdmin\skill_projects\expense-tracker\node_modules\@expo\metro-config\build\transform-worker\metro-transform-worker.js:614:12)
    at Object.transform (C:\Users\DboxAdmin\skill_projects\expense-tracker\node_modules\@expo\metro-config\build\transform-worker\transform-worker.js:179:19)
    at transformFile (C:\Users\DboxAdmin\skill_projects\expense-tracker\node_modules\metro\src\DeltaBundler\Worker.flow.js:67:36)
    at Object.transform (C:\Users\DboxAdmin\skill_projects\expense-tracker\node_modules\metro\src\DeltaBundler\Worker.flow.js:42:10)
    at execFunction (C:\Users\DboxAdmin\skill_projects\expense-tracker\node_modules\jest-worker\build\workers\threadChild.js:167:17)
    at execHelper (C:\Users\DboxAdmin\skill_projects\expense-tracker\node_modules\jest-worker\build\workers\threadChild.js:155:5)
    at execMethod (C:\Users\DboxAdmin\skill_projects\expense-tracker\node_modules\jest-worker\build\workers\threadChild.js:158:5)
    at MessagePort.messageListener (C:\Users\DboxAdmin\skill_projects\expense-tracker\node_modules\jest-worker\build\workers\threadChild.js:52:7)
    at [nodejs.internal.kHybridDispatch] (node:internal/event_target:848:20)
 ERROR  ReactCompilerError: Found 2 errors:

Todo: (BuildHIR::lowerStatement) Handle TryStatement with a finalizer ('finally') clause

  110 |     loadingMore.current = true;
  111 |
> 112 |     try {
      |     ^^^^^
> 113 |       const repository = new ExpenseRepository(await getDatabase());
      | ^^^^^^^^^^^^^^^^^^^^^^^^^^^^^^^^^^^^^^^^^^^^^^^^^^^^^^^^^^^^^^^^^^^^
> 114 |       const page = await repository.listRecent({ limit: EXPENSE_PAGE_SIZE, offset: 0 });
      | ^^^^^^^^^^^^^^^^^^^^^^^^^^^^^^^^^^^^^^^^^^^^^^^^^^^^^^^^^^^^^^^^^^^^
> 115 |
      | ^^^^^^^^^^^^^^^^^^^^^^^^^^^^^^^^^^^^^^^^^^^^^^^^^^^^^^^^^^^^^^^^^^^^
> 116 |       setRows(page.expenses);
      | ^^^^^^^^^^^^^^^^^^^^^^^^^^^^^^^^^^^^^^^^^^^^^^^^^^^^^^^^^^^^^^^^^^^^
> 117 |       setHasMore(page.hasMore);
      | ^^^^^^^^^^^^^^^^^^^^^^^^^^^^^^^^^^^^^^^^^^^^^^^^^^^^^^^^^^^^^^^^^^^^
> 118 |       setStatus('ready');
      | ^^^^^^^^^^^^^^^^^^^^^^^^^^^^^^^^^^^^^^^^^^^^^^^^^^^^^^^^^^^^^^^^^^^^
> 119 |     } catch (error) {
      | ^^^^^^^^^^^^^^^^^^^^^^^^^^^^^^^^^^^^^^^^^^^^^^^^^^^^^^^^^^^^^^^^^^^^
> 120 |       // Rows already on screen are left alone; only a first load with nothing to
      | ^^^^^^^^^^^^^^^^^^^^^^^^^^^^^^^^^^^^^^^^^^^^^^^^^^^^^^^^^^^^^^^^^^^^
> 121 |       // show replaces them with an error.
      | ^^^^^^^^^^^^^^^^^^^^^^^^^^^^^^^^^^^^^^^^^^^^^^^^^^^^^^^^^^^^^^^^^^^^
> 122 |       console.warn('[expenses] could not load the first page', error);
      | ^^^^^^^^^^^^^^^^^^^^^^^^^^^^^^^^^^^^^^^^^^^^^^^^^^^^^^^^^^^^^^^^^^^^
> 123 |
      | ^^^^^^^^^^^^^^^^^^^^^^^^^^^^^^^^^^^^^^^^^^^^^^^^^^^^^^^^^^^^^^^^^^^^
> 124 |       if (rows.length === 0) {
      | ^^^^^^^^^^^^^^^^^^^^^^^^^^^^^^^^^^^^^^^^^^^^^^^^^^^^^^^^^^^^^^^^^^^^
> 125 |         setStatus('error');
      | ^^^^^^^^^^^^^^^^^^^^^^^^^^^^^^^^^^^^^^^^^^^^^^^^^^^^^^^^^^^^^^^^^^^^
> 126 |       }
      | ^^^^^^^^^^^^^^^^^^^^^^^^^^^^^^^^^^^^^^^^^^^^^^^^^^^^^^^^^^^^^^^^^^^^
> 127 |     } finally {
      | ^^^^^^^^^^^^^^^^^^^^^^^^^^^^^^^^^^^^^^^^^^^^^^^^^^^^^^^^^^^^^^^^^^^^
> 128 |       loadingMore.current = false;
      | ^^^^^^^^^^^^^^^^^^^^^^^^^^^^^^^^^^^^^^^^^^^^^^^^^^^^^^^^^^^^^^^^^^^^
> 129 |     }
      | ^^^^^^ (BuildHIR::lowerStatement) Handle TryStatement with a finalizer ('finally') clause
  130 |   }, [rows.length]);
  131 |
  132 |   const loadNextPage = useCallback(async () => {

Todo: (BuildHIR::lowerStatement) Handle TryStatement with a finalizer ('finally') clause

  140 |     loadingMore.current = true;
  141 |
> 142 |     try {
      |     ^^^^^
> 143 |       const repository = new ExpenseRepository(await getDatabase());
      | ^^^^^^^^^^^^^^^^^^^^^^^^^^^^^^^^^^^^^^^^^^^^^^^^^^^^^^^^^^^^^^^^^^^^
> 144 |       const page = await repository.listRecent({
      | ^^^^^^^^^^^^^^^^^^^^^^^^^^^^^^^^^^^^^^^^^^^^^^^^^^^^^^^^^^^^^^^^^^^^
> 145 |         limit: EXPENSE_PAGE_SIZE,
      | ^^^^^^^^^^^^^^^^^^^^^^^^^^^^^^^^^^^^^^^^^^^^^^^^^^^^^^^^^^^^^^^^^^^^
> 146 |         // Read against the rows on screen, not against a separate counter that
      | ^^^^^^^^^^^^^^^^^^^^^^^^^^^^^^^^^^^^^^^^^^^^^^^^^^^^^^^^^^^^^^^^^^^^
> 147 |         // could drift from them.
      | ^^^^^^^^^^^^^^^^^^^^^^^^^^^^^^^^^^^^^^^^^^^^^^^^^^^^^^^^^^^^^^^^^^^^
> 148 |         offset: rows.length,
      | ^^^^^^^^^^^^^^^^^^^^^^^^^^^^^^^^^^^^^^^^^^^^^^^^^^^^^^^^^^^^^^^^^^^^
> 149 |       });
      | ^^^^^^^^^^^^^^^^^^^^^^^^^^^^^^^^^^^^^^^^^^^^^^^^^^^^^^^^^^^^^^^^^^^^
> 150 |
      | ^^^^^^^^^^^^^^^^^^^^^^^^^^^^^^^^^^^^^^^^^^^^^^^^^^^^^^^^^^^^^^^^^^^^
> 151 |       setHasMore(page.hasMore);
      | ^^^^^^^^^^^^^^^^^^^^^^^^^^^^^^^^^^^^^^^^^^^^^^^^^^^^^^^^^^^^^^^^^^^^
> 152 |
      | ^^^^^^^^^^^^^^^^^^^^^^^^^^^^^^^^^^^^^^^^^^^^^^^^^^^^^^^^^^^^^^^^^^^^
> 153 |       if (page.expenses.length > 0) {
      | ^^^^^^^^^^^^^^^^^^^^^^^^^^^^^^^^^^^^^^^^^^^^^^^^^^^^^^^^^^^^^^^^^^^^
> 154 |         // Append. These are the same row objects the query returned, so the
      | ^^^^^^^^^^^^^^^^^^^^^^^^^^^^^^^^^^^^^^^^^^^^^^^^^^^^^^^^^^^^^^^^^^^^
> 155 |         // rows already on screen keep their identity and do not re-render.
      | ^^^^^^^^^^^^^^^^^^^^^^^^^^^^^^^^^^^^^^^^^^^^^^^^^^^^^^^^^^^^^^^^^^^^
> 156 |         setRows((current) => [...current, ...page.expenses]);
      | ^^^^^^^^^^^^^^^^^^^^^^^^^^^^^^^^^^^^^^^^^^^^^^^^^^^^^^^^^^^^^^^^^^^^
> 157 |       }
      | ^^^^^^^^^^^^^^^^^^^^^^^^^^^^^^^^^^^^^^^^^^^^^^^^^^^^^^^^^^^^^^^^^^^^
> 158 |     } catch (error) {
      | ^^^^^^^^^^^^^^^^^^^^^^^^^^^^^^^^^^^^^^^^^^^^^^^^^^^^^^^^^^^^^^^^^^^^
> 159 |       /*
      | ^^^^^^^^^^^^^^^^^^^^^^^^^^^^^^^^^^^^^^^^^^^^^^^^^^^^^^^^^^^^^^^^^^^^
> 160 |         Stop paging rather than looping. A failure here leaves the offset where it
      | ^^^^^^^^^^^^^^^^^^^^^^^^^^^^^^^^^^^^^^^^^^^^^^^^^^^^^^^^^^^^^^^^^^^^
> 161 |         was, so the next scroll would ask for the same page again and keep
      | ^^^^^^^^^^^^^^^^^^^^^^^^^^^^^^^^^^^^^^^^^^^^^^^^^^^^^^^^^^^^^^^^^^^^
> 162 |         failing; clearing `hasMore` turns the footer into "End of history" and
      | ^^^^^^^^^^^^^^^^^^^^^^^^^^^^^^^^^^^^^^^^^^^^^^^^^^^^^^^^^^^^^^^^^^^^
> 163 |         leaves a working part of the list rather than an endless spinner.
      | ^^^^^^^^^^^^^^^^^^^^^^^^^^^^^^^^^^^^^^^^^^^^^^^^^^^^^^^^^^^^^^^^^^^^
> 164 |       */
      | ^^^^^^^^^^^^^^^^^^^^^^^^^^^^^^^^^^^^^^^^^^^^^^^^^^^^^^^^^^^^^^^^^^^^
> 165 |       console.warn('[expenses] could not load the next page', error);
      | ^^^^^^^^^^^^^^^^^^^^^^^^^^^^^^^^^^^^^^^^^^^^^^^^^^^^^^^^^^^^^^^^^^^^
> 166 |       setHasMore(false);
      | ^^^^^^^^^^^^^^^^^^^^^^^^^^^^^^^^^^^^^^^^^^^^^^^^^^^^^^^^^^^^^^^^^^^^
> 167 |     } finally {
      | ^^^^^^^^^^^^^^^^^^^^^^^^^^^^^^^^^^^^^^^^^^^^^^^^^^^^^^^^^^^^^^^^^^^^
> 168 |       loadingMore.current = false;
      | ^^^^^^^^^^^^^^^^^^^^^^^^^^^^^^^^^^^^^^^^^^^^^^^^^^^^^^^^^^^^^^^^^^^^
> 169 |     }
      | ^^^^^^ (BuildHIR::lowerStatement) Handle TryStatement with a finalizer ('finally') clause
  170 |   }, [hasMore, rows.length]);
  171 |
  172 |   /*
    at new HIRBuilder (C:\Users\DboxAdmin\skill_projects\expense-tracker\node_modules\babel-plugin-react-compiler\dist\index.js:76126:19)
    at lower (C:\Users\DboxAdmin\skill_projects\expense-tracker\node_modules\babel-plugin-react-compiler\dist\index.js:78097:19)
    at runWithEnvironment (C:\Users\DboxAdmin\skill_projects\expense-tracker\node_modules\babel-plugin-react-compiler\dist\index.js:106368:15)
    at run (C:\Users\DboxAdmin\skill_projects\expense-tracker\node_modules\babel-plugin-react-compiler\dist\index.js:106361:10)
    at compileFn (C:\Users\DboxAdmin\skill_projects\expense-tracker\node_modules\babel-plugin-react-compiler\dist\index.js:106689:10)
    at tryCompileFunction (C:\Users\DboxAdmin\skill_projects\expense-tracker\node_modules\babel-plugin-react-compiler\dist\index.js:107289:19)
    at processFn (C:\Users\DboxAdmin\skill_projects\expense-tracker\node_modules\babel-plugin-react-compiler\dist\index.js:107226:25)
    at compileProgram (C:\Users\DboxAdmin\skill_projects\expense-tracker\node_modules\babel-plugin-react-compiler\dist\index.js:107107:22)
    at PluginPass.enter (C:\Users\DboxAdmin\skill_projects\expense-tracker\node_modules\babel-plugin-react-compiler\dist\index.js:108443:28)
    at newFn (C:\Users\DboxAdmin\skill_projects\expense-tracker\node_modules\@babel\traverse\lib\visitors.js:168:14)
    at NodePath._call (C:\Users\DboxAdmin\skill_projects\expense-tracker\node_modules\@babel\traverse\lib\path\context.js:50:20)
    at NodePath.call (C:\Users\DboxAdmin\skill_projects\expense-tracker\node_modules\@babel\traverse\lib\path\context.js:40:18)
    at NodePath.visit (C:\Users\DboxAdmin\skill_projects\expense-tracker\node_modules\@babel\traverse\lib\path\context.js:87:31)
    at TraversalContext.visitQueue (C:\Users\DboxAdmin\skill_projects\expense-tracker\node_modules\@babel\traverse\lib\context.js:96:16)
    at TraversalContext.visitSingle (C:\Users\DboxAdmin\skill_projects\expense-tracker\node_modules\@babel\traverse\lib\context.js:72:19)
    at TraversalContext.visit (C:\Users\DboxAdmin\skill_projects\expense-tracker\node_modules\@babel\traverse\lib\context.js:119:19)
    at traverseNode (C:\Users\DboxAdmin\skill_projects\expense-tracker\node_modules\@babel\traverse\lib\traverse-node.js:130:17)
    at traverse (C:\Users\DboxAdmin\skill_projects\expense-tracker\node_modules\@babel\traverse\lib\index.js:53:34)
    at transformFile (C:\Users\DboxAdmin\skill_projects\expense-tracker\node_modules\@babel\core\lib\transformation\index.js:79:29)
    at transformFile.next (<anonymous>)
    at run (C:\Users\DboxAdmin\skill_projects\expense-tracker\node_modules\@babel\core\lib\transformation\index.js:25:12)
    at run.next (<anonymous>)
    at transform (C:\Users\DboxAdmin\skill_projects\expense-tracker\node_modules\@babel\core\lib\transform.js:22:33)
    at transform.next (<anonymous>)
    at evaluateSync (C:\Users\DboxAdmin\skill_projects\expense-tracker\node_modules\gensync\index.js:251:28)
    at sync (C:\Users\DboxAdmin\skill_projects\expense-tracker\node_modules\gensync\index.js:89:14)
    at stopHiding - secret - don't use this - v1 (C:\Users\DboxAdmin\skill_projects\expense-tracker\node_modules\@babel\core\lib\errors\rewrite-stack-trace.js:47:12)
    at Object.transformSync (C:\Users\DboxAdmin\skill_projects\expense-tracker\node_modules\@babel\core\lib\transform.js:40:76)
    at parseWithBabel (C:\Users\DboxAdmin\skill_projects\expense-tracker\node_modules\@expo\metro-config\build\transformSync.js:75:18)
    at transformSync (C:\Users\DboxAdmin\skill_projects\expense-tracker\node_modules\@expo\metro-config\build\transformSync.js:54:16)
    at Object.transform (C:\Users\DboxAdmin\skill_projects\expense-tracker\node_modules\@expo\metro-config\build\babel-transformer.js:146:58)
    at transformJSWithBabel (C:\Users\DboxAdmin\skill_projects\expense-tracker\node_modules\@expo\metro-config\build\transform-worker\metro-transform-worker.js:495:47)
    at Object.transform (C:\Users\DboxAdmin\skill_projects\expense-tracker\node_modules\@expo\metro-config\build\transform-worker\metro-transform-worker.js:614:12)
    at Object.transform (C:\Users\DboxAdmin\skill_projects\expense-tracker\node_modules\@expo\metro-config\build\transform-worker\transform-worker.js:179:19)
    at transformFile (C:\Users\DboxAdmin\skill_projects\expense-tracker\node_modules\metro\src\DeltaBundler\Worker.flow.js:67:36)
    at Object.transform (C:\Users\DboxAdmin\skill_projects\expense-tracker\node_modules\metro\src\DeltaBundler\Worker.flow.js:42:10)
    at execFunction (C:\Users\DboxAdmin\skill_projects\expense-tracker\node_modules\jest-worker\build\workers\threadChild.js:167:17)
    at execHelper (C:\Users\DboxAdmin\skill_projects\expense-tracker\node_modules\jest-worker\build\workers\threadChild.js:155:5)
    at execMethod (C:\Users\DboxAdmin\skill_projects\expense-tracker\node_modules\jest-worker\build\workers\threadChild.js:158:5)
    at MessagePort.messageListener (C:\Users\DboxAdmin\skill_projects\expense-tracker\node_modules\jest-worker\build\workers\threadChild.js:52:7)
    at [nodejs.internal.kHybridDispatch] (node:internal/event_target:848:20)
 ERROR  ReactCompilerError: Found 2 errors:

Todo: (BuildHIR::lowerStatement) Handle TryStatement with a finalizer ('finally') clause

  110 |     loadingMore.current = true;
  111 |
> 112 |     try {
      |     ^^^^^
> 113 |       const repository = new ExpenseRepository(await getDatabase());
      | ^^^^^^^^^^^^^^^^^^^^^^^^^^^^^^^^^^^^^^^^^^^^^^^^^^^^^^^^^^^^^^^^^^^^
> 114 |       const page = await repository.listRecent({ limit: EXPENSE_PAGE_SIZE, offset: 0 });
      | ^^^^^^^^^^^^^^^^^^^^^^^^^^^^^^^^^^^^^^^^^^^^^^^^^^^^^^^^^^^^^^^^^^^^
> 115 |
      | ^^^^^^^^^^^^^^^^^^^^^^^^^^^^^^^^^^^^^^^^^^^^^^^^^^^^^^^^^^^^^^^^^^^^
> 116 |       setRows(page.expenses);
      | ^^^^^^^^^^^^^^^^^^^^^^^^^^^^^^^^^^^^^^^^^^^^^^^^^^^^^^^^^^^^^^^^^^^^
> 117 |       setHasMore(page.hasMore);
      | ^^^^^^^^^^^^^^^^^^^^^^^^^^^^^^^^^^^^^^^^^^^^^^^^^^^^^^^^^^^^^^^^^^^^
> 118 |       setStatus('ready');
      | ^^^^^^^^^^^^^^^^^^^^^^^^^^^^^^^^^^^^^^^^^^^^^^^^^^^^^^^^^^^^^^^^^^^^
> 119 |     } catch (error) {
      | ^^^^^^^^^^^^^^^^^^^^^^^^^^^^^^^^^^^^^^^^^^^^^^^^^^^^^^^^^^^^^^^^^^^^
> 120 |       // Rows already on screen are left alone; only a first load with nothing to
      | ^^^^^^^^^^^^^^^^^^^^^^^^^^^^^^^^^^^^^^^^^^^^^^^^^^^^^^^^^^^^^^^^^^^^
> 121 |       // show replaces them with an error.
      | ^^^^^^^^^^^^^^^^^^^^^^^^^^^^^^^^^^^^^^^^^^^^^^^^^^^^^^^^^^^^^^^^^^^^
> 122 |       console.warn('[expenses] could not load the first page', error);
      | ^^^^^^^^^^^^^^^^^^^^^^^^^^^^^^^^^^^^^^^^^^^^^^^^^^^^^^^^^^^^^^^^^^^^
> 123 |
      | ^^^^^^^^^^^^^^^^^^^^^^^^^^^^^^^^^^^^^^^^^^^^^^^^^^^^^^^^^^^^^^^^^^^^
> 124 |       if (rows.length === 0) {
      | ^^^^^^^^^^^^^^^^^^^^^^^^^^^^^^^^^^^^^^^^^^^^^^^^^^^^^^^^^^^^^^^^^^^^
> 125 |         setStatus('error');
      | ^^^^^^^^^^^^^^^^^^^^^^^^^^^^^^^^^^^^^^^^^^^^^^^^^^^^^^^^^^^^^^^^^^^^
> 126 |       }
      | ^^^^^^^^^^^^^^^^^^^^^^^^^^^^^^^^^^^^^^^^^^^^^^^^^^^^^^^^^^^^^^^^^^^^
> 127 |     } finally {
      | ^^^^^^^^^^^^^^^^^^^^^^^^^^^^^^^^^^^^^^^^^^^^^^^^^^^^^^^^^^^^^^^^^^^^
> 128 |       loadingMore.current = false;
      | ^^^^^^^^^^^^^^^^^^^^^^^^^^^^^^^^^^^^^^^^^^^^^^^^^^^^^^^^^^^^^^^^^^^^
> 129 |     }
      | ^^^^^^ (BuildHIR::lowerStatement) Handle TryStatement with a finalizer ('finally') clause
  130 |   }, [rows.length]);
  131 |
  132 |   const loadNextPage = useCallback(async () => {

Todo: (BuildHIR::lowerStatement) Handle TryStatement with a finalizer ('finally') clause

  140 |     loadingMore.current = true;
  141 |
> 142 |     try {
      |     ^^^^^
> 143 |       const repository = new ExpenseRepository(await getDatabase());
      | ^^^^^^^^^^^^^^^^^^^^^^^^^^^^^^^^^^^^^^^^^^^^^^^^^^^^^^^^^^^^^^^^^^^^
> 144 |       const page = await repository.listRecent({
      | ^^^^^^^^^^^^^^^^^^^^^^^^^^^^^^^^^^^^^^^^^^^^^^^^^^^^^^^^^^^^^^^^^^^^
> 145 |         limit: EXPENSE_PAGE_SIZE,
      | ^^^^^^^^^^^^^^^^^^^^^^^^^^^^^^^^^^^^^^^^^^^^^^^^^^^^^^^^^^^^^^^^^^^^
> 146 |         // Read against the rows on screen, not against a separate counter that
      | ^^^^^^^^^^^^^^^^^^^^^^^^^^^^^^^^^^^^^^^^^^^^^^^^^^^^^^^^^^^^^^^^^^^^
> 147 |         // could drift from them.
      | ^^^^^^^^^^^^^^^^^^^^^^^^^^^^^^^^^^^^^^^^^^^^^^^^^^^^^^^^^^^^^^^^^^^^
> 148 |         offset: rows.length,
      | ^^^^^^^^^^^^^^^^^^^^^^^^^^^^^^^^^^^^^^^^^^^^^^^^^^^^^^^^^^^^^^^^^^^^
> 149 |       });
      | ^^^^^^^^^^^^^^^^^^^^^^^^^^^^^^^^^^^^^^^^^^^^^^^^^^^^^^^^^^^^^^^^^^^^
> 150 |
      | ^^^^^^^^^^^^^^^^^^^^^^^^^^^^^^^^^^^^^^^^^^^^^^^^^^^^^^^^^^^^^^^^^^^^
> 151 |       setHasMore(page.hasMore);
      | ^^^^^^^^^^^^^^^^^^^^^^^^^^^^^^^^^^^^^^^^^^^^^^^^^^^^^^^^^^^^^^^^^^^^
> 152 |
      | ^^^^^^^^^^^^^^^^^^^^^^^^^^^^^^^^^^^^^^^^^^^^^^^^^^^^^^^^^^^^^^^^^^^^
> 153 |       if (page.expenses.length > 0) {
      | ^^^^^^^^^^^^^^^^^^^^^^^^^^^^^^^^^^^^^^^^^^^^^^^^^^^^^^^^^^^^^^^^^^^^
> 154 |         // Append. These are the same row objects the query returned, so the
      | ^^^^^^^^^^^^^^^^^^^^^^^^^^^^^^^^^^^^^^^^^^^^^^^^^^^^^^^^^^^^^^^^^^^^
> 155 |         // rows already on screen keep their identity and do not re-render.
      | ^^^^^^^^^^^^^^^^^^^^^^^^^^^^^^^^^^^^^^^^^^^^^^^^^^^^^^^^^^^^^^^^^^^^
> 156 |         setRows((current) => [...current, ...page.expenses]);
      | ^^^^^^^^^^^^^^^^^^^^^^^^^^^^^^^^^^^^^^^^^^^^^^^^^^^^^^^^^^^^^^^^^^^^
> 157 |       }
      | ^^^^^^^^^^^^^^^^^^^^^^^^^^^^^^^^^^^^^^^^^^^^^^^^^^^^^^^^^^^^^^^^^^^^
> 158 |     } catch (error) {
      | ^^^^^^^^^^^^^^^^^^^^^^^^^^^^^^^^^^^^^^^^^^^^^^^^^^^^^^^^^^^^^^^^^^^^
> 159 |       /*
      | ^^^^^^^^^^^^^^^^^^^^^^^^^^^^^^^^^^^^^^^^^^^^^^^^^^^^^^^^^^^^^^^^^^^^
> 160 |         Stop paging rather than looping. A failure here leaves the offset where it
      | ^^^^^^^^^^^^^^^^^^^^^^^^^^^^^^^^^^^^^^^^^^^^^^^^^^^^^^^^^^^^^^^^^^^^
> 161 |         was, so the next scroll would ask for the same page again and keep
      | ^^^^^^^^^^^^^^^^^^^^^^^^^^^^^^^^^^^^^^^^^^^^^^^^^^^^^^^^^^^^^^^^^^^^
> 162 |         failing; clearing `hasMore` turns the footer into "End of history" and
      | ^^^^^^^^^^^^^^^^^^^^^^^^^^^^^^^^^^^^^^^^^^^^^^^^^^^^^^^^^^^^^^^^^^^^
> 163 |         leaves a working part of the list rather than an endless spinner.
      | ^^^^^^^^^^^^^^^^^^^^^^^^^^^^^^^^^^^^^^^^^^^^^^^^^^^^^^^^^^^^^^^^^^^^
> 164 |       */
      | ^^^^^^^^^^^^^^^^^^^^^^^^^^^^^^^^^^^^^^^^^^^^^^^^^^^^^^^^^^^^^^^^^^^^
> 165 |       console.warn('[expenses] could not load the next page', error);
      | ^^^^^^^^^^^^^^^^^^^^^^^^^^^^^^^^^^^^^^^^^^^^^^^^^^^^^^^^^^^^^^^^^^^^
> 166 |       setHasMore(false);
      | ^^^^^^^^^^^^^^^^^^^^^^^^^^^^^^^^^^^^^^^^^^^^^^^^^^^^^^^^^^^^^^^^^^^^
> 167 |     } finally {
      | ^^^^^^^^^^^^^^^^^^^^^^^^^^^^^^^^^^^^^^^^^^^^^^^^^^^^^^^^^^^^^^^^^^^^
> 168 |       loadingMore.current = false;
      | ^^^^^^^^^^^^^^^^^^^^^^^^^^^^^^^^^^^^^^^^^^^^^^^^^^^^^^^^^^^^^^^^^^^^
> 169 |     }
      | ^^^^^^ (BuildHIR::lowerStatement) Handle TryStatement with a finalizer ('finally') clause
  170 |   }, [hasMore, rows.length]);
  171 |
  172 |   /*
    at new HIRBuilder (C:\Users\DboxAdmin\skill_projects\expense-tracker\node_modules\babel-plugin-react-compiler\dist\index.js:76126:19)
    at lower (C:\Users\DboxAdmin\skill_projects\expense-tracker\node_modules\babel-plugin-react-compiler\dist\index.js:78097:19)
    at runWithEnvironment (C:\Users\DboxAdmin\skill_projects\expense-tracker\node_modules\babel-plugin-react-compiler\dist\index.js:106368:15)
    at run (C:\Users\DboxAdmin\skill_projects\expense-tracker\node_modules\babel-plugin-react-compiler\dist\index.js:106361:10)
    at compileFn (C:\Users\DboxAdmin\skill_projects\expense-tracker\node_modules\babel-plugin-react-compiler\dist\index.js:106689:10)
    at tryCompileFunction (C:\Users\DboxAdmin\skill_projects\expense-tracker\node_modules\babel-plugin-react-compiler\dist\index.js:107289:19)
    at processFn (C:\Users\DboxAdmin\skill_projects\expense-tracker\node_modules\babel-plugin-react-compiler\dist\index.js:107226:25)
    at compileProgram (C:\Users\DboxAdmin\skill_projects\expense-tracker\node_modules\babel-plugin-react-compiler\dist\index.js:107107:22)
    at PluginPass.enter (C:\Users\DboxAdmin\skill_projects\expense-tracker\node_modules\babel-plugin-react-compiler\dist\index.js:108443:28)
    at newFn (C:\Users\DboxAdmin\skill_projects\expense-tracker\node_modules\@babel\traverse\lib\visitors.js:168:14)
    at NodePath._call (C:\Users\DboxAdmin\skill_projects\expense-tracker\node_modules\@babel\traverse\lib\path\context.js:50:20)
    at NodePath.call (C:\Users\DboxAdmin\skill_projects\expense-tracker\node_modules\@babel\traverse\lib\path\context.js:40:18)
    at NodePath.visit (C:\Users\DboxAdmin\skill_projects\expense-tracker\node_modules\@babel\traverse\lib\path\context.js:87:31)
    at TraversalContext.visitQueue (C:\Users\DboxAdmin\skill_projects\expense-tracker\node_modules\@babel\traverse\lib\context.js:96:16)
    at TraversalContext.visitSingle (C:\Users\DboxAdmin\skill_projects\expense-tracker\node_modules\@babel\traverse\lib\context.js:72:19)
    at TraversalContext.visit (C:\Users\DboxAdmin\skill_projects\expense-tracker\node_modules\@babel\traverse\lib\context.js:119:19)
    at traverseNode (C:\Users\DboxAdmin\skill_projects\expense-tracker\node_modules\@babel\traverse\lib\traverse-node.js:130:17)
    at traverse (C:\Users\DboxAdmin\skill_projects\expense-tracker\node_modules\@babel\traverse\lib\index.js:53:34)
    at transformFile (C:\Users\DboxAdmin\skill_projects\expense-tracker\node_modules\@babel\core\lib\transformation\index.js:79:29)
    at transformFile.next (<anonymous>)
    at run (C:\Users\DboxAdmin\skill_projects\expense-tracker\node_modules\@babel\core\lib\transformation\index.js:25:12)
    at run.next (<anonymous>)
    at transform (C:\Users\DboxAdmin\skill_projects\expense-tracker\node_modules\@babel\core\lib\transform.js:22:33)
    at transform.next (<anonymous>)
    at evaluateSync (C:\Users\DboxAdmin\skill_projects\expense-tracker\node_modules\gensync\index.js:251:28)
    at sync (C:\Users\DboxAdmin\skill_projects\expense-tracker\node_modules\gensync\index.js:89:14)
    at stopHiding - secret - don't use this - v1 (C:\Users\DboxAdmin\skill_projects\expense-tracker\node_modules\@babel\core\lib\errors\rewrite-stack-trace.js:47:12)
    at Object.transformSync (C:\Users\DboxAdmin\skill_projects\expense-tracker\node_modules\@babel\core\lib\transform.js:40:76)
    at parseWithBabel (C:\Users\DboxAdmin\skill_projects\expense-tracker\node_modules\@expo\metro-config\build\transformSync.js:75:18)
    at transformSync (C:\Users\DboxAdmin\skill_projects\expense-tracker\node_modules\@expo\metro-config\build\transformSync.js:54:16)
    at Object.transform (C:\Users\DboxAdmin\skill_projects\expense-tracker\node_modules\@expo\metro-config\build\babel-transformer.js:146:58)
    at transformJSWithBabel (C:\Users\DboxAdmin\skill_projects\expense-tracker\node_modules\@expo\metro-config\build\transform-worker\metro-transform-worker.js:495:47)
    at Object.transform (C:\Users\DboxAdmin\skill_projects\expense-tracker\node_modules\@expo\metro-config\build\transform-worker\metro-transform-worker.js:614:12)
    at Object.transform (C:\Users\DboxAdmin\skill_projects\expense-tracker\node_modules\@expo\metro-config\build\transform-worker\transform-worker.js:179:19)
    at transformFile (C:\Users\DboxAdmin\skill_projects\expense-tracker\node_modules\metro\src\DeltaBundler\Worker.flow.js:67:36)
    at Object.transform (C:\Users\DboxAdmin\skill_projects\expense-tracker\node_modules\metro\src\DeltaBundler\Worker.flow.js:42:10)
    at execFunction (C:\Users\DboxAdmin\skill_projects\expense-tracker\node_modules\jest-worker\build\workers\threadChild.js:167:17)
    at execHelper (C:\Users\DboxAdmin\skill_projects\expense-tracker\node_modules\jest-worker\build\workers\threadChild.js:155:5)
    at execMethod (C:\Users\DboxAdmin\skill_projects\expense-tracker\node_modules\jest-worker\build\workers\threadChild.js:158:5)
    at MessagePort.messageListener (C:\Users\DboxAdmin\skill_projects\expense-tracker\node_modules\jest-worker\build\workers\threadChild.js:52:7)
    at [nodejs.internal.kHybridDispatch] (node:internal/event_target:848:20)
 ERROR  ReactCompilerError: Found 2 errors:

Todo: (BuildHIR::lowerStatement) Handle TryStatement with a finalizer ('finally') clause

  110 |     loadingMore.current = true;
  111 |
> 112 |     try {
      |     ^^^^^
> 113 |       const repository = new ExpenseRepository(await getDatabase());
      | ^^^^^^^^^^^^^^^^^^^^^^^^^^^^^^^^^^^^^^^^^^^^^^^^^^^^^^^^^^^^^^^^^^^^
> 114 |       const page = await repository.listRecent({ limit: EXPENSE_PAGE_SIZE, offset: 0 });
      | ^^^^^^^^^^^^^^^^^^^^^^^^^^^^^^^^^^^^^^^^^^^^^^^^^^^^^^^^^^^^^^^^^^^^
> 115 |
      | ^^^^^^^^^^^^^^^^^^^^^^^^^^^^^^^^^^^^^^^^^^^^^^^^^^^^^^^^^^^^^^^^^^^^
> 116 |       setRows(page.expenses);
      | ^^^^^^^^^^^^^^^^^^^^^^^^^^^^^^^^^^^^^^^^^^^^^^^^^^^^^^^^^^^^^^^^^^^^
> 117 |       setHasMore(page.hasMore);
      | ^^^^^^^^^^^^^^^^^^^^^^^^^^^^^^^^^^^^^^^^^^^^^^^^^^^^^^^^^^^^^^^^^^^^
> 118 |       setStatus('ready');
      | ^^^^^^^^^^^^^^^^^^^^^^^^^^^^^^^^^^^^^^^^^^^^^^^^^^^^^^^^^^^^^^^^^^^^
> 119 |     } catch (error) {
      | ^^^^^^^^^^^^^^^^^^^^^^^^^^^^^^^^^^^^^^^^^^^^^^^^^^^^^^^^^^^^^^^^^^^^
> 120 |       // Rows already on screen are left alone; only a first load with nothing to
      | ^^^^^^^^^^^^^^^^^^^^^^^^^^^^^^^^^^^^^^^^^^^^^^^^^^^^^^^^^^^^^^^^^^^^
> 121 |       // show replaces them with an error.
      | ^^^^^^^^^^^^^^^^^^^^^^^^^^^^^^^^^^^^^^^^^^^^^^^^^^^^^^^^^^^^^^^^^^^^
> 122 |       console.warn('[expenses] could not load the first page', error);
      | ^^^^^^^^^^^^^^^^^^^^^^^^^^^^^^^^^^^^^^^^^^^^^^^^^^^^^^^^^^^^^^^^^^^^
> 123 |
      | ^^^^^^^^^^^^^^^^^^^^^^^^^^^^^^^^^^^^^^^^^^^^^^^^^^^^^^^^^^^^^^^^^^^^
> 124 |       if (rows.length === 0) {
      | ^^^^^^^^^^^^^^^^^^^^^^^^^^^^^^^^^^^^^^^^^^^^^^^^^^^^^^^^^^^^^^^^^^^^
> 125 |         setStatus('error');
      | ^^^^^^^^^^^^^^^^^^^^^^^^^^^^^^^^^^^^^^^^^^^^^^^^^^^^^^^^^^^^^^^^^^^^
> 126 |       }
      | ^^^^^^^^^^^^^^^^^^^^^^^^^^^^^^^^^^^^^^^^^^^^^^^^^^^^^^^^^^^^^^^^^^^^
> 127 |     } finally {
      | ^^^^^^^^^^^^^^^^^^^^^^^^^^^^^^^^^^^^^^^^^^^^^^^^^^^^^^^^^^^^^^^^^^^^
> 128 |       loadingMore.current = false;
      | ^^^^^^^^^^^^^^^^^^^^^^^^^^^^^^^^^^^^^^^^^^^^^^^^^^^^^^^^^^^^^^^^^^^^
> 129 |     }
      | ^^^^^^ (BuildHIR::lowerStatement) Handle TryStatement with a finalizer ('finally') clause
  130 |   }, [rows.length]);
  131 |
  132 |   const loadNextPage = useCallback(async () => {

Todo: (BuildHIR::lowerStatement) Handle TryStatement with a finalizer ('finally') clause

  140 |     loadingMore.current = true;
  141 |
> 142 |     try {
      |     ^^^^^
> 143 |       const repository = new ExpenseRepository(await getDatabase());
      | ^^^^^^^^^^^^^^^^^^^^^^^^^^^^^^^^^^^^^^^^^^^^^^^^^^^^^^^^^^^^^^^^^^^^
> 144 |       const page = await repository.listRecent({
      | ^^^^^^^^^^^^^^^^^^^^^^^^^^^^^^^^^^^^^^^^^^^^^^^^^^^^^^^^^^^^^^^^^^^^
> 145 |         limit: EXPENSE_PAGE_SIZE,
      | ^^^^^^^^^^^^^^^^^^^^^^^^^^^^^^^^^^^^^^^^^^^^^^^^^^^^^^^^^^^^^^^^^^^^
> 146 |         // Read against the rows on screen, not against a separate counter that
      | ^^^^^^^^^^^^^^^^^^^^^^^^^^^^^^^^^^^^^^^^^^^^^^^^^^^^^^^^^^^^^^^^^^^^
> 147 |         // could drift from them.
      | ^^^^^^^^^^^^^^^^^^^^^^^^^^^^^^^^^^^^^^^^^^^^^^^^^^^^^^^^^^^^^^^^^^^^
> 148 |         offset: rows.length,
      | ^^^^^^^^^^^^^^^^^^^^^^^^^^^^^^^^^^^^^^^^^^^^^^^^^^^^^^^^^^^^^^^^^^^^
> 149 |       });
      | ^^^^^^^^^^^^^^^^^^^^^^^^^^^^^^^^^^^^^^^^^^^^^^^^^^^^^^^^^^^^^^^^^^^^
> 150 |
      | ^^^^^^^^^^^^^^^^^^^^^^^^^^^^^^^^^^^^^^^^^^^^^^^^^^^^^^^^^^^^^^^^^^^^
> 151 |       setHasMore(page.hasMore);
      | ^^^^^^^^^^^^^^^^^^^^^^^^^^^^^^^^^^^^^^^^^^^^^^^^^^^^^^^^^^^^^^^^^^^^
> 152 |
      | ^^^^^^^^^^^^^^^^^^^^^^^^^^^^^^^^^^^^^^^^^^^^^^^^^^^^^^^^^^^^^^^^^^^^
> 153 |       if (page.expenses.length > 0) {
      | ^^^^^^^^^^^^^^^^^^^^^^^^^^^^^^^^^^^^^^^^^^^^^^^^^^^^^^^^^^^^^^^^^^^^
> 154 |         // Append. These are the same row objects the query returned, so the
      | ^^^^^^^^^^^^^^^^^^^^^^^^^^^^^^^^^^^^^^^^^^^^^^^^^^^^^^^^^^^^^^^^^^^^
> 155 |         // rows already on screen keep their identity and do not re-render.
      | ^^^^^^^^^^^^^^^^^^^^^^^^^^^^^^^^^^^^^^^^^^^^^^^^^^^^^^^^^^^^^^^^^^^^
> 156 |         setRows((current) => [...current, ...page.expenses]);
      | ^^^^^^^^^^^^^^^^^^^^^^^^^^^^^^^^^^^^^^^^^^^^^^^^^^^^^^^^^^^^^^^^^^^^
> 157 |       }
      | ^^^^^^^^^^^^^^^^^^^^^^^^^^^^^^^^^^^^^^^^^^^^^^^^^^^^^^^^^^^^^^^^^^^^
> 158 |     } catch (error) {
      | ^^^^^^^^^^^^^^^^^^^^^^^^^^^^^^^^^^^^^^^^^^^^^^^^^^^^^^^^^^^^^^^^^^^^
> 159 |       /*
      | ^^^^^^^^^^^^^^^^^^^^^^^^^^^^^^^^^^^^^^^^^^^^^^^^^^^^^^^^^^^^^^^^^^^^
> 160 |         Stop paging rather than looping. A failure here leaves the offset where it
      | ^^^^^^^^^^^^^^^^^^^^^^^^^^^^^^^^^^^^^^^^^^^^^^^^^^^^^^^^^^^^^^^^^^^^
> 161 |         was, so the next scroll would ask for the same page again and keep
      | ^^^^^^^^^^^^^^^^^^^^^^^^^^^^^^^^^^^^^^^^^^^^^^^^^^^^^^^^^^^^^^^^^^^^
> 162 |         failing; clearing `hasMore` turns the footer into "End of history" and
      | ^^^^^^^^^^^^^^^^^^^^^^^^^^^^^^^^^^^^^^^^^^^^^^^^^^^^^^^^^^^^^^^^^^^^
> 163 |         leaves a working part of the list rather than an endless spinner.
      | ^^^^^^^^^^^^^^^^^^^^^^^^^^^^^^^^^^^^^^^^^^^^^^^^^^^^^^^^^^^^^^^^^^^^
> 164 |       */
      | ^^^^^^^^^^^^^^^^^^^^^^^^^^^^^^^^^^^^^^^^^^^^^^^^^^^^^^^^^^^^^^^^^^^^
> 165 |       console.warn('[expenses] could not load the next page', error);
      | ^^^^^^^^^^^^^^^^^^^^^^^^^^^^^^^^^^^^^^^^^^^^^^^^^^^^^^^^^^^^^^^^^^^^
> 166 |       setHasMore(false);
      | ^^^^^^^^^^^^^^^^^^^^^^^^^^^^^^^^^^^^^^^^^^^^^^^^^^^^^^^^^^^^^^^^^^^^
> 167 |     } finally {
      | ^^^^^^^^^^^^^^^^^^^^^^^^^^^^^^^^^^^^^^^^^^^^^^^^^^^^^^^^^^^^^^^^^^^^
> 168 |       loadingMore.current = false;
      | ^^^^^^^^^^^^^^^^^^^^^^^^^^^^^^^^^^^^^^^^^^^^^^^^^^^^^^^^^^^^^^^^^^^^
> 169 |     }
      | ^^^^^^ (BuildHIR::lowerStatement) Handle TryStatement with a finalizer ('finally') clause
  170 |   }, [hasMore, rows.length]);
  171 |
  172 |   /*
    at new HIRBuilder (C:\Users\DboxAdmin\skill_projects\expense-tracker\node_modules\babel-plugin-react-compiler\dist\index.js:76126:19)
    at lower (C:\Users\DboxAdmin\skill_projects\expense-tracker\node_modules\babel-plugin-react-compiler\dist\index.js:78097:19)
    at runWithEnvironment (C:\Users\DboxAdmin\skill_projects\expense-tracker\node_modules\babel-plugin-react-compiler\dist\index.js:106368:15)
    at run (C:\Users\DboxAdmin\skill_projects\expense-tracker\node_modules\babel-plugin-react-compiler\dist\index.js:106361:10)
    at compileFn (C:\Users\DboxAdmin\skill_projects\expense-tracker\node_modules\babel-plugin-react-compiler\dist\index.js:106689:10)
    at tryCompileFunction (C:\Users\DboxAdmin\skill_projects\expense-tracker\node_modules\babel-plugin-react-compiler\dist\index.js:107289:19)
    at processFn (C:\Users\DboxAdmin\skill_projects\expense-tracker\node_modules\babel-plugin-react-compiler\dist\index.js:107226:25)
    at compileProgram (C:\Users\DboxAdmin\skill_projects\expense-tracker\node_modules\babel-plugin-react-compiler\dist\index.js:107107:22)
    at PluginPass.enter (C:\Users\DboxAdmin\skill_projects\expense-tracker\node_modules\babel-plugin-react-compiler\dist\index.js:108443:28)
    at newFn (C:\Users\DboxAdmin\skill_projects\expense-tracker\node_modules\@babel\traverse\lib\visitors.js:168:14)
    at NodePath._call (C:\Users\DboxAdmin\skill_projects\expense-tracker\node_modules\@babel\traverse\lib\path\context.js:50:20)
    at NodePath.call (C:\Users\DboxAdmin\skill_projects\expense-tracker\node_modules\@babel\traverse\lib\path\context.js:40:18)
    at NodePath.visit (C:\Users\DboxAdmin\skill_projects\expense-tracker\node_modules\@babel\traverse\lib\path\context.js:87:31)
    at TraversalContext.visitQueue (C:\Users\DboxAdmin\skill_projects\expense-tracker\node_modules\@babel\traverse\lib\context.js:96:16)
    at TraversalContext.visitSingle (C:\Users\DboxAdmin\skill_projects\expense-tracker\node_modules\@babel\traverse\lib\context.js:72:19)
    at TraversalContext.visit (C:\Users\DboxAdmin\skill_projects\expense-tracker\node_modules\@babel\traverse\lib\context.js:119:19)
    at traverseNode (C:\Users\DboxAdmin\skill_projects\expense-tracker\node_modules\@babel\traverse\lib\traverse-node.js:130:17)
    at traverse (C:\Users\DboxAdmin\skill_projects\expense-tracker\node_modules\@babel\traverse\lib\index.js:53:34)
    at transformFile (C:\Users\DboxAdmin\skill_projects\expense-tracker\node_modules\@babel\core\lib\transformation\index.js:79:29)
    at transformFile.next (<anonymous>)
    at run (C:\Users\DboxAdmin\skill_projects\expense-tracker\node_modules\@babel\core\lib\transformation\index.js:25:12)
    at run.next (<anonymous>)
    at transform (C:\Users\DboxAdmin\skill_projects\expense-tracker\node_modules\@babel\core\lib\transform.js:22:33)
    at transform.next (<anonymous>)
    at evaluateSync (C:\Users\DboxAdmin\skill_projects\expense-tracker\node_modules\gensync\index.js:251:28)
    at sync (C:\Users\DboxAdmin\skill_projects\expense-tracker\node_modules\gensync\index.js:89:14)
    at stopHiding - secret - don't use this - v1 (C:\Users\DboxAdmin\skill_projects\expense-tracker\node_modules\@babel\core\lib\errors\rewrite-stack-trace.js:47:12)
    at Object.transformSync (C:\Users\DboxAdmin\skill_projects\expense-tracker\node_modules\@babel\core\lib\transform.js:40:76)
    at parseWithBabel (C:\Users\DboxAdmin\skill_projects\expense-tracker\node_modules\@expo\metro-config\build\transformSync.js:75:18)
    at transformSync (C:\Users\DboxAdmin\skill_projects\expense-tracker\node_modules\@expo\metro-config\build\transformSync.js:54:16)
    at Object.transform (C:\Users\DboxAdmin\skill_projects\expense-tracker\node_modules\@expo\metro-config\build\babel-transformer.js:146:58)
    at transformJSWithBabel (C:\Users\DboxAdmin\skill_projects\expense-tracker\node_modules\@expo\metro-config\build\transform-worker\metro-transform-worker.js:495:47)
    at Object.transform (C:\Users\DboxAdmin\skill_projects\expense-tracker\node_modules\@expo\metro-config\build\transform-worker\metro-transform-worker.js:614:12)
    at Object.transform (C:\Users\DboxAdmin\skill_projects\expense-tracker\node_modules\@expo\metro-config\build\transform-worker\transform-worker.js:179:19)
    at transformFile (C:\Users\DboxAdmin\skill_projects\expense-tracker\node_modules\metro\src\DeltaBundler\Worker.flow.js:67:36)
    at Object.transform (C:\Users\DboxAdmin\skill_projects\expense-tracker\node_modules\metro\src\DeltaBundler\Worker.flow.js:42:10)
    at execFunction (C:\Users\DboxAdmin\skill_projects\expense-tracker\node_modules\jest-worker\build\workers\threadChild.js:167:17)
    at execHelper (C:\Users\DboxAdmin\skill_projects\expense-tracker\node_modules\jest-worker\build\workers\threadChild.js:155:5)
    at execMethod (C:\Users\DboxAdmin\skill_projects\expense-tracker\node_modules\jest-worker\build\workers\threadChild.js:158:5)
    at MessagePort.messageListener (C:\Users\DboxAdmin\skill_projects\expense-tracker\node_modules\jest-worker\build\workers\threadChild.js:52:7)
    at [nodejs.internal.kHybridDispatch] (node:internal/event_target:848:20)
 ERROR  ReactCompilerError: Found 2 errors:

Todo: (BuildHIR::lowerStatement) Handle TryStatement with a finalizer ('finally') clause

  110 |     loadingMore.current = true;
  111 |
> 112 |     try {
      |     ^^^^^
> 113 |       const repository = new ExpenseRepository(await getDatabase());
      | ^^^^^^^^^^^^^^^^^^^^^^^^^^^^^^^^^^^^^^^^^^^^^^^^^^^^^^^^^^^^^^^^^^^^
> 114 |       const page = await repository.listRecent({ limit: EXPENSE_PAGE_SIZE, offset: 0 });
      | ^^^^^^^^^^^^^^^^^^^^^^^^^^^^^^^^^^^^^^^^^^^^^^^^^^^^^^^^^^^^^^^^^^^^
> 115 |
      | ^^^^^^^^^^^^^^^^^^^^^^^^^^^^^^^^^^^^^^^^^^^^^^^^^^^^^^^^^^^^^^^^^^^^
> 116 |       setRows(page.expenses);
      | ^^^^^^^^^^^^^^^^^^^^^^^^^^^^^^^^^^^^^^^^^^^^^^^^^^^^^^^^^^^^^^^^^^^^
> 117 |       setHasMore(page.hasMore);
      | ^^^^^^^^^^^^^^^^^^^^^^^^^^^^^^^^^^^^^^^^^^^^^^^^^^^^^^^^^^^^^^^^^^^^
> 118 |       setStatus('ready');
      | ^^^^^^^^^^^^^^^^^^^^^^^^^^^^^^^^^^^^^^^^^^^^^^^^^^^^^^^^^^^^^^^^^^^^
> 119 |     } catch (error) {
      | ^^^^^^^^^^^^^^^^^^^^^^^^^^^^^^^^^^^^^^^^^^^^^^^^^^^^^^^^^^^^^^^^^^^^
> 120 |       // Rows already on screen are left alone; only a first load with nothing to
      | ^^^^^^^^^^^^^^^^^^^^^^^^^^^^^^^^^^^^^^^^^^^^^^^^^^^^^^^^^^^^^^^^^^^^
> 121 |       // show replaces them with an error.
      | ^^^^^^^^^^^^^^^^^^^^^^^^^^^^^^^^^^^^^^^^^^^^^^^^^^^^^^^^^^^^^^^^^^^^
> 122 |       console.warn('[expenses] could not load the first page', error);
      | ^^^^^^^^^^^^^^^^^^^^^^^^^^^^^^^^^^^^^^^^^^^^^^^^^^^^^^^^^^^^^^^^^^^^
> 123 |
      | ^^^^^^^^^^^^^^^^^^^^^^^^^^^^^^^^^^^^^^^^^^^^^^^^^^^^^^^^^^^^^^^^^^^^
> 124 |       if (rows.length === 0) {
      | ^^^^^^^^^^^^^^^^^^^^^^^^^^^^^^^^^^^^^^^^^^^^^^^^^^^^^^^^^^^^^^^^^^^^
> 125 |         setStatus('error');
      | ^^^^^^^^^^^^^^^^^^^^^^^^^^^^^^^^^^^^^^^^^^^^^^^^^^^^^^^^^^^^^^^^^^^^
> 126 |       }
      | ^^^^^^^^^^^^^^^^^^^^^^^^^^^^^^^^^^^^^^^^^^^^^^^^^^^^^^^^^^^^^^^^^^^^
> 127 |     } finally {
      | ^^^^^^^^^^^^^^^^^^^^^^^^^^^^^^^^^^^^^^^^^^^^^^^^^^^^^^^^^^^^^^^^^^^^
> 128 |       loadingMore.current = false;
      | ^^^^^^^^^^^^^^^^^^^^^^^^^^^^^^^^^^^^^^^^^^^^^^^^^^^^^^^^^^^^^^^^^^^^
> 129 |     }
      | ^^^^^^ (BuildHIR::lowerStatement) Handle TryStatement with a finalizer ('finally') clause
  130 |   }, [rows.length]);
  131 |
  132 |   const loadNextPage = useCallback(async () => {

Todo: (BuildHIR::lowerStatement) Handle TryStatement with a finalizer ('finally') clause

  140 |     loadingMore.current = true;
  141 |
> 142 |     try {
      |     ^^^^^
> 143 |       const repository = new ExpenseRepository(await getDatabase());
      | ^^^^^^^^^^^^^^^^^^^^^^^^^^^^^^^^^^^^^^^^^^^^^^^^^^^^^^^^^^^^^^^^^^^^
> 144 |       const page = await repository.listRecent({
      | ^^^^^^^^^^^^^^^^^^^^^^^^^^^^^^^^^^^^^^^^^^^^^^^^^^^^^^^^^^^^^^^^^^^^
> 145 |         limit: EXPENSE_PAGE_SIZE,
      | ^^^^^^^^^^^^^^^^^^^^^^^^^^^^^^^^^^^^^^^^^^^^^^^^^^^^^^^^^^^^^^^^^^^^
> 146 |         // Read against the rows on screen, not against a separate counter that
      | ^^^^^^^^^^^^^^^^^^^^^^^^^^^^^^^^^^^^^^^^^^^^^^^^^^^^^^^^^^^^^^^^^^^^
> 147 |         // could drift from them.
      | ^^^^^^^^^^^^^^^^^^^^^^^^^^^^^^^^^^^^^^^^^^^^^^^^^^^^^^^^^^^^^^^^^^^^
> 148 |         offset: rows.length,
      | ^^^^^^^^^^^^^^^^^^^^^^^^^^^^^^^^^^^^^^^^^^^^^^^^^^^^^^^^^^^^^^^^^^^^
> 149 |       });
      | ^^^^^^^^^^^^^^^^^^^^^^^^^^^^^^^^^^^^^^^^^^^^^^^^^^^^^^^^^^^^^^^^^^^^
> 150 |
      | ^^^^^^^^^^^^^^^^^^^^^^^^^^^^^^^^^^^^^^^^^^^^^^^^^^^^^^^^^^^^^^^^^^^^
> 151 |       setHasMore(page.hasMore);
      | ^^^^^^^^^^^^^^^^^^^^^^^^^^^^^^^^^^^^^^^^^^^^^^^^^^^^^^^^^^^^^^^^^^^^
> 152 |
      | ^^^^^^^^^^^^^^^^^^^^^^^^^^^^^^^^^^^^^^^^^^^^^^^^^^^^^^^^^^^^^^^^^^^^
> 153 |       if (page.expenses.length > 0) {
      | ^^^^^^^^^^^^^^^^^^^^^^^^^^^^^^^^^^^^^^^^^^^^^^^^^^^^^^^^^^^^^^^^^^^^
> 154 |         // Append. These are the same row objects the query returned, so the
      | ^^^^^^^^^^^^^^^^^^^^^^^^^^^^^^^^^^^^^^^^^^^^^^^^^^^^^^^^^^^^^^^^^^^^
> 155 |         // rows already on screen keep their identity and do not re-render.
      | ^^^^^^^^^^^^^^^^^^^^^^^^^^^^^^^^^^^^^^^^^^^^^^^^^^^^^^^^^^^^^^^^^^^^
> 156 |         setRows((current) => [...current, ...page.expenses]);
      | ^^^^^^^^^^^^^^^^^^^^^^^^^^^^^^^^^^^^^^^^^^^^^^^^^^^^^^^^^^^^^^^^^^^^
> 157 |       }
      | ^^^^^^^^^^^^^^^^^^^^^^^^^^^^^^^^^^^^^^^^^^^^^^^^^^^^^^^^^^^^^^^^^^^^
> 158 |     } catch (error) {
      | ^^^^^^^^^^^^^^^^^^^^^^^^^^^^^^^^^^^^^^^^^^^^^^^^^^^^^^^^^^^^^^^^^^^^
> 159 |       /*
      | ^^^^^^^^^^^^^^^^^^^^^^^^^^^^^^^^^^^^^^^^^^^^^^^^^^^^^^^^^^^^^^^^^^^^
> 160 |         Stop paging rather than looping. A failure here leaves the offset where it
      | ^^^^^^^^^^^^^^^^^^^^^^^^^^^^^^^^^^^^^^^^^^^^^^^^^^^^^^^^^^^^^^^^^^^^
> 161 |         was, so the next scroll would ask for the same page again and keep
      | ^^^^^^^^^^^^^^^^^^^^^^^^^^^^^^^^^^^^^^^^^^^^^^^^^^^^^^^^^^^^^^^^^^^^
> 162 |         failing; clearing `hasMore` turns the footer into "End of history" and
      | ^^^^^^^^^^^^^^^^^^^^^^^^^^^^^^^^^^^^^^^^^^^^^^^^^^^^^^^^^^^^^^^^^^^^
> 163 |         leaves a working part of the list rather than an endless spinner.
      | ^^^^^^^^^^^^^^^^^^^^^^^^^^^^^^^^^^^^^^^^^^^^^^^^^^^^^^^^^^^^^^^^^^^^
> 164 |       */
      | ^^^^^^^^^^^^^^^^^^^^^^^^^^^^^^^^^^^^^^^^^^^^^^^^^^^^^^^^^^^^^^^^^^^^
> 165 |       console.warn('[expenses] could not load the next page', error);
      | ^^^^^^^^^^^^^^^^^^^^^^^^^^^^^^^^^^^^^^^^^^^^^^^^^^^^^^^^^^^^^^^^^^^^
> 166 |       setHasMore(false);
      | ^^^^^^^^^^^^^^^^^^^^^^^^^^^^^^^^^^^^^^^^^^^^^^^^^^^^^^^^^^^^^^^^^^^^
> 167 |     } finally {
      | ^^^^^^^^^^^^^^^^^^^^^^^^^^^^^^^^^^^^^^^^^^^^^^^^^^^^^^^^^^^^^^^^^^^^
> 168 |       loadingMore.current = false;
      | ^^^^^^^^^^^^^^^^^^^^^^^^^^^^^^^^^^^^^^^^^^^^^^^^^^^^^^^^^^^^^^^^^^^^
> 169 |     }
      | ^^^^^^ (BuildHIR::lowerStatement) Handle TryStatement with a finalizer ('finally') clause
  170 |   }, [hasMore, rows.length]);
  171 |
  172 |   /*
    at new HIRBuilder (C:\Users\DboxAdmin\skill_projects\expense-tracker\node_modules\babel-plugin-react-compiler\dist\index.js:76126:19)
    at lower (C:\Users\DboxAdmin\skill_projects\expense-tracker\node_modules\babel-plugin-react-compiler\dist\index.js:78097:19)
    at runWithEnvironment (C:\Users\DboxAdmin\skill_projects\expense-tracker\node_modules\babel-plugin-react-compiler\dist\index.js:106368:15)
    at run (C:\Users\DboxAdmin\skill_projects\expense-tracker\node_modules\babel-plugin-react-compiler\dist\index.js:106361:10)
    at compileFn (C:\Users\DboxAdmin\skill_projects\expense-tracker\node_modules\babel-plugin-react-compiler\dist\index.js:106689:10)
    at tryCompileFunction (C:\Users\DboxAdmin\skill_projects\expense-tracker\node_modules\babel-plugin-react-compiler\dist\index.js:107289:19)
    at processFn (C:\Users\DboxAdmin\skill_projects\expense-tracker\node_modules\babel-plugin-react-compiler\dist\index.js:107226:25)
    at compileProgram (C:\Users\DboxAdmin\skill_projects\expense-tracker\node_modules\babel-plugin-react-compiler\dist\index.js:107107:22)
    at PluginPass.enter (C:\Users\DboxAdmin\skill_projects\expense-tracker\node_modules\babel-plugin-react-compiler\dist\index.js:108443:28)
    at newFn (C:\Users\DboxAdmin\skill_projects\expense-tracker\node_modules\@babel\traverse\lib\visitors.js:168:14)
    at NodePath._call (C:\Users\DboxAdmin\skill_projects\expense-tracker\node_modules\@babel\traverse\lib\path\context.js:50:20)
    at NodePath.call (C:\Users\DboxAdmin\skill_projects\expense-tracker\node_modules\@babel\traverse\lib\path\context.js:40:18)
    at NodePath.visit (C:\Users\DboxAdmin\skill_projects\expense-tracker\node_modules\@babel\traverse\lib\path\context.js:87:31)
    at TraversalContext.visitQueue (C:\Users\DboxAdmin\skill_projects\expense-tracker\node_modules\@babel\traverse\lib\context.js:96:16)
    at TraversalContext.visitSingle (C:\Users\DboxAdmin\skill_projects\expense-tracker\node_modules\@babel\traverse\lib\context.js:72:19)
    at TraversalContext.visit (C:\Users\DboxAdmin\skill_projects\expense-tracker\node_modules\@babel\traverse\lib\context.js:119:19)
    at traverseNode (C:\Users\DboxAdmin\skill_projects\expense-tracker\node_modules\@babel\traverse\lib\traverse-node.js:130:17)
    at traverse (C:\Users\DboxAdmin\skill_projects\expense-tracker\node_modules\@babel\traverse\lib\index.js:53:34)
    at transformFile (C:\Users\DboxAdmin\skill_projects\expense-tracker\node_modules\@babel\core\lib\transformation\index.js:79:29)
    at transformFile.next (<anonymous>)
    at run (C:\Users\DboxAdmin\skill_projects\expense-tracker\node_modules\@babel\core\lib\transformation\index.js:25:12)
    at run.next (<anonymous>)
    at transform (C:\Users\DboxAdmin\skill_projects\expense-tracker\node_modules\@babel\core\lib\transform.js:22:33)
    at transform.next (<anonymous>)
    at evaluateSync (C:\Users\DboxAdmin\skill_projects\expense-tracker\node_modules\gensync\index.js:251:28)
    at sync (C:\Users\DboxAdmin\skill_projects\expense-tracker\node_modules\gensync\index.js:89:14)
    at stopHiding - secret - don't use this - v1 (C:\Users\DboxAdmin\skill_projects\expense-tracker\node_modules\@babel\core\lib\errors\rewrite-stack-trace.js:47:12)
    at Object.transformSync (C:\Users\DboxAdmin\skill_projects\expense-tracker\node_modules\@babel\core\lib\transform.js:40:76)
    at parseWithBabel (C:\Users\DboxAdmin\skill_projects\expense-tracker\node_modules\@expo\metro-config\build\transformSync.js:75:18)
    at transformSync (C:\Users\DboxAdmin\skill_projects\expense-tracker\node_modules\@expo\metro-config\build\transformSync.js:54:16)
    at Object.transform (C:\Users\DboxAdmin\skill_projects\expense-tracker\node_modules\@expo\metro-config\build\babel-transformer.js:146:58)
    at transformJSWithBabel (C:\Users\DboxAdmin\skill_projects\expense-tracker\node_modules\@expo\metro-config\build\transform-worker\metro-transform-worker.js:495:47)
    at Object.transform (C:\Users\DboxAdmin\skill_projects\expense-tracker\node_modules\@expo\metro-config\build\transform-worker\metro-transform-worker.js:614:12)
    at Object.transform (C:\Users\DboxAdmin\skill_projects\expense-tracker\node_modules\@expo\metro-config\build\transform-worker\transform-worker.js:179:19)
    at transformFile (C:\Users\DboxAdmin\skill_projects\expense-tracker\node_modules\metro\src\DeltaBundler\Worker.flow.js:67:36)
    at Object.transform (C:\Users\DboxAdmin\skill_projects\expense-tracker\node_modules\metro\src\DeltaBundler\Worker.flow.js:42:10)
    at execFunction (C:\Users\DboxAdmin\skill_projects\expense-tracker\node_modules\jest-worker\build\workers\threadChild.js:167:17)
    at execHelper (C:\Users\DboxAdmin\skill_projects\expense-tracker\node_modules\jest-worker\build\workers\threadChild.js:155:5)
    at execMethod (C:\Users\DboxAdmin\skill_projects\expense-tracker\node_modules\jest-worker\build\workers\threadChild.js:158:5)
    at MessagePort.messageListener (C:\Users\DboxAdmin\skill_projects\expense-tracker\node_modules\jest-worker\build\workers\threadChild.js:52:7)
    at [nodejs.internal.kHybridDispatch] (node:internal/event_target:848:20)
 ERROR  ReactCompilerError: Found 2 errors:

Todo: (BuildHIR::lowerStatement) Handle TryStatement with a finalizer ('finally') clause

  110 |     loadingMore.current = true;
  111 |
> 112 |     try {
      |     ^^^^^
> 113 |       const repository = new ExpenseRepository(await getDatabase());
      | ^^^^^^^^^^^^^^^^^^^^^^^^^^^^^^^^^^^^^^^^^^^^^^^^^^^^^^^^^^^^^^^^^^^^
> 114 |       const page = await repository.listRecent({ limit: EXPENSE_PAGE_SIZE, offset: 0 });
      | ^^^^^^^^^^^^^^^^^^^^^^^^^^^^^^^^^^^^^^^^^^^^^^^^^^^^^^^^^^^^^^^^^^^^
> 115 |
      | ^^^^^^^^^^^^^^^^^^^^^^^^^^^^^^^^^^^^^^^^^^^^^^^^^^^^^^^^^^^^^^^^^^^^
> 116 |       setRows(page.expenses);
      | ^^^^^^^^^^^^^^^^^^^^^^^^^^^^^^^^^^^^^^^^^^^^^^^^^^^^^^^^^^^^^^^^^^^^
> 117 |       setHasMore(page.hasMore);
      | ^^^^^^^^^^^^^^^^^^^^^^^^^^^^^^^^^^^^^^^^^^^^^^^^^^^^^^^^^^^^^^^^^^^^
> 118 |       setStatus('ready');
      | ^^^^^^^^^^^^^^^^^^^^^^^^^^^^^^^^^^^^^^^^^^^^^^^^^^^^^^^^^^^^^^^^^^^^
> 119 |     } catch (error) {
      | ^^^^^^^^^^^^^^^^^^^^^^^^^^^^^^^^^^^^^^^^^^^^^^^^^^^^^^^^^^^^^^^^^^^^
> 120 |       // Rows already on screen are left alone; only a first load with nothing to
      | ^^^^^^^^^^^^^^^^^^^^^^^^^^^^^^^^^^^^^^^^^^^^^^^^^^^^^^^^^^^^^^^^^^^^
> 121 |       // show replaces them with an error.
      | ^^^^^^^^^^^^^^^^^^^^^^^^^^^^^^^^^^^^^^^^^^^^^^^^^^^^^^^^^^^^^^^^^^^^
> 122 |       console.warn('[expenses] could not load the first page', error);
      | ^^^^^^^^^^^^^^^^^^^^^^^^^^^^^^^^^^^^^^^^^^^^^^^^^^^^^^^^^^^^^^^^^^^^
> 123 |
      | ^^^^^^^^^^^^^^^^^^^^^^^^^^^^^^^^^^^^^^^^^^^^^^^^^^^^^^^^^^^^^^^^^^^^
> 124 |       if (rows.length === 0) {
      | ^^^^^^^^^^^^^^^^^^^^^^^^^^^^^^^^^^^^^^^^^^^^^^^^^^^^^^^^^^^^^^^^^^^^
> 125 |         setStatus('error');
      | ^^^^^^^^^^^^^^^^^^^^^^^^^^^^^^^^^^^^^^^^^^^^^^^^^^^^^^^^^^^^^^^^^^^^
> 126 |       }
      | ^^^^^^^^^^^^^^^^^^^^^^^^^^^^^^^^^^^^^^^^^^^^^^^^^^^^^^^^^^^^^^^^^^^^
> 127 |     } finally {
      | ^^^^^^^^^^^^^^^^^^^^^^^^^^^^^^^^^^^^^^^^^^^^^^^^^^^^^^^^^^^^^^^^^^^^
> 128 |       loadingMore.current = false;
      | ^^^^^^^^^^^^^^^^^^^^^^^^^^^^^^^^^^^^^^^^^^^^^^^^^^^^^^^^^^^^^^^^^^^^
> 129 |     }
      | ^^^^^^ (BuildHIR::lowerStatement) Handle TryStatement with a finalizer ('finally') clause
  130 |   }, [rows.length]);
  131 |
  132 |   const loadNextPage = useCallback(async () => {

Todo: (BuildHIR::lowerStatement) Handle TryStatement with a finalizer ('finally') clause

  140 |     loadingMore.current = true;
  141 |
> 142 |     try {
      |     ^^^^^
> 143 |       const repository = new ExpenseRepository(await getDatabase());
      | ^^^^^^^^^^^^^^^^^^^^^^^^^^^^^^^^^^^^^^^^^^^^^^^^^^^^^^^^^^^^^^^^^^^^
> 144 |       const page = await repository.listRecent({
      | ^^^^^^^^^^^^^^^^^^^^^^^^^^^^^^^^^^^^^^^^^^^^^^^^^^^^^^^^^^^^^^^^^^^^
> 145 |         limit: EXPENSE_PAGE_SIZE,
      | ^^^^^^^^^^^^^^^^^^^^^^^^^^^^^^^^^^^^^^^^^^^^^^^^^^^^^^^^^^^^^^^^^^^^
> 146 |         // Read against the rows on screen, not against a separate counter that
      | ^^^^^^^^^^^^^^^^^^^^^^^^^^^^^^^^^^^^^^^^^^^^^^^^^^^^^^^^^^^^^^^^^^^^
> 147 |         // could drift from them.
      | ^^^^^^^^^^^^^^^^^^^^^^^^^^^^^^^^^^^^^^^^^^^^^^^^^^^^^^^^^^^^^^^^^^^^
> 148 |         offset: rows.length,
      | ^^^^^^^^^^^^^^^^^^^^^^^^^^^^^^^^^^^^^^^^^^^^^^^^^^^^^^^^^^^^^^^^^^^^
> 149 |       });
      | ^^^^^^^^^^^^^^^^^^^^^^^^^^^^^^^^^^^^^^^^^^^^^^^^^^^^^^^^^^^^^^^^^^^^
> 150 |
      | ^^^^^^^^^^^^^^^^^^^^^^^^^^^^^^^^^^^^^^^^^^^^^^^^^^^^^^^^^^^^^^^^^^^^
> 151 |       setHasMore(page.hasMore);
      | ^^^^^^^^^^^^^^^^^^^^^^^^^^^^^^^^^^^^^^^^^^^^^^^^^^^^^^^^^^^^^^^^^^^^
> 152 |
      | ^^^^^^^^^^^^^^^^^^^^^^^^^^^^^^^^^^^^^^^^^^^^^^^^^^^^^^^^^^^^^^^^^^^^
> 153 |       if (page.expenses.length > 0) {
      | ^^^^^^^^^^^^^^^^^^^^^^^^^^^^^^^^^^^^^^^^^^^^^^^^^^^^^^^^^^^^^^^^^^^^
> 154 |         // Append. These are the same row objects the query returned, so the
      | ^^^^^^^^^^^^^^^^^^^^^^^^^^^^^^^^^^^^^^^^^^^^^^^^^^^^^^^^^^^^^^^^^^^^
> 155 |         // rows already on screen keep their identity and do not re-render.
      | ^^^^^^^^^^^^^^^^^^^^^^^^^^^^^^^^^^^^^^^^^^^^^^^^^^^^^^^^^^^^^^^^^^^^
> 156 |         setRows((current) => [...current, ...page.expenses]);
      | ^^^^^^^^^^^^^^^^^^^^^^^^^^^^^^^^^^^^^^^^^^^^^^^^^^^^^^^^^^^^^^^^^^^^
> 157 |       }
      | ^^^^^^^^^^^^^^^^^^^^^^^^^^^^^^^^^^^^^^^^^^^^^^^^^^^^^^^^^^^^^^^^^^^^
> 158 |     } catch (error) {
      | ^^^^^^^^^^^^^^^^^^^^^^^^^^^^^^^^^^^^^^^^^^^^^^^^^^^^^^^^^^^^^^^^^^^^
> 159 |       /*
      | ^^^^^^^^^^^^^^^^^^^^^^^^^^^^^^^^^^^^^^^^^^^^^^^^^^^^^^^^^^^^^^^^^^^^
> 160 |         Stop paging rather than looping. A failure here leaves the offset where it
      | ^^^^^^^^^^^^^^^^^^^^^^^^^^^^^^^^^^^^^^^^^^^^^^^^^^^^^^^^^^^^^^^^^^^^
> 161 |         was, so the next scroll would ask for the same page again and keep
      | ^^^^^^^^^^^^^^^^^^^^^^^^^^^^^^^^^^^^^^^^^^^^^^^^^^^^^^^^^^^^^^^^^^^^
> 162 |         failing; clearing `hasMore` turns the footer into "End of history" and
      | ^^^^^^^^^^^^^^^^^^^^^^^^^^^^^^^^^^^^^^^^^^^^^^^^^^^^^^^^^^^^^^^^^^^^
> 163 |         leaves a working part of the list rather than an endless spinner.
      | ^^^^^^^^^^^^^^^^^^^^^^^^^^^^^^^^^^^^^^^^^^^^^^^^^^^^^^^^^^^^^^^^^^^^
> 164 |       */
      | ^^^^^^^^^^^^^^^^^^^^^^^^^^^^^^^^^^^^^^^^^^^^^^^^^^^^^^^^^^^^^^^^^^^^
> 165 |       console.warn('[expenses] could not load the next page', error);
      | ^^^^^^^^^^^^^^^^^^^^^^^^^^^^^^^^^^^^^^^^^^^^^^^^^^^^^^^^^^^^^^^^^^^^
> 166 |       setHasMore(false);
      | ^^^^^^^^^^^^^^^^^^^^^^^^^^^^^^^^^^^^^^^^^^^^^^^^^^^^^^^^^^^^^^^^^^^^
> 167 |     } finally {
      | ^^^^^^^^^^^^^^^^^^^^^^^^^^^^^^^^^^^^^^^^^^^^^^^^^^^^^^^^^^^^^^^^^^^^
> 168 |       loadingMore.current = false;
      | ^^^^^^^^^^^^^^^^^^^^^^^^^^^^^^^^^^^^^^^^^^^^^^^^^^^^^^^^^^^^^^^^^^^^
> 169 |     }
      | ^^^^^^ (BuildHIR::lowerStatement) Handle TryStatement with a finalizer ('finally') clause
  170 |   }, [hasMore, rows.length]);
  171 |
  172 |   /*
    at new HIRBuilder (C:\Users\DboxAdmin\skill_projects\expense-tracker\node_modules\babel-plugin-react-compiler\dist\index.js:76126:19)
    at lower (C:\Users\DboxAdmin\skill_projects\expense-tracker\node_modules\babel-plugin-react-compiler\dist\index.js:78097:19)
    at runWithEnvironment (C:\Users\DboxAdmin\skill_projects\expense-tracker\node_modules\babel-plugin-react-compiler\dist\index.js:106368:15)
    at run (C:\Users\DboxAdmin\skill_projects\expense-tracker\node_modules\babel-plugin-react-compiler\dist\index.js:106361:10)
    at compileFn (C:\Users\DboxAdmin\skill_projects\expense-tracker\node_modules\babel-plugin-react-compiler\dist\index.js:106689:10)
    at tryCompileFunction (C:\Users\DboxAdmin\skill_projects\expense-tracker\node_modules\babel-plugin-react-compiler\dist\index.js:107289:19)
    at processFn (C:\Users\DboxAdmin\skill_projects\expense-tracker\node_modules\babel-plugin-react-compiler\dist\index.js:107226:25)
    at compileProgram (C:\Users\DboxAdmin\skill_projects\expense-tracker\node_modules\babel-plugin-react-compiler\dist\index.js:107107:22)
    at PluginPass.enter (C:\Users\DboxAdmin\skill_projects\expense-tracker\node_modules\babel-plugin-react-compiler\dist\index.js:108443:28)
    at newFn (C:\Users\DboxAdmin\skill_projects\expense-tracker\node_modules\@babel\traverse\lib\visitors.js:168:14)
    at NodePath._call (C:\Users\DboxAdmin\skill_projects\expense-tracker\node_modules\@babel\traverse\lib\path\context.js:50:20)
    at NodePath.call (C:\Users\DboxAdmin\skill_projects\expense-tracker\node_modules\@babel\traverse\lib\path\context.js:40:18)
    at NodePath.visit (C:\Users\DboxAdmin\skill_projects\expense-tracker\node_modules\@babel\traverse\lib\path\context.js:87:31)
    at TraversalContext.visitQueue (C:\Users\DboxAdmin\skill_projects\expense-tracker\node_modules\@babel\traverse\lib\context.js:96:16)
    at TraversalContext.visitSingle (C:\Users\DboxAdmin\skill_projects\expense-tracker\node_modules\@babel\traverse\lib\context.js:72:19)
    at TraversalContext.visit (C:\Users\DboxAdmin\skill_projects\expense-tracker\node_modules\@babel\traverse\lib\context.js:119:19)
    at traverseNode (C:\Users\DboxAdmin\skill_projects\expense-tracker\node_modules\@babel\traverse\lib\traverse-node.js:130:17)
    at traverse (C:\Users\DboxAdmin\skill_projects\expense-tracker\node_modules\@babel\traverse\lib\index.js:53:34)
    at transformFile (C:\Users\DboxAdmin\skill_projects\expense-tracker\node_modules\@babel\core\lib\transformation\index.js:79:29)
    at transformFile.next (<anonymous>)
    at run (C:\Users\DboxAdmin\skill_projects\expense-tracker\node_modules\@babel\core\lib\transformation\index.js:25:12)
    at run.next (<anonymous>)
    at transform (C:\Users\DboxAdmin\skill_projects\expense-tracker\node_modules\@babel\core\lib\transform.js:22:33)
    at transform.next (<anonymous>)
    at evaluateSync (C:\Users\DboxAdmin\skill_projects\expense-tracker\node_modules\gensync\index.js:251:28)
    at sync (C:\Users\DboxAdmin\skill_projects\expense-tracker\node_modules\gensync\index.js:89:14)
    at stopHiding - secret - don't use this - v1 (C:\Users\DboxAdmin\skill_projects\expense-tracker\node_modules\@babel\core\lib\errors\rewrite-stack-trace.js:47:12)
    at Object.transformSync (C:\Users\DboxAdmin\skill_projects\expense-tracker\node_modules\@babel\core\lib\transform.js:40:76)
    at parseWithBabel (C:\Users\DboxAdmin\skill_projects\expense-tracker\node_modules\@expo\metro-config\build\transformSync.js:75:18)
    at transformSync (C:\Users\DboxAdmin\skill_projects\expense-tracker\node_modules\@expo\metro-config\build\transformSync.js:54:16)
    at Object.transform (C:\Users\DboxAdmin\skill_projects\expense-tracker\node_modules\@expo\metro-config\build\babel-transformer.js:146:58)
    at transformJSWithBabel (C:\Users\DboxAdmin\skill_projects\expense-tracker\node_modules\@expo\metro-config\build\transform-worker\metro-transform-worker.js:495:47)
    at Object.transform (C:\Users\DboxAdmin\skill_projects\expense-tracker\node_modules\@expo\metro-config\build\transform-worker\metro-transform-worker.js:614:12)
    at Object.transform (C:\Users\DboxAdmin\skill_projects\expense-tracker\node_modules\@expo\metro-config\build\transform-worker\transform-worker.js:179:19)
    at transformFile (C:\Users\DboxAdmin\skill_projects\expense-tracker\node_modules\metro\src\DeltaBundler\Worker.flow.js:67:36)
    at Object.transform (C:\Users\DboxAdmin\skill_projects\expense-tracker\node_modules\metro\src\DeltaBundler\Worker.flow.js:42:10)
    at execFunction (C:\Users\DboxAdmin\skill_projects\expense-tracker\node_modules\jest-worker\build\workers\threadChild.js:167:17)
    at execHelper (C:\Users\DboxAdmin\skill_projects\expense-tracker\node_modules\jest-worker\build\workers\threadChild.js:155:5)
    at execMethod (C:\Users\DboxAdmin\skill_projects\expense-tracker\node_modules\jest-worker\build\workers\threadChild.js:158:5)
    at MessagePort.messageListener (C:\Users\DboxAdmin\skill_projects\expense-tracker\node_modules\jest-worker\build\workers\threadChild.js:52:7)
    at [nodejs.internal.kHybridDispatch] (node:internal/event_target:848:20)
 ERROR  ReactCompilerError: Found 2 errors:

Todo: (BuildHIR::lowerStatement) Handle TryStatement with a finalizer ('finally') clause

  110 |     loadingMore.current = true;
  111 |
> 112 |     try {
      |     ^^^^^
> 113 |       const repository = new ExpenseRepository(await getDatabase());
      | ^^^^^^^^^^^^^^^^^^^^^^^^^^^^^^^^^^^^^^^^^^^^^^^^^^^^^^^^^^^^^^^^^^^^
> 114 |       const page = await repository.listRecent({ limit: EXPENSE_PAGE_SIZE, offset: 0 });
      | ^^^^^^^^^^^^^^^^^^^^^^^^^^^^^^^^^^^^^^^^^^^^^^^^^^^^^^^^^^^^^^^^^^^^
> 115 |
      | ^^^^^^^^^^^^^^^^^^^^^^^^^^^^^^^^^^^^^^^^^^^^^^^^^^^^^^^^^^^^^^^^^^^^
> 116 |       setRows(page.expenses);
      | ^^^^^^^^^^^^^^^^^^^^^^^^^^^^^^^^^^^^^^^^^^^^^^^^^^^^^^^^^^^^^^^^^^^^
> 117 |       setHasMore(page.hasMore);
      | ^^^^^^^^^^^^^^^^^^^^^^^^^^^^^^^^^^^^^^^^^^^^^^^^^^^^^^^^^^^^^^^^^^^^
> 118 |       setStatus('ready');
      | ^^^^^^^^^^^^^^^^^^^^^^^^^^^^^^^^^^^^^^^^^^^^^^^^^^^^^^^^^^^^^^^^^^^^
> 119 |     } catch (error) {
      | ^^^^^^^^^^^^^^^^^^^^^^^^^^^^^^^^^^^^^^^^^^^^^^^^^^^^^^^^^^^^^^^^^^^^
> 120 |       // Rows already on screen are left alone; only a first load with nothing to
      | ^^^^^^^^^^^^^^^^^^^^^^^^^^^^^^^^^^^^^^^^^^^^^^^^^^^^^^^^^^^^^^^^^^^^
> 121 |       // show replaces them with an error.
      | ^^^^^^^^^^^^^^^^^^^^^^^^^^^^^^^^^^^^^^^^^^^^^^^^^^^^^^^^^^^^^^^^^^^^
> 122 |       console.warn('[expenses] could not load the first page', error);
      | ^^^^^^^^^^^^^^^^^^^^^^^^^^^^^^^^^^^^^^^^^^^^^^^^^^^^^^^^^^^^^^^^^^^^
> 123 |
      | ^^^^^^^^^^^^^^^^^^^^^^^^^^^^^^^^^^^^^^^^^^^^^^^^^^^^^^^^^^^^^^^^^^^^
> 124 |       if (rows.length === 0) {
      | ^^^^^^^^^^^^^^^^^^^^^^^^^^^^^^^^^^^^^^^^^^^^^^^^^^^^^^^^^^^^^^^^^^^^
> 125 |         setStatus('error');
      | ^^^^^^^^^^^^^^^^^^^^^^^^^^^^^^^^^^^^^^^^^^^^^^^^^^^^^^^^^^^^^^^^^^^^
> 126 |       }
      | ^^^^^^^^^^^^^^^^^^^^^^^^^^^^^^^^^^^^^^^^^^^^^^^^^^^^^^^^^^^^^^^^^^^^
> 127 |     } finally {
      | ^^^^^^^^^^^^^^^^^^^^^^^^^^^^^^^^^^^^^^^^^^^^^^^^^^^^^^^^^^^^^^^^^^^^
> 128 |       loadingMore.current = false;
      | ^^^^^^^^^^^^^^^^^^^^^^^^^^^^^^^^^^^^^^^^^^^^^^^^^^^^^^^^^^^^^^^^^^^^
> 129 |     }
      | ^^^^^^ (BuildHIR::lowerStatement) Handle TryStatement with a finalizer ('finally') clause
  130 |   }, [rows.length]);
  131 |
  132 |   const loadNextPage = useCallback(async () => {

Todo: (BuildHIR::lowerStatement) Handle TryStatement with a finalizer ('finally') clause

  140 |     loadingMore.current = true;
  141 |
> 142 |     try {
      |     ^^^^^
> 143 |       const repository = new ExpenseRepository(await getDatabase());
      | ^^^^^^^^^^^^^^^^^^^^^^^^^^^^^^^^^^^^^^^^^^^^^^^^^^^^^^^^^^^^^^^^^^^^
> 144 |       const page = await repository.listRecent({
      | ^^^^^^^^^^^^^^^^^^^^^^^^^^^^^^^^^^^^^^^^^^^^^^^^^^^^^^^^^^^^^^^^^^^^
> 145 |         limit: EXPENSE_PAGE_SIZE,
      | ^^^^^^^^^^^^^^^^^^^^^^^^^^^^^^^^^^^^^^^^^^^^^^^^^^^^^^^^^^^^^^^^^^^^
> 146 |         // Read against the rows on screen, not against a separate counter that
      | ^^^^^^^^^^^^^^^^^^^^^^^^^^^^^^^^^^^^^^^^^^^^^^^^^^^^^^^^^^^^^^^^^^^^
> 147 |         // could drift from them.
      | ^^^^^^^^^^^^^^^^^^^^^^^^^^^^^^^^^^^^^^^^^^^^^^^^^^^^^^^^^^^^^^^^^^^^
> 148 |         offset: rows.length,
      | ^^^^^^^^^^^^^^^^^^^^^^^^^^^^^^^^^^^^^^^^^^^^^^^^^^^^^^^^^^^^^^^^^^^^
> 149 |       });
      | ^^^^^^^^^^^^^^^^^^^^^^^^^^^^^^^^^^^^^^^^^^^^^^^^^^^^^^^^^^^^^^^^^^^^
> 150 |
      | ^^^^^^^^^^^^^^^^^^^^^^^^^^^^^^^^^^^^^^^^^^^^^^^^^^^^^^^^^^^^^^^^^^^^
> 151 |       setHasMore(page.hasMore);
      | ^^^^^^^^^^^^^^^^^^^^^^^^^^^^^^^^^^^^^^^^^^^^^^^^^^^^^^^^^^^^^^^^^^^^
> 152 |
      | ^^^^^^^^^^^^^^^^^^^^^^^^^^^^^^^^^^^^^^^^^^^^^^^^^^^^^^^^^^^^^^^^^^^^
> 153 |       if (page.expenses.length > 0) {
      | ^^^^^^^^^^^^^^^^^^^^^^^^^^^^^^^^^^^^^^^^^^^^^^^^^^^^^^^^^^^^^^^^^^^^
> 154 |         // Append. These are the same row objects the query returned, so the
      | ^^^^^^^^^^^^^^^^^^^^^^^^^^^^^^^^^^^^^^^^^^^^^^^^^^^^^^^^^^^^^^^^^^^^
> 155 |         // rows already on screen keep their identity and do not re-render.
      | ^^^^^^^^^^^^^^^^^^^^^^^^^^^^^^^^^^^^^^^^^^^^^^^^^^^^^^^^^^^^^^^^^^^^
> 156 |         setRows((current) => [...current, ...page.expenses]);
      | ^^^^^^^^^^^^^^^^^^^^^^^^^^^^^^^^^^^^^^^^^^^^^^^^^^^^^^^^^^^^^^^^^^^^
> 157 |       }
      | ^^^^^^^^^^^^^^^^^^^^^^^^^^^^^^^^^^^^^^^^^^^^^^^^^^^^^^^^^^^^^^^^^^^^
> 158 |     } catch (error) {
      | ^^^^^^^^^^^^^^^^^^^^^^^^^^^^^^^^^^^^^^^^^^^^^^^^^^^^^^^^^^^^^^^^^^^^
> 159 |       /*
      | ^^^^^^^^^^^^^^^^^^^^^^^^^^^^^^^^^^^^^^^^^^^^^^^^^^^^^^^^^^^^^^^^^^^^
> 160 |         Stop paging rather than looping. A failure here leaves the offset where it
      | ^^^^^^^^^^^^^^^^^^^^^^^^^^^^^^^^^^^^^^^^^^^^^^^^^^^^^^^^^^^^^^^^^^^^
> 161 |         was, so the next scroll would ask for the same page again and keep
      | ^^^^^^^^^^^^^^^^^^^^^^^^^^^^^^^^^^^^^^^^^^^^^^^^^^^^^^^^^^^^^^^^^^^^
> 162 |         failing; clearing `hasMore` turns the footer into "End of history" and
      | ^^^^^^^^^^^^^^^^^^^^^^^^^^^^^^^^^^^^^^^^^^^^^^^^^^^^^^^^^^^^^^^^^^^^
> 163 |         leaves a working part of the list rather than an endless spinner.
      | ^^^^^^^^^^^^^^^^^^^^^^^^^^^^^^^^^^^^^^^^^^^^^^^^^^^^^^^^^^^^^^^^^^^^
> 164 |       */
      | ^^^^^^^^^^^^^^^^^^^^^^^^^^^^^^^^^^^^^^^^^^^^^^^^^^^^^^^^^^^^^^^^^^^^
> 165 |       console.warn('[expenses] could not load the next page', error);
      | ^^^^^^^^^^^^^^^^^^^^^^^^^^^^^^^^^^^^^^^^^^^^^^^^^^^^^^^^^^^^^^^^^^^^
> 166 |       setHasMore(false);
      | ^^^^^^^^^^^^^^^^^^^^^^^^^^^^^^^^^^^^^^^^^^^^^^^^^^^^^^^^^^^^^^^^^^^^
> 167 |     } finally {
      | ^^^^^^^^^^^^^^^^^^^^^^^^^^^^^^^^^^^^^^^^^^^^^^^^^^^^^^^^^^^^^^^^^^^^
> 168 |       loadingMore.current = false;
      | ^^^^^^^^^^^^^^^^^^^^^^^^^^^^^^^^^^^^^^^^^^^^^^^^^^^^^^^^^^^^^^^^^^^^
> 169 |     }
      | ^^^^^^ (BuildHIR::lowerStatement) Handle TryStatement with a finalizer ('finally') clause
  170 |   }, [hasMore, rows.length]);
  171 |
  172 |   /*
    at new HIRBuilder (C:\Users\DboxAdmin\skill_projects\expense-tracker\node_modules\babel-plugin-react-compiler\dist\index.js:76126:19)
    at lower (C:\Users\DboxAdmin\skill_projects\expense-tracker\node_modules\babel-plugin-react-compiler\dist\index.js:78097:19)
    at runWithEnvironment (C:\Users\DboxAdmin\skill_projects\expense-tracker\node_modules\babel-plugin-react-compiler\dist\index.js:106368:15)
    at run (C:\Users\DboxAdmin\skill_projects\expense-tracker\node_modules\babel-plugin-react-compiler\dist\index.js:106361:10)
    at compileFn (C:\Users\DboxAdmin\skill_projects\expense-tracker\node_modules\babel-plugin-react-compiler\dist\index.js:106689:10)
    at tryCompileFunction (C:\Users\DboxAdmin\skill_projects\expense-tracker\node_modules\babel-plugin-react-compiler\dist\index.js:107289:19)
    at processFn (C:\Users\DboxAdmin\skill_projects\expense-tracker\node_modules\babel-plugin-react-compiler\dist\index.js:107226:25)
    at compileProgram (C:\Users\DboxAdmin\skill_projects\expense-tracker\node_modules\babel-plugin-react-compiler\dist\index.js:107107:22)
    at PluginPass.enter (C:\Users\DboxAdmin\skill_projects\expense-tracker\node_modules\babel-plugin-react-compiler\dist\index.js:108443:28)
    at newFn (C:\Users\DboxAdmin\skill_projects\expense-tracker\node_modules\@babel\traverse\lib\visitors.js:168:14)
    at NodePath._call (C:\Users\DboxAdmin\skill_projects\expense-tracker\node_modules\@babel\traverse\lib\path\context.js:50:20)
    at NodePath.call (C:\Users\DboxAdmin\skill_projects\expense-tracker\node_modules\@babel\traverse\lib\path\context.js:40:18)
    at NodePath.visit (C:\Users\DboxAdmin\skill_projects\expense-tracker\node_modules\@babel\traverse\lib\path\context.js:87:31)
    at TraversalContext.visitQueue (C:\Users\DboxAdmin\skill_projects\expense-tracker\node_modules\@babel\traverse\lib\context.js:96:16)
    at TraversalContext.visitSingle (C:\Users\DboxAdmin\skill_projects\expense-tracker\node_modules\@babel\traverse\lib\context.js:72:19)
    at TraversalContext.visit (C:\Users\DboxAdmin\skill_projects\expense-tracker\node_modules\@babel\traverse\lib\context.js:119:19)
    at traverseNode (C:\Users\DboxAdmin\skill_projects\expense-tracker\node_modules\@babel\traverse\lib\traverse-node.js:130:17)
    at traverse (C:\Users\DboxAdmin\skill_projects\expense-tracker\node_modules\@babel\traverse\lib\index.js:53:34)
    at transformFile (C:\Users\DboxAdmin\skill_projects\expense-tracker\node_modules\@babel\core\lib\transformation\index.js:79:29)
    at transformFile.next (<anonymous>)
    at run (C:\Users\DboxAdmin\skill_projects\expense-tracker\node_modules\@babel\core\lib\transformation\index.js:25:12)
    at run.next (<anonymous>)
    at transform (C:\Users\DboxAdmin\skill_projects\expense-tracker\node_modules\@babel\core\lib\transform.js:22:33)
    at transform.next (<anonymous>)
    at evaluateSync (C:\Users\DboxAdmin\skill_projects\expense-tracker\node_modules\gensync\index.js:251:28)
    at sync (C:\Users\DboxAdmin\skill_projects\expense-tracker\node_modules\gensync\index.js:89:14)
    at stopHiding - secret - don't use this - v1 (C:\Users\DboxAdmin\skill_projects\expense-tracker\node_modules\@babel\core\lib\errors\rewrite-stack-trace.js:47:12)
    at Object.transformSync (C:\Users\DboxAdmin\skill_projects\expense-tracker\node_modules\@babel\core\lib\transform.js:40:76)
    at parseWithBabel (C:\Users\DboxAdmin\skill_projects\expense-tracker\node_modules\@expo\metro-config\build\transformSync.js:75:18)
    at transformSync (C:\Users\DboxAdmin\skill_projects\expense-tracker\node_modules\@expo\metro-config\build\transformSync.js:54:16)
    at Object.transform (C:\Users\DboxAdmin\skill_projects\expense-tracker\node_modules\@expo\metro-config\build\babel-transformer.js:146:58)
    at transformJSWithBabel (C:\Users\DboxAdmin\skill_projects\expense-tracker\node_modules\@expo\metro-config\build\transform-worker\metro-transform-worker.js:495:47)
    at Object.transform (C:\Users\DboxAdmin\skill_projects\expense-tracker\node_modules\@expo\metro-config\build\transform-worker\metro-transform-worker.js:614:12)
    at Object.transform (C:\Users\DboxAdmin\skill_projects\expense-tracker\node_modules\@expo\metro-config\build\transform-worker\transform-worker.js:179:19)
    at transformFile (C:\Users\DboxAdmin\skill_projects\expense-tracker\node_modules\metro\src\DeltaBundler\Worker.flow.js:67:36)
    at Object.transform (C:\Users\DboxAdmin\skill_projects\expense-tracker\node_modules\metro\src\DeltaBundler\Worker.flow.js:42:10)
    at execFunction (C:\Users\DboxAdmin\skill_projects\expense-tracker\node_modules\jest-worker\build\workers\threadChild.js:167:17)
    at execHelper (C:\Users\DboxAdmin\skill_projects\expense-tracker\node_modules\jest-worker\build\workers\threadChild.js:155:5)
    at execMethod (C:\Users\DboxAdmin\skill_projects\expense-tracker\node_modules\jest-worker\build\workers\threadChild.js:158:5)
    at MessagePort.messageListener (C:\Users\DboxAdmin\skill_projects\expense-tracker\node_modules\jest-worker\build\workers\threadChild.js:52:7)
    at [nodejs.internal.kHybridDispatch] (node:internal/event_target:848:20)
 ERROR  ReactCompilerError: Found 2 errors:

Todo: (BuildHIR::lowerStatement) Handle TryStatement with a finalizer ('finally') clause

  110 |     loadingMore.current = true;
  111 |
> 112 |     try {
      |     ^^^^^
> 113 |       const repository = new ExpenseRepository(await getDatabase());
      | ^^^^^^^^^^^^^^^^^^^^^^^^^^^^^^^^^^^^^^^^^^^^^^^^^^^^^^^^^^^^^^^^^^^^
> 114 |       const page = await repository.listRecent({ limit: EXPENSE_PAGE_SIZE, offset: 0 });
      | ^^^^^^^^^^^^^^^^^^^^^^^^^^^^^^^^^^^^^^^^^^^^^^^^^^^^^^^^^^^^^^^^^^^^
> 115 |
      | ^^^^^^^^^^^^^^^^^^^^^^^^^^^^^^^^^^^^^^^^^^^^^^^^^^^^^^^^^^^^^^^^^^^^
> 116 |       setRows(page.expenses);
      | ^^^^^^^^^^^^^^^^^^^^^^^^^^^^^^^^^^^^^^^^^^^^^^^^^^^^^^^^^^^^^^^^^^^^
> 117 |       setHasMore(page.hasMore);
      | ^^^^^^^^^^^^^^^^^^^^^^^^^^^^^^^^^^^^^^^^^^^^^^^^^^^^^^^^^^^^^^^^^^^^
> 118 |       setStatus('ready');
      | ^^^^^^^^^^^^^^^^^^^^^^^^^^^^^^^^^^^^^^^^^^^^^^^^^^^^^^^^^^^^^^^^^^^^
> 119 |     } catch (error) {
      | ^^^^^^^^^^^^^^^^^^^^^^^^^^^^^^^^^^^^^^^^^^^^^^^^^^^^^^^^^^^^^^^^^^^^
> 120 |       // Rows already on screen are left alone; only a first load with nothing to
      | ^^^^^^^^^^^^^^^^^^^^^^^^^^^^^^^^^^^^^^^^^^^^^^^^^^^^^^^^^^^^^^^^^^^^
> 121 |       // show replaces them with an error.
      | ^^^^^^^^^^^^^^^^^^^^^^^^^^^^^^^^^^^^^^^^^^^^^^^^^^^^^^^^^^^^^^^^^^^^
> 122 |       console.warn('[expenses] could not load the first page', error);
      | ^^^^^^^^^^^^^^^^^^^^^^^^^^^^^^^^^^^^^^^^^^^^^^^^^^^^^^^^^^^^^^^^^^^^
> 123 |
      | ^^^^^^^^^^^^^^^^^^^^^^^^^^^^^^^^^^^^^^^^^^^^^^^^^^^^^^^^^^^^^^^^^^^^
> 124 |       if (rows.length === 0) {
      | ^^^^^^^^^^^^^^^^^^^^^^^^^^^^^^^^^^^^^^^^^^^^^^^^^^^^^^^^^^^^^^^^^^^^
> 125 |         setStatus('error');
      | ^^^^^^^^^^^^^^^^^^^^^^^^^^^^^^^^^^^^^^^^^^^^^^^^^^^^^^^^^^^^^^^^^^^^
> 126 |       }
      | ^^^^^^^^^^^^^^^^^^^^^^^^^^^^^^^^^^^^^^^^^^^^^^^^^^^^^^^^^^^^^^^^^^^^
> 127 |     } finally {
      | ^^^^^^^^^^^^^^^^^^^^^^^^^^^^^^^^^^^^^^^^^^^^^^^^^^^^^^^^^^^^^^^^^^^^
> 128 |       loadingMore.current = false;
      | ^^^^^^^^^^^^^^^^^^^^^^^^^^^^^^^^^^^^^^^^^^^^^^^^^^^^^^^^^^^^^^^^^^^^
> 129 |     }
      | ^^^^^^ (BuildHIR::lowerStatement) Handle TryStatement with a finalizer ('finally') clause
  130 |   }, [rows.length]);
  131 |
  132 |   const loadNextPage = useCallback(async () => {

Todo: (BuildHIR::lowerStatement) Handle TryStatement with a finalizer ('finally') clause

  140 |     loadingMore.current = true;
  141 |
> 142 |     try {
      |     ^^^^^
> 143 |       const repository = new ExpenseRepository(await getDatabase());
      | ^^^^^^^^^^^^^^^^^^^^^^^^^^^^^^^^^^^^^^^^^^^^^^^^^^^^^^^^^^^^^^^^^^^^
> 144 |       const page = await repository.listRecent({
      | ^^^^^^^^^^^^^^^^^^^^^^^^^^^^^^^^^^^^^^^^^^^^^^^^^^^^^^^^^^^^^^^^^^^^
> 145 |         limit: EXPENSE_PAGE_SIZE,
      | ^^^^^^^^^^^^^^^^^^^^^^^^^^^^^^^^^^^^^^^^^^^^^^^^^^^^^^^^^^^^^^^^^^^^
> 146 |         // Read against the rows on screen, not against a separate counter that
      | ^^^^^^^^^^^^^^^^^^^^^^^^^^^^^^^^^^^^^^^^^^^^^^^^^^^^^^^^^^^^^^^^^^^^
> 147 |         // could drift from them.
      | ^^^^^^^^^^^^^^^^^^^^^^^^^^^^^^^^^^^^^^^^^^^^^^^^^^^^^^^^^^^^^^^^^^^^
> 148 |         offset: rows.length,
      | ^^^^^^^^^^^^^^^^^^^^^^^^^^^^^^^^^^^^^^^^^^^^^^^^^^^^^^^^^^^^^^^^^^^^
> 149 |       });
      | ^^^^^^^^^^^^^^^^^^^^^^^^^^^^^^^^^^^^^^^^^^^^^^^^^^^^^^^^^^^^^^^^^^^^
> 150 |
      | ^^^^^^^^^^^^^^^^^^^^^^^^^^^^^^^^^^^^^^^^^^^^^^^^^^^^^^^^^^^^^^^^^^^^
> 151 |       setHasMore(page.hasMore);
      | ^^^^^^^^^^^^^^^^^^^^^^^^^^^^^^^^^^^^^^^^^^^^^^^^^^^^^^^^^^^^^^^^^^^^
> 152 |
      | ^^^^^^^^^^^^^^^^^^^^^^^^^^^^^^^^^^^^^^^^^^^^^^^^^^^^^^^^^^^^^^^^^^^^
> 153 |       if (page.expenses.length > 0) {
      | ^^^^^^^^^^^^^^^^^^^^^^^^^^^^^^^^^^^^^^^^^^^^^^^^^^^^^^^^^^^^^^^^^^^^
> 154 |         // Append. These are the same row objects the query returned, so the
      | ^^^^^^^^^^^^^^^^^^^^^^^^^^^^^^^^^^^^^^^^^^^^^^^^^^^^^^^^^^^^^^^^^^^^
> 155 |         // rows already on screen keep their identity and do not re-render.
      | ^^^^^^^^^^^^^^^^^^^^^^^^^^^^^^^^^^^^^^^^^^^^^^^^^^^^^^^^^^^^^^^^^^^^
> 156 |         setRows((current) => [...current, ...page.expenses]);
      | ^^^^^^^^^^^^^^^^^^^^^^^^^^^^^^^^^^^^^^^^^^^^^^^^^^^^^^^^^^^^^^^^^^^^
> 157 |       }
      | ^^^^^^^^^^^^^^^^^^^^^^^^^^^^^^^^^^^^^^^^^^^^^^^^^^^^^^^^^^^^^^^^^^^^
> 158 |     } catch (error) {
      | ^^^^^^^^^^^^^^^^^^^^^^^^^^^^^^^^^^^^^^^^^^^^^^^^^^^^^^^^^^^^^^^^^^^^
> 159 |       /*
      | ^^^^^^^^^^^^^^^^^^^^^^^^^^^^^^^^^^^^^^^^^^^^^^^^^^^^^^^^^^^^^^^^^^^^
> 160 |         Stop paging rather than looping. A failure here leaves the offset where it
      | ^^^^^^^^^^^^^^^^^^^^^^^^^^^^^^^^^^^^^^^^^^^^^^^^^^^^^^^^^^^^^^^^^^^^
> 161 |         was, so the next scroll would ask for the same page again and keep
      | ^^^^^^^^^^^^^^^^^^^^^^^^^^^^^^^^^^^^^^^^^^^^^^^^^^^^^^^^^^^^^^^^^^^^
> 162 |         failing; clearing `hasMore` turns the footer into "End of history" and
      | ^^^^^^^^^^^^^^^^^^^^^^^^^^^^^^^^^^^^^^^^^^^^^^^^^^^^^^^^^^^^^^^^^^^^
> 163 |         leaves a working part of the list rather than an endless spinner.
      | ^^^^^^^^^^^^^^^^^^^^^^^^^^^^^^^^^^^^^^^^^^^^^^^^^^^^^^^^^^^^^^^^^^^^
> 164 |       */
      | ^^^^^^^^^^^^^^^^^^^^^^^^^^^^^^^^^^^^^^^^^^^^^^^^^^^^^^^^^^^^^^^^^^^^
> 165 |       console.warn('[expenses] could not load the next page', error);
      | ^^^^^^^^^^^^^^^^^^^^^^^^^^^^^^^^^^^^^^^^^^^^^^^^^^^^^^^^^^^^^^^^^^^^
> 166 |       setHasMore(false);
      | ^^^^^^^^^^^^^^^^^^^^^^^^^^^^^^^^^^^^^^^^^^^^^^^^^^^^^^^^^^^^^^^^^^^^
> 167 |     } finally {
      | ^^^^^^^^^^^^^^^^^^^^^^^^^^^^^^^^^^^^^^^^^^^^^^^^^^^^^^^^^^^^^^^^^^^^
> 168 |       loadingMore.current = false;
      | ^^^^^^^^^^^^^^^^^^^^^^^^^^^^^^^^^^^^^^^^^^^^^^^^^^^^^^^^^^^^^^^^^^^^
> 169 |     }
      | ^^^^^^ (BuildHIR::lowerStatement) Handle TryStatement with a finalizer ('finally') clause
  170 |   }, [hasMore, rows.length]);
  171 |
  172 |   /*
    at new HIRBuilder (C:\Users\DboxAdmin\skill_projects\expense-tracker\node_modules\babel-plugin-react-compiler\dist\index.js:76126:19)
    at lower (C:\Users\DboxAdmin\skill_projects\expense-tracker\node_modules\babel-plugin-react-compiler\dist\index.js:78097:19)
    at runWithEnvironment (C:\Users\DboxAdmin\skill_projects\expense-tracker\node_modules\babel-plugin-react-compiler\dist\index.js:106368:15)
    at run (C:\Users\DboxAdmin\skill_projects\expense-tracker\node_modules\babel-plugin-react-compiler\dist\index.js:106361:10)
    at compileFn (C:\Users\DboxAdmin\skill_projects\expense-tracker\node_modules\babel-plugin-react-compiler\dist\index.js:106689:10)
    at tryCompileFunction (C:\Users\DboxAdmin\skill_projects\expense-tracker\node_modules\babel-plugin-react-compiler\dist\index.js:107289:19)
    at processFn (C:\Users\DboxAdmin\skill_projects\expense-tracker\node_modules\babel-plugin-react-compiler\dist\index.js:107226:25)
    at compileProgram (C:\Users\DboxAdmin\skill_projects\expense-tracker\node_modules\babel-plugin-react-compiler\dist\index.js:107107:22)
    at PluginPass.enter (C:\Users\DboxAdmin\skill_projects\expense-tracker\node_modules\babel-plugin-react-compiler\dist\index.js:108443:28)
    at newFn (C:\Users\DboxAdmin\skill_projects\expense-tracker\node_modules\@babel\traverse\lib\visitors.js:168:14)
    at NodePath._call (C:\Users\DboxAdmin\skill_projects\expense-tracker\node_modules\@babel\traverse\lib\path\context.js:50:20)
    at NodePath.call (C:\Users\DboxAdmin\skill_projects\expense-tracker\node_modules\@babel\traverse\lib\path\context.js:40:18)
    at NodePath.visit (C:\Users\DboxAdmin\skill_projects\expense-tracker\node_modules\@babel\traverse\lib\path\context.js:87:31)
    at TraversalContext.visitQueue (C:\Users\DboxAdmin\skill_projects\expense-tracker\node_modules\@babel\traverse\lib\context.js:96:16)
    at TraversalContext.visitSingle (C:\Users\DboxAdmin\skill_projects\expense-tracker\node_modules\@babel\traverse\lib\context.js:72:19)
    at TraversalContext.visit (C:\Users\DboxAdmin\skill_projects\expense-tracker\node_modules\@babel\traverse\lib\context.js:119:19)
    at traverseNode (C:\Users\DboxAdmin\skill_projects\expense-tracker\node_modules\@babel\traverse\lib\traverse-node.js:130:17)
    at traverse (C:\Users\DboxAdmin\skill_projects\expense-tracker\node_modules\@babel\traverse\lib\index.js:53:34)
    at transformFile (C:\Users\DboxAdmin\skill_projects\expense-tracker\node_modules\@babel\core\lib\transformation\index.js:79:29)
    at transformFile.next (<anonymous>)
    at run (C:\Users\DboxAdmin\skill_projects\expense-tracker\node_modules\@babel\core\lib\transformation\index.js:25:12)
    at run.next (<anonymous>)
    at transform (C:\Users\DboxAdmin\skill_projects\expense-tracker\node_modules\@babel\core\lib\transform.js:22:33)
    at transform.next (<anonymous>)
    at evaluateSync (C:\Users\DboxAdmin\skill_projects\expense-tracker\node_modules\gensync\index.js:251:28)
    at sync (C:\Users\DboxAdmin\skill_projects\expense-tracker\node_modules\gensync\index.js:89:14)
    at stopHiding - secret - don't use this - v1 (C:\Users\DboxAdmin\skill_projects\expense-tracker\node_modules\@babel\core\lib\errors\rewrite-stack-trace.js:47:12)
    at Object.transformSync (C:\Users\DboxAdmin\skill_projects\expense-tracker\node_modules\@babel\core\lib\transform.js:40:76)
    at parseWithBabel (C:\Users\DboxAdmin\skill_projects\expense-tracker\node_modules\@expo\metro-config\build\transformSync.js:75:18)
    at transformSync (C:\Users\DboxAdmin\skill_projects\expense-tracker\node_modules\@expo\metro-config\build\transformSync.js:54:16)
    at Object.transform (C:\Users\DboxAdmin\skill_projects\expense-tracker\node_modules\@expo\metro-config\build\babel-transformer.js:146:58)
    at transformJSWithBabel (C:\Users\DboxAdmin\skill_projects\expense-tracker\node_modules\@expo\metro-config\build\transform-worker\metro-transform-worker.js:495:47)
    at Object.transform (C:\Users\DboxAdmin\skill_projects\expense-tracker\node_modules\@expo\metro-config\build\transform-worker\metro-transform-worker.js:614:12)
    at Object.transform (C:\Users\DboxAdmin\skill_projects\expense-tracker\node_modules\@expo\metro-config\build\transform-worker\transform-worker.js:179:19)
    at transformFile (C:\Users\DboxAdmin\skill_projects\expense-tracker\node_modules\metro\src\DeltaBundler\Worker.flow.js:67:36)
    at Object.transform (C:\Users\DboxAdmin\skill_projects\expense-tracker\node_modules\metro\src\DeltaBundler\Worker.flow.js:42:10)
    at execFunction (C:\Users\DboxAdmin\skill_projects\expense-tracker\node_modules\jest-worker\build\workers\threadChild.js:167:17)
    at execHelper (C:\Users\DboxAdmin\skill_projects\expense-tracker\node_modules\jest-worker\build\workers\threadChild.js:155:5)
    at execMethod (C:\Users\DboxAdmin\skill_projects\expense-tracker\node_modules\jest-worker\build\workers\threadChild.js:158:5)
    at MessagePort.messageListener (C:\Users\DboxAdmin\skill_projects\expense-tracker\node_modules\jest-worker\build\workers\threadChild.js:52:7)
    at [nodejs.internal.kHybridDispatch] (node:internal/event_target:848:20)
 ERROR  ReactCompilerError: Found 2 errors:

Todo: (BuildHIR::lowerStatement) Handle TryStatement with a finalizer ('finally') clause

  110 |     loadingMore.current = true;
  111 |
> 112 |     try {
      |     ^^^^^
> 113 |       const repository = new ExpenseRepository(await getDatabase());
      | ^^^^^^^^^^^^^^^^^^^^^^^^^^^^^^^^^^^^^^^^^^^^^^^^^^^^^^^^^^^^^^^^^^^^
> 114 |       const page = await repository.listRecent({ limit: EXPENSE_PAGE_SIZE, offset: 0 });
      | ^^^^^^^^^^^^^^^^^^^^^^^^^^^^^^^^^^^^^^^^^^^^^^^^^^^^^^^^^^^^^^^^^^^^
> 115 |
      | ^^^^^^^^^^^^^^^^^^^^^^^^^^^^^^^^^^^^^^^^^^^^^^^^^^^^^^^^^^^^^^^^^^^^
> 116 |       setRows(page.expenses);
      | ^^^^^^^^^^^^^^^^^^^^^^^^^^^^^^^^^^^^^^^^^^^^^^^^^^^^^^^^^^^^^^^^^^^^
> 117 |       setHasMore(page.hasMore);
      | ^^^^^^^^^^^^^^^^^^^^^^^^^^^^^^^^^^^^^^^^^^^^^^^^^^^^^^^^^^^^^^^^^^^^
> 118 |       setStatus('ready');
      | ^^^^^^^^^^^^^^^^^^^^^^^^^^^^^^^^^^^^^^^^^^^^^^^^^^^^^^^^^^^^^^^^^^^^
> 119 |     } catch (error) {
      | ^^^^^^^^^^^^^^^^^^^^^^^^^^^^^^^^^^^^^^^^^^^^^^^^^^^^^^^^^^^^^^^^^^^^
> 120 |       // Rows already on screen are left alone; only a first load with nothing to
      | ^^^^^^^^^^^^^^^^^^^^^^^^^^^^^^^^^^^^^^^^^^^^^^^^^^^^^^^^^^^^^^^^^^^^
> 121 |       // show replaces them with an error.
      | ^^^^^^^^^^^^^^^^^^^^^^^^^^^^^^^^^^^^^^^^^^^^^^^^^^^^^^^^^^^^^^^^^^^^
> 122 |       console.warn('[expenses] could not load the first page', error);
      | ^^^^^^^^^^^^^^^^^^^^^^^^^^^^^^^^^^^^^^^^^^^^^^^^^^^^^^^^^^^^^^^^^^^^
> 123 |
      | ^^^^^^^^^^^^^^^^^^^^^^^^^^^^^^^^^^^^^^^^^^^^^^^^^^^^^^^^^^^^^^^^^^^^
> 124 |       if (rows.length === 0) {
      | ^^^^^^^^^^^^^^^^^^^^^^^^^^^^^^^^^^^^^^^^^^^^^^^^^^^^^^^^^^^^^^^^^^^^
> 125 |         setStatus('error');
      | ^^^^^^^^^^^^^^^^^^^^^^^^^^^^^^^^^^^^^^^^^^^^^^^^^^^^^^^^^^^^^^^^^^^^
> 126 |       }
      | ^^^^^^^^^^^^^^^^^^^^^^^^^^^^^^^^^^^^^^^^^^^^^^^^^^^^^^^^^^^^^^^^^^^^
> 127 |     } finally {
      | ^^^^^^^^^^^^^^^^^^^^^^^^^^^^^^^^^^^^^^^^^^^^^^^^^^^^^^^^^^^^^^^^^^^^
> 128 |       loadingMore.current = false;
      | ^^^^^^^^^^^^^^^^^^^^^^^^^^^^^^^^^^^^^^^^^^^^^^^^^^^^^^^^^^^^^^^^^^^^
> 129 |     }
      | ^^^^^^ (BuildHIR::lowerStatement) Handle TryStatement with a finalizer ('finally') clause
  130 |   }, [rows.length]);
  131 |
  132 |   const loadNextPage = useCallback(async () => {

Todo: (BuildHIR::lowerStatement) Handle TryStatement with a finalizer ('finally') clause

  140 |     loadingMore.current = true;
  141 |
> 142 |     try {
      |     ^^^^^
> 143 |       const repository = new ExpenseRepository(await getDatabase());
      | ^^^^^^^^^^^^^^^^^^^^^^^^^^^^^^^^^^^^^^^^^^^^^^^^^^^^^^^^^^^^^^^^^^^^
> 144 |       const page = await repository.listRecent({
      | ^^^^^^^^^^^^^^^^^^^^^^^^^^^^^^^^^^^^^^^^^^^^^^^^^^^^^^^^^^^^^^^^^^^^
> 145 |         limit: EXPENSE_PAGE_SIZE,
      | ^^^^^^^^^^^^^^^^^^^^^^^^^^^^^^^^^^^^^^^^^^^^^^^^^^^^^^^^^^^^^^^^^^^^
> 146 |         // Read against the rows on screen, not against a separate counter that
      | ^^^^^^^^^^^^^^^^^^^^^^^^^^^^^^^^^^^^^^^^^^^^^^^^^^^^^^^^^^^^^^^^^^^^
> 147 |         // could drift from them.
      | ^^^^^^^^^^^^^^^^^^^^^^^^^^^^^^^^^^^^^^^^^^^^^^^^^^^^^^^^^^^^^^^^^^^^
> 148 |         offset: rows.length,
      | ^^^^^^^^^^^^^^^^^^^^^^^^^^^^^^^^^^^^^^^^^^^^^^^^^^^^^^^^^^^^^^^^^^^^
> 149 |       });
      | ^^^^^^^^^^^^^^^^^^^^^^^^^^^^^^^^^^^^^^^^^^^^^^^^^^^^^^^^^^^^^^^^^^^^
> 150 |
      | ^^^^^^^^^^^^^^^^^^^^^^^^^^^^^^^^^^^^^^^^^^^^^^^^^^^^^^^^^^^^^^^^^^^^
> 151 |       setHasMore(page.hasMore);
      | ^^^^^^^^^^^^^^^^^^^^^^^^^^^^^^^^^^^^^^^^^^^^^^^^^^^^^^^^^^^^^^^^^^^^
> 152 |
      | ^^^^^^^^^^^^^^^^^^^^^^^^^^^^^^^^^^^^^^^^^^^^^^^^^^^^^^^^^^^^^^^^^^^^
> 153 |       if (page.expenses.length > 0) {
      | ^^^^^^^^^^^^^^^^^^^^^^^^^^^^^^^^^^^^^^^^^^^^^^^^^^^^^^^^^^^^^^^^^^^^
> 154 |         // Append. These are the same row objects the query returned, so the
      | ^^^^^^^^^^^^^^^^^^^^^^^^^^^^^^^^^^^^^^^^^^^^^^^^^^^^^^^^^^^^^^^^^^^^
> 155 |         // rows already on screen keep their identity and do not re-render.
      | ^^^^^^^^^^^^^^^^^^^^^^^^^^^^^^^^^^^^^^^^^^^^^^^^^^^^^^^^^^^^^^^^^^^^
> 156 |         setRows((current) => [...current, ...page.expenses]);
      | ^^^^^^^^^^^^^^^^^^^^^^^^^^^^^^^^^^^^^^^^^^^^^^^^^^^^^^^^^^^^^^^^^^^^
> 157 |       }
      | ^^^^^^^^^^^^^^^^^^^^^^^^^^^^^^^^^^^^^^^^^^^^^^^^^^^^^^^^^^^^^^^^^^^^
> 158 |     } catch (error) {
      | ^^^^^^^^^^^^^^^^^^^^^^^^^^^^^^^^^^^^^^^^^^^^^^^^^^^^^^^^^^^^^^^^^^^^
> 159 |       /*
      | ^^^^^^^^^^^^^^^^^^^^^^^^^^^^^^^^^^^^^^^^^^^^^^^^^^^^^^^^^^^^^^^^^^^^
> 160 |         Stop paging rather than looping. A failure here leaves the offset where it
      | ^^^^^^^^^^^^^^^^^^^^^^^^^^^^^^^^^^^^^^^^^^^^^^^^^^^^^^^^^^^^^^^^^^^^
> 161 |         was, so the next scroll would ask for the same page again and keep
      | ^^^^^^^^^^^^^^^^^^^^^^^^^^^^^^^^^^^^^^^^^^^^^^^^^^^^^^^^^^^^^^^^^^^^
> 162 |         failing; clearing `hasMore` turns the footer into "End of history" and
      | ^^^^^^^^^^^^^^^^^^^^^^^^^^^^^^^^^^^^^^^^^^^^^^^^^^^^^^^^^^^^^^^^^^^^
> 163 |         leaves a working part of the list rather than an endless spinner.
      | ^^^^^^^^^^^^^^^^^^^^^^^^^^^^^^^^^^^^^^^^^^^^^^^^^^^^^^^^^^^^^^^^^^^^
> 164 |       */
      | ^^^^^^^^^^^^^^^^^^^^^^^^^^^^^^^^^^^^^^^^^^^^^^^^^^^^^^^^^^^^^^^^^^^^
> 165 |       console.warn('[expenses] could not load the next page', error);
      | ^^^^^^^^^^^^^^^^^^^^^^^^^^^^^^^^^^^^^^^^^^^^^^^^^^^^^^^^^^^^^^^^^^^^
> 166 |       setHasMore(false);
      | ^^^^^^^^^^^^^^^^^^^^^^^^^^^^^^^^^^^^^^^^^^^^^^^^^^^^^^^^^^^^^^^^^^^^
> 167 |     } finally {
      | ^^^^^^^^^^^^^^^^^^^^^^^^^^^^^^^^^^^^^^^^^^^^^^^^^^^^^^^^^^^^^^^^^^^^
> 168 |       loadingMore.current = false;
      | ^^^^^^^^^^^^^^^^^^^^^^^^^^^^^^^^^^^^^^^^^^^^^^^^^^^^^^^^^^^^^^^^^^^^
> 169 |     }
      | ^^^^^^ (BuildHIR::lowerStatement) Handle TryStatement with a finalizer ('finally') clause
  170 |   }, [hasMore, rows.length]);
  171 |
  172 |   /*
    at new HIRBuilder (C:\Users\DboxAdmin\skill_projects\expense-tracker\node_modules\babel-plugin-react-compiler\dist\index.js:76126:19)
    at lower (C:\Users\DboxAdmin\skill_projects\expense-tracker\node_modules\babel-plugin-react-compiler\dist\index.js:78097:19)
    at runWithEnvironment (C:\Users\DboxAdmin\skill_projects\expense-tracker\node_modules\babel-plugin-react-compiler\dist\index.js:106368:15)
    at run (C:\Users\DboxAdmin\skill_projects\expense-tracker\node_modules\babel-plugin-react-compiler\dist\index.js:106361:10)
    at compileFn (C:\Users\DboxAdmin\skill_projects\expense-tracker\node_modules\babel-plugin-react-compiler\dist\index.js:106689:10)
    at tryCompileFunction (C:\Users\DboxAdmin\skill_projects\expense-tracker\node_modules\babel-plugin-react-compiler\dist\index.js:107289:19)
    at processFn (C:\Users\DboxAdmin\skill_projects\expense-tracker\node_modules\babel-plugin-react-compiler\dist\index.js:107226:25)
    at compileProgram (C:\Users\DboxAdmin\skill_projects\expense-tracker\node_modules\babel-plugin-react-compiler\dist\index.js:107107:22)
    at PluginPass.enter (C:\Users\DboxAdmin\skill_projects\expense-tracker\node_modules\babel-plugin-react-compiler\dist\index.js:108443:28)
    at newFn (C:\Users\DboxAdmin\skill_projects\expense-tracker\node_modules\@babel\traverse\lib\visitors.js:168:14)
    at NodePath._call (C:\Users\DboxAdmin\skill_projects\expense-tracker\node_modules\@babel\traverse\lib\path\context.js:50:20)
    at NodePath.call (C:\Users\DboxAdmin\skill_projects\expense-tracker\node_modules\@babel\traverse\lib\path\context.js:40:18)
    at NodePath.visit (C:\Users\DboxAdmin\skill_projects\expense-tracker\node_modules\@babel\traverse\lib\path\context.js:87:31)
    at TraversalContext.visitQueue (C:\Users\DboxAdmin\skill_projects\expense-tracker\node_modules\@babel\traverse\lib\context.js:96:16)
    at TraversalContext.visitSingle (C:\Users\DboxAdmin\skill_projects\expense-tracker\node_modules\@babel\traverse\lib\context.js:72:19)
    at TraversalContext.visit (C:\Users\DboxAdmin\skill_projects\expense-tracker\node_modules\@babel\traverse\lib\context.js:119:19)
    at traverseNode (C:\Users\DboxAdmin\skill_projects\expense-tracker\node_modules\@babel\traverse\lib\traverse-node.js:130:17)
    at traverse (C:\Users\DboxAdmin\skill_projects\expense-tracker\node_modules\@babel\traverse\lib\index.js:53:34)
    at transformFile (C:\Users\DboxAdmin\skill_projects\expense-tracker\node_modules\@babel\core\lib\transformation\index.js:79:29)
    at transformFile.next (<anonymous>)
    at run (C:\Users\DboxAdmin\skill_projects\expense-tracker\node_modules\@babel\core\lib\transformation\index.js:25:12)
    at run.next (<anonymous>)
    at transform (C:\Users\DboxAdmin\skill_projects\expense-tracker\node_modules\@babel\core\lib\transform.js:22:33)
    at transform.next (<anonymous>)
    at evaluateSync (C:\Users\DboxAdmin\skill_projects\expense-tracker\node_modules\gensync\index.js:251:28)
    at sync (C:\Users\DboxAdmin\skill_projects\expense-tracker\node_modules\gensync\index.js:89:14)
    at stopHiding - secret - don't use this - v1 (C:\Users\DboxAdmin\skill_projects\expense-tracker\node_modules\@babel\core\lib\errors\rewrite-stack-trace.js:47:12)
    at Object.transformSync (C:\Users\DboxAdmin\skill_projects\expense-tracker\node_modules\@babel\core\lib\transform.js:40:76)
    at parseWithBabel (C:\Users\DboxAdmin\skill_projects\expense-tracker\node_modules\@expo\metro-config\build\transformSync.js:75:18)
    at transformSync (C:\Users\DboxAdmin\skill_projects\expense-tracker\node_modules\@expo\metro-config\build\transformSync.js:54:16)
    at Object.transform (C:\Users\DboxAdmin\skill_projects\expense-tracker\node_modules\@expo\metro-config\build\babel-transformer.js:146:58)
    at transformJSWithBabel (C:\Users\DboxAdmin\skill_projects\expense-tracker\node_modules\@expo\metro-config\build\transform-worker\metro-transform-worker.js:495:47)
    at Object.transform (C:\Users\DboxAdmin\skill_projects\expense-tracker\node_modules\@expo\metro-config\build\transform-worker\metro-transform-worker.js:614:12)
    at Object.transform (C:\Users\DboxAdmin\skill_projects\expense-tracker\node_modules\@expo\metro-config\build\transform-worker\transform-worker.js:179:19)
    at transformFile (C:\Users\DboxAdmin\skill_projects\expense-tracker\node_modules\metro\src\DeltaBundler\Worker.flow.js:67:36)
    at Object.transform (C:\Users\DboxAdmin\skill_projects\expense-tracker\node_modules\metro\src\DeltaBundler\Worker.flow.js:42:10)
    at execFunction (C:\Users\DboxAdmin\skill_projects\expense-tracker\node_modules\jest-worker\build\workers\threadChild.js:167:17)
    at execHelper (C:\Users\DboxAdmin\skill_projects\expense-tracker\node_modules\jest-worker\build\workers\threadChild.js:155:5)
    at execMethod (C:\Users\DboxAdmin\skill_projects\expense-tracker\node_modules\jest-worker\build\workers\threadChild.js:158:5)
    at MessagePort.messageListener (C:\Users\DboxAdmin\skill_projects\expense-tracker\node_modules\jest-worker\build\workers\threadChild.js:52:7)
    at [nodejs.internal.kHybridDispatch] (node:internal/event_target:848:20)
 ERROR  ReactCompilerError: Found 2 errors:

Todo: (BuildHIR::lowerStatement) Handle TryStatement with a finalizer ('finally') clause

  110 |     loadingMore.current = true;
  111 |
> 112 |     try {
      |     ^^^^^
> 113 |       const repository = new ExpenseRepository(await getDatabase());
      | ^^^^^^^^^^^^^^^^^^^^^^^^^^^^^^^^^^^^^^^^^^^^^^^^^^^^^^^^^^^^^^^^^^^^
> 114 |       const page = await repository.listRecent({ limit: EXPENSE_PAGE_SIZE, offset: 0 });
      | ^^^^^^^^^^^^^^^^^^^^^^^^^^^^^^^^^^^^^^^^^^^^^^^^^^^^^^^^^^^^^^^^^^^^
> 115 |
      | ^^^^^^^^^^^^^^^^^^^^^^^^^^^^^^^^^^^^^^^^^^^^^^^^^^^^^^^^^^^^^^^^^^^^
> 116 |       setRows(page.expenses);
      | ^^^^^^^^^^^^^^^^^^^^^^^^^^^^^^^^^^^^^^^^^^^^^^^^^^^^^^^^^^^^^^^^^^^^
> 117 |       setHasMore(page.hasMore);
      | ^^^^^^^^^^^^^^^^^^^^^^^^^^^^^^^^^^^^^^^^^^^^^^^^^^^^^^^^^^^^^^^^^^^^
> 118 |       setStatus('ready');
      | ^^^^^^^^^^^^^^^^^^^^^^^^^^^^^^^^^^^^^^^^^^^^^^^^^^^^^^^^^^^^^^^^^^^^
> 119 |     } catch (error) {
      | ^^^^^^^^^^^^^^^^^^^^^^^^^^^^^^^^^^^^^^^^^^^^^^^^^^^^^^^^^^^^^^^^^^^^
> 120 |       // Rows already on screen are left alone; only a first load with nothing to
      | ^^^^^^^^^^^^^^^^^^^^^^^^^^^^^^^^^^^^^^^^^^^^^^^^^^^^^^^^^^^^^^^^^^^^
> 121 |       // show replaces them with an error.
      | ^^^^^^^^^^^^^^^^^^^^^^^^^^^^^^^^^^^^^^^^^^^^^^^^^^^^^^^^^^^^^^^^^^^^
> 122 |       console.warn('[expenses] could not load the first page', error);
      | ^^^^^^^^^^^^^^^^^^^^^^^^^^^^^^^^^^^^^^^^^^^^^^^^^^^^^^^^^^^^^^^^^^^^
> 123 |
      | ^^^^^^^^^^^^^^^^^^^^^^^^^^^^^^^^^^^^^^^^^^^^^^^^^^^^^^^^^^^^^^^^^^^^
> 124 |       if (rows.length === 0) {
      | ^^^^^^^^^^^^^^^^^^^^^^^^^^^^^^^^^^^^^^^^^^^^^^^^^^^^^^^^^^^^^^^^^^^^
> 125 |         setStatus('error');
      | ^^^^^^^^^^^^^^^^^^^^^^^^^^^^^^^^^^^^^^^^^^^^^^^^^^^^^^^^^^^^^^^^^^^^
> 126 |       }
      | ^^^^^^^^^^^^^^^^^^^^^^^^^^^^^^^^^^^^^^^^^^^^^^^^^^^^^^^^^^^^^^^^^^^^
> 127 |     } finally {
      | ^^^^^^^^^^^^^^^^^^^^^^^^^^^^^^^^^^^^^^^^^^^^^^^^^^^^^^^^^^^^^^^^^^^^
> 128 |       loadingMore.current = false;
      | ^^^^^^^^^^^^^^^^^^^^^^^^^^^^^^^^^^^^^^^^^^^^^^^^^^^^^^^^^^^^^^^^^^^^
> 129 |     }
      | ^^^^^^ (BuildHIR::lowerStatement) Handle TryStatement with a finalizer ('finally') clause
  130 |   }, [rows.length]);
  131 |
  132 |   const loadNextPage = useCallback(async () => {

Todo: (BuildHIR::lowerStatement) Handle TryStatement with a finalizer ('finally') clause

  140 |     loadingMore.current = true;
  141 |
> 142 |     try {
      |     ^^^^^
> 143 |       const repository = new ExpenseRepository(await getDatabase());
      | ^^^^^^^^^^^^^^^^^^^^^^^^^^^^^^^^^^^^^^^^^^^^^^^^^^^^^^^^^^^^^^^^^^^^
> 144 |       const page = await repository.listRecent({
      | ^^^^^^^^^^^^^^^^^^^^^^^^^^^^^^^^^^^^^^^^^^^^^^^^^^^^^^^^^^^^^^^^^^^^
> 145 |         limit: EXPENSE_PAGE_SIZE,
      | ^^^^^^^^^^^^^^^^^^^^^^^^^^^^^^^^^^^^^^^^^^^^^^^^^^^^^^^^^^^^^^^^^^^^
> 146 |         // Read against the rows on screen, not against a separate counter that
      | ^^^^^^^^^^^^^^^^^^^^^^^^^^^^^^^^^^^^^^^^^^^^^^^^^^^^^^^^^^^^^^^^^^^^
> 147 |         // could drift from them.
      | ^^^^^^^^^^^^^^^^^^^^^^^^^^^^^^^^^^^^^^^^^^^^^^^^^^^^^^^^^^^^^^^^^^^^
> 148 |         offset: rows.length,
      | ^^^^^^^^^^^^^^^^^^^^^^^^^^^^^^^^^^^^^^^^^^^^^^^^^^^^^^^^^^^^^^^^^^^^
> 149 |       });
      | ^^^^^^^^^^^^^^^^^^^^^^^^^^^^^^^^^^^^^^^^^^^^^^^^^^^^^^^^^^^^^^^^^^^^
> 150 |
      | ^^^^^^^^^^^^^^^^^^^^^^^^^^^^^^^^^^^^^^^^^^^^^^^^^^^^^^^^^^^^^^^^^^^^
> 151 |       setHasMore(page.hasMore);
      | ^^^^^^^^^^^^^^^^^^^^^^^^^^^^^^^^^^^^^^^^^^^^^^^^^^^^^^^^^^^^^^^^^^^^
> 152 |
      | ^^^^^^^^^^^^^^^^^^^^^^^^^^^^^^^^^^^^^^^^^^^^^^^^^^^^^^^^^^^^^^^^^^^^
> 153 |       if (page.expenses.length > 0) {
      | ^^^^^^^^^^^^^^^^^^^^^^^^^^^^^^^^^^^^^^^^^^^^^^^^^^^^^^^^^^^^^^^^^^^^
> 154 |         // Append. These are the same row objects the query returned, so the
      | ^^^^^^^^^^^^^^^^^^^^^^^^^^^^^^^^^^^^^^^^^^^^^^^^^^^^^^^^^^^^^^^^^^^^
> 155 |         // rows already on screen keep their identity and do not re-render.
      | ^^^^^^^^^^^^^^^^^^^^^^^^^^^^^^^^^^^^^^^^^^^^^^^^^^^^^^^^^^^^^^^^^^^^
> 156 |         setRows((current) => [...current, ...page.expenses]);
      | ^^^^^^^^^^^^^^^^^^^^^^^^^^^^^^^^^^^^^^^^^^^^^^^^^^^^^^^^^^^^^^^^^^^^
> 157 |       }
      | ^^^^^^^^^^^^^^^^^^^^^^^^^^^^^^^^^^^^^^^^^^^^^^^^^^^^^^^^^^^^^^^^^^^^
> 158 |     } catch (error) {
      | ^^^^^^^^^^^^^^^^^^^^^^^^^^^^^^^^^^^^^^^^^^^^^^^^^^^^^^^^^^^^^^^^^^^^
> 159 |       /*
      | ^^^^^^^^^^^^^^^^^^^^^^^^^^^^^^^^^^^^^^^^^^^^^^^^^^^^^^^^^^^^^^^^^^^^
> 160 |         Stop paging rather than looping. A failure here leaves the offset where it
      | ^^^^^^^^^^^^^^^^^^^^^^^^^^^^^^^^^^^^^^^^^^^^^^^^^^^^^^^^^^^^^^^^^^^^
> 161 |         was, so the next scroll would ask for the same page again and keep
      | ^^^^^^^^^^^^^^^^^^^^^^^^^^^^^^^^^^^^^^^^^^^^^^^^^^^^^^^^^^^^^^^^^^^^
> 162 |         failing; clearing `hasMore` turns the footer into "End of history" and
      | ^^^^^^^^^^^^^^^^^^^^^^^^^^^^^^^^^^^^^^^^^^^^^^^^^^^^^^^^^^^^^^^^^^^^
> 163 |         leaves a working part of the list rather than an endless spinner.
      | ^^^^^^^^^^^^^^^^^^^^^^^^^^^^^^^^^^^^^^^^^^^^^^^^^^^^^^^^^^^^^^^^^^^^
> 164 |       */
      | ^^^^^^^^^^^^^^^^^^^^^^^^^^^^^^^^^^^^^^^^^^^^^^^^^^^^^^^^^^^^^^^^^^^^
> 165 |       console.warn('[expenses] could not load the next page', error);
      | ^^^^^^^^^^^^^^^^^^^^^^^^^^^^^^^^^^^^^^^^^^^^^^^^^^^^^^^^^^^^^^^^^^^^
> 166 |       setHasMore(false);
      | ^^^^^^^^^^^^^^^^^^^^^^^^^^^^^^^^^^^^^^^^^^^^^^^^^^^^^^^^^^^^^^^^^^^^
> 167 |     } finally {
      | ^^^^^^^^^^^^^^^^^^^^^^^^^^^^^^^^^^^^^^^^^^^^^^^^^^^^^^^^^^^^^^^^^^^^
> 168 |       loadingMore.current = false;
      | ^^^^^^^^^^^^^^^^^^^^^^^^^^^^^^^^^^^^^^^^^^^^^^^^^^^^^^^^^^^^^^^^^^^^
> 169 |     }
      | ^^^^^^ (BuildHIR::lowerStatement) Handle TryStatement with a finalizer ('finally') clause
  170 |   }, [hasMore, rows.length]);
  171 |
  172 |   /*
    at new HIRBuilder (C:\Users\DboxAdmin\skill_projects\expense-tracker\node_modules\babel-plugin-react-compiler\dist\index.js:76126:19)
    at lower (C:\Users\DboxAdmin\skill_projects\expense-tracker\node_modules\babel-plugin-react-compiler\dist\index.js:78097:19)
    at runWithEnvironment (C:\Users\DboxAdmin\skill_projects\expense-tracker\node_modules\babel-plugin-react-compiler\dist\index.js:106368:15)
    at run (C:\Users\DboxAdmin\skill_projects\expense-tracker\node_modules\babel-plugin-react-compiler\dist\index.js:106361:10)
    at compileFn (C:\Users\DboxAdmin\skill_projects\expense-tracker\node_modules\babel-plugin-react-compiler\dist\index.js:106689:10)
    at tryCompileFunction (C:\Users\DboxAdmin\skill_projects\expense-tracker\node_modules\babel-plugin-react-compiler\dist\index.js:107289:19)
    at processFn (C:\Users\DboxAdmin\skill_projects\expense-tracker\node_modules\babel-plugin-react-compiler\dist\index.js:107226:25)
    at compileProgram (C:\Users\DboxAdmin\skill_projects\expense-tracker\node_modules\babel-plugin-react-compiler\dist\index.js:107107:22)
    at PluginPass.enter (C:\Users\DboxAdmin\skill_projects\expense-tracker\node_modules\babel-plugin-react-compiler\dist\index.js:108443:28)
    at newFn (C:\Users\DboxAdmin\skill_projects\expense-tracker\node_modules\@babel\traverse\lib\visitors.js:168:14)
    at NodePath._call (C:\Users\DboxAdmin\skill_projects\expense-tracker\node_modules\@babel\traverse\lib\path\context.js:50:20)
    at NodePath.call (C:\Users\DboxAdmin\skill_projects\expense-tracker\node_modules\@babel\traverse\lib\path\context.js:40:18)
    at NodePath.visit (C:\Users\DboxAdmin\skill_projects\expense-tracker\node_modules\@babel\traverse\lib\path\context.js:87:31)
    at TraversalContext.visitQueue (C:\Users\DboxAdmin\skill_projects\expense-tracker\node_modules\@babel\traverse\lib\context.js:96:16)
    at TraversalContext.visitSingle (C:\Users\DboxAdmin\skill_projects\expense-tracker\node_modules\@babel\traverse\lib\context.js:72:19)
    at TraversalContext.visit (C:\Users\DboxAdmin\skill_projects\expense-tracker\node_modules\@babel\traverse\lib\context.js:119:19)
    at traverseNode (C:\Users\DboxAdmin\skill_projects\expense-tracker\node_modules\@babel\traverse\lib\traverse-node.js:130:17)
    at traverse (C:\Users\DboxAdmin\skill_projects\expense-tracker\node_modules\@babel\traverse\lib\index.js:53:34)
    at transformFile (C:\Users\DboxAdmin\skill_projects\expense-tracker\node_modules\@babel\core\lib\transformation\index.js:79:29)
    at transformFile.next (<anonymous>)
    at run (C:\Users\DboxAdmin\skill_projects\expense-tracker\node_modules\@babel\core\lib\transformation\index.js:25:12)
    at run.next (<anonymous>)
    at transform (C:\Users\DboxAdmin\skill_projects\expense-tracker\node_modules\@babel\core\lib\transform.js:22:33)
    at transform.next (<anonymous>)
    at evaluateSync (C:\Users\DboxAdmin\skill_projects\expense-tracker\node_modules\gensync\index.js:251:28)
    at sync (C:\Users\DboxAdmin\skill_projects\expense-tracker\node_modules\gensync\index.js:89:14)
    at stopHiding - secret - don't use this - v1 (C:\Users\DboxAdmin\skill_projects\expense-tracker\node_modules\@babel\core\lib\errors\rewrite-stack-trace.js:47:12)
    at Object.transformSync (C:\Users\DboxAdmin\skill_projects\expense-tracker\node_modules\@babel\core\lib\transform.js:40:76)
    at parseWithBabel (C:\Users\DboxAdmin\skill_projects\expense-tracker\node_modules\@expo\metro-config\build\transformSync.js:75:18)
    at transformSync (C:\Users\DboxAdmin\skill_projects\expense-tracker\node_modules\@expo\metro-config\build\transformSync.js:54:16)
    at Object.transform (C:\Users\DboxAdmin\skill_projects\expense-tracker\node_modules\@expo\metro-config\build\babel-transformer.js:146:58)
    at transformJSWithBabel (C:\Users\DboxAdmin\skill_projects\expense-tracker\node_modules\@expo\metro-config\build\transform-worker\metro-transform-worker.js:495:47)
    at Object.transform (C:\Users\DboxAdmin\skill_projects\expense-tracker\node_modules\@expo\metro-config\build\transform-worker\metro-transform-worker.js:614:12)
    at Object.transform (C:\Users\DboxAdmin\skill_projects\expense-tracker\node_modules\@expo\metro-config\build\transform-worker\transform-worker.js:179:19)
    at transformFile (C:\Users\DboxAdmin\skill_projects\expense-tracker\node_modules\metro\src\DeltaBundler\Worker.flow.js:67:36)
    at Object.transform (C:\Users\DboxAdmin\skill_projects\expense-tracker\node_modules\metro\src\DeltaBundler\Worker.flow.js:42:10)
    at execFunction (C:\Users\DboxAdmin\skill_projects\expense-tracker\node_modules\jest-worker\build\workers\threadChild.js:167:17)
    at execHelper (C:\Users\DboxAdmin\skill_projects\expense-tracker\node_modules\jest-worker\build\workers\threadChild.js:155:5)
    at execMethod (C:\Users\DboxAdmin\skill_projects\expense-tracker\node_modules\jest-worker\build\workers\threadChild.js:158:5)
    at MessagePort.messageListener (C:\Users\DboxAdmin\skill_projects\expense-tracker\node_modules\jest-worker\build\workers\threadChild.js:52:7)
    at [nodejs.internal.kHybridDispatch] (node:internal/event_target:848:20)
 ERROR  ReactCompilerError: Found 2 errors:

Todo: (BuildHIR::lowerStatement) Handle TryStatement with a finalizer ('finally') clause

  110 |     loadingMore.current = true;
  111 |
> 112 |     try {
      |     ^^^^^
> 113 |       const repository = new ExpenseRepository(await getDatabase());
      | ^^^^^^^^^^^^^^^^^^^^^^^^^^^^^^^^^^^^^^^^^^^^^^^^^^^^^^^^^^^^^^^^^^^^
> 114 |       const page = await repository.listRecent({ limit: EXPENSE_PAGE_SIZE, offset: 0 });
      | ^^^^^^^^^^^^^^^^^^^^^^^^^^^^^^^^^^^^^^^^^^^^^^^^^^^^^^^^^^^^^^^^^^^^
> 115 |
      | ^^^^^^^^^^^^^^^^^^^^^^^^^^^^^^^^^^^^^^^^^^^^^^^^^^^^^^^^^^^^^^^^^^^^
> 116 |       setRows(page.expenses);
      | ^^^^^^^^^^^^^^^^^^^^^^^^^^^^^^^^^^^^^^^^^^^^^^^^^^^^^^^^^^^^^^^^^^^^
> 117 |       setHasMore(page.hasMore);
      | ^^^^^^^^^^^^^^^^^^^^^^^^^^^^^^^^^^^^^^^^^^^^^^^^^^^^^^^^^^^^^^^^^^^^
> 118 |       setStatus('ready');
      | ^^^^^^^^^^^^^^^^^^^^^^^^^^^^^^^^^^^^^^^^^^^^^^^^^^^^^^^^^^^^^^^^^^^^
> 119 |     } catch (error) {
      | ^^^^^^^^^^^^^^^^^^^^^^^^^^^^^^^^^^^^^^^^^^^^^^^^^^^^^^^^^^^^^^^^^^^^
> 120 |       // Rows already on screen are left alone; only a first load with nothing to
      | ^^^^^^^^^^^^^^^^^^^^^^^^^^^^^^^^^^^^^^^^^^^^^^^^^^^^^^^^^^^^^^^^^^^^
> 121 |       // show replaces them with an error.
      | ^^^^^^^^^^^^^^^^^^^^^^^^^^^^^^^^^^^^^^^^^^^^^^^^^^^^^^^^^^^^^^^^^^^^
> 122 |       console.warn('[expenses] could not load the first page', error);
      | ^^^^^^^^^^^^^^^^^^^^^^^^^^^^^^^^^^^^^^^^^^^^^^^^^^^^^^^^^^^^^^^^^^^^
> 123 |
      | ^^^^^^^^^^^^^^^^^^^^^^^^^^^^^^^^^^^^^^^^^^^^^^^^^^^^^^^^^^^^^^^^^^^^
> 124 |       if (rows.length === 0) {
      | ^^^^^^^^^^^^^^^^^^^^^^^^^^^^^^^^^^^^^^^^^^^^^^^^^^^^^^^^^^^^^^^^^^^^
> 125 |         setStatus('error');
      | ^^^^^^^^^^^^^^^^^^^^^^^^^^^^^^^^^^^^^^^^^^^^^^^^^^^^^^^^^^^^^^^^^^^^
> 126 |       }
      | ^^^^^^^^^^^^^^^^^^^^^^^^^^^^^^^^^^^^^^^^^^^^^^^^^^^^^^^^^^^^^^^^^^^^
> 127 |     } finally {
      | ^^^^^^^^^^^^^^^^^^^^^^^^^^^^^^^^^^^^^^^^^^^^^^^^^^^^^^^^^^^^^^^^^^^^
> 128 |       loadingMore.current = false;
      | ^^^^^^^^^^^^^^^^^^^^^^^^^^^^^^^^^^^^^^^^^^^^^^^^^^^^^^^^^^^^^^^^^^^^
> 129 |     }
      | ^^^^^^ (BuildHIR::lowerStatement) Handle TryStatement with a finalizer ('finally') clause
  130 |   }, [rows.length]);
  131 |
  132 |   const loadNextPage = useCallback(async () => {

Todo: (BuildHIR::lowerStatement) Handle TryStatement with a finalizer ('finally') clause

  140 |     loadingMore.current = true;
  141 |
> 142 |     try {
      |     ^^^^^
> 143 |       const repository = new ExpenseRepository(await getDatabase());
      | ^^^^^^^^^^^^^^^^^^^^^^^^^^^^^^^^^^^^^^^^^^^^^^^^^^^^^^^^^^^^^^^^^^^^
> 144 |       const page = await repository.listRecent({
      | ^^^^^^^^^^^^^^^^^^^^^^^^^^^^^^^^^^^^^^^^^^^^^^^^^^^^^^^^^^^^^^^^^^^^
> 145 |         limit: EXPENSE_PAGE_SIZE,
      | ^^^^^^^^^^^^^^^^^^^^^^^^^^^^^^^^^^^^^^^^^^^^^^^^^^^^^^^^^^^^^^^^^^^^
> 146 |         // Read against the rows on screen, not against a separate counter that
      | ^^^^^^^^^^^^^^^^^^^^^^^^^^^^^^^^^^^^^^^^^^^^^^^^^^^^^^^^^^^^^^^^^^^^
> 147 |         // could drift from them.
      | ^^^^^^^^^^^^^^^^^^^^^^^^^^^^^^^^^^^^^^^^^^^^^^^^^^^^^^^^^^^^^^^^^^^^
> 148 |         offset: rows.length,
      | ^^^^^^^^^^^^^^^^^^^^^^^^^^^^^^^^^^^^^^^^^^^^^^^^^^^^^^^^^^^^^^^^^^^^
> 149 |       });
      | ^^^^^^^^^^^^^^^^^^^^^^^^^^^^^^^^^^^^^^^^^^^^^^^^^^^^^^^^^^^^^^^^^^^^
> 150 |
      | ^^^^^^^^^^^^^^^^^^^^^^^^^^^^^^^^^^^^^^^^^^^^^^^^^^^^^^^^^^^^^^^^^^^^
> 151 |       setHasMore(page.hasMore);
      | ^^^^^^^^^^^^^^^^^^^^^^^^^^^^^^^^^^^^^^^^^^^^^^^^^^^^^^^^^^^^^^^^^^^^
> 152 |
      | ^^^^^^^^^^^^^^^^^^^^^^^^^^^^^^^^^^^^^^^^^^^^^^^^^^^^^^^^^^^^^^^^^^^^
> 153 |       if (page.expenses.length > 0) {
      | ^^^^^^^^^^^^^^^^^^^^^^^^^^^^^^^^^^^^^^^^^^^^^^^^^^^^^^^^^^^^^^^^^^^^
> 154 |         // Append. These are the same row objects the query returned, so the
      | ^^^^^^^^^^^^^^^^^^^^^^^^^^^^^^^^^^^^^^^^^^^^^^^^^^^^^^^^^^^^^^^^^^^^
> 155 |         // rows already on screen keep their identity and do not re-render.
      | ^^^^^^^^^^^^^^^^^^^^^^^^^^^^^^^^^^^^^^^^^^^^^^^^^^^^^^^^^^^^^^^^^^^^
> 156 |         setRows((current) => [...current, ...page.expenses]);
      | ^^^^^^^^^^^^^^^^^^^^^^^^^^^^^^^^^^^^^^^^^^^^^^^^^^^^^^^^^^^^^^^^^^^^
> 157 |       }
      | ^^^^^^^^^^^^^^^^^^^^^^^^^^^^^^^^^^^^^^^^^^^^^^^^^^^^^^^^^^^^^^^^^^^^
> 158 |     } catch (error) {
      | ^^^^^^^^^^^^^^^^^^^^^^^^^^^^^^^^^^^^^^^^^^^^^^^^^^^^^^^^^^^^^^^^^^^^
> 159 |       /*
      | ^^^^^^^^^^^^^^^^^^^^^^^^^^^^^^^^^^^^^^^^^^^^^^^^^^^^^^^^^^^^^^^^^^^^
> 160 |         Stop paging rather than looping. A failure here leaves the offset where it
      | ^^^^^^^^^^^^^^^^^^^^^^^^^^^^^^^^^^^^^^^^^^^^^^^^^^^^^^^^^^^^^^^^^^^^
> 161 |         was, so the next scroll would ask for the same page again and keep
      | ^^^^^^^^^^^^^^^^^^^^^^^^^^^^^^^^^^^^^^^^^^^^^^^^^^^^^^^^^^^^^^^^^^^^
> 162 |         failing; clearing `hasMore` turns the footer into "End of history" and
      | ^^^^^^^^^^^^^^^^^^^^^^^^^^^^^^^^^^^^^^^^^^^^^^^^^^^^^^^^^^^^^^^^^^^^
> 163 |         leaves a working part of the list rather than an endless spinner.
      | ^^^^^^^^^^^^^^^^^^^^^^^^^^^^^^^^^^^^^^^^^^^^^^^^^^^^^^^^^^^^^^^^^^^^
> 164 |       */
      | ^^^^^^^^^^^^^^^^^^^^^^^^^^^^^^^^^^^^^^^^^^^^^^^^^^^^^^^^^^^^^^^^^^^^
> 165 |       console.warn('[expenses] could not load the next page', error);
      | ^^^^^^^^^^^^^^^^^^^^^^^^^^^^^^^^^^^^^^^^^^^^^^^^^^^^^^^^^^^^^^^^^^^^
> 166 |       setHasMore(false);
      | ^^^^^^^^^^^^^^^^^^^^^^^^^^^^^^^^^^^^^^^^^^^^^^^^^^^^^^^^^^^^^^^^^^^^
> 167 |     } finally {
      | ^^^^^^^^^^^^^^^^^^^^^^^^^^^^^^^^^^^^^^^^^^^^^^^^^^^^^^^^^^^^^^^^^^^^
> 168 |       loadingMore.current = false;
      | ^^^^^^^^^^^^^^^^^^^^^^^^^^^^^^^^^^^^^^^^^^^^^^^^^^^^^^^^^^^^^^^^^^^^
> 169 |     }
      | ^^^^^^ (BuildHIR::lowerStatement) Handle TryStatement with a finalizer ('finally') clause
  170 |   }, [hasMore, rows.length]);
  171 |
  172 |   /*
    at new HIRBuilder (C:\Users\DboxAdmin\skill_projects\expense-tracker\node_modules\babel-plugin-react-compiler\dist\index.js:76126:19)
    at lower (C:\Users\DboxAdmin\skill_projects\expense-tracker\node_modules\babel-plugin-react-compiler\dist\index.js:78097:19)
    at runWithEnvironment (C:\Users\DboxAdmin\skill_projects\expense-tracker\node_modules\babel-plugin-react-compiler\dist\index.js:106368:15)
    at run (C:\Users\DboxAdmin\skill_projects\expense-tracker\node_modules\babel-plugin-react-compiler\dist\index.js:106361:10)
    at compileFn (C:\Users\DboxAdmin\skill_projects\expense-tracker\node_modules\babel-plugin-react-compiler\dist\index.js:106689:10)
    at tryCompileFunction (C:\Users\DboxAdmin\skill_projects\expense-tracker\node_modules\babel-plugin-react-compiler\dist\index.js:107289:19)
    at processFn (C:\Users\DboxAdmin\skill_projects\expense-tracker\node_modules\babel-plugin-react-compiler\dist\index.js:107226:25)
    at compileProgram (C:\Users\DboxAdmin\skill_projects\expense-tracker\node_modules\babel-plugin-react-compiler\dist\index.js:107107:22)
    at PluginPass.enter (C:\Users\DboxAdmin\skill_projects\expense-tracker\node_modules\babel-plugin-react-compiler\dist\index.js:108443:28)
    at newFn (C:\Users\DboxAdmin\skill_projects\expense-tracker\node_modules\@babel\traverse\lib\visitors.js:168:14)
    at NodePath._call (C:\Users\DboxAdmin\skill_projects\expense-tracker\node_modules\@babel\traverse\lib\path\context.js:50:20)
    at NodePath.call (C:\Users\DboxAdmin\skill_projects\expense-tracker\node_modules\@babel\traverse\lib\path\context.js:40:18)
    at NodePath.visit (C:\Users\DboxAdmin\skill_projects\expense-tracker\node_modules\@babel\traverse\lib\path\context.js:87:31)
    at TraversalContext.visitQueue (C:\Users\DboxAdmin\skill_projects\expense-tracker\node_modules\@babel\traverse\lib\context.js:96:16)
    at TraversalContext.visitSingle (C:\Users\DboxAdmin\skill_projects\expense-tracker\node_modules\@babel\traverse\lib\context.js:72:19)
    at TraversalContext.visit (C:\Users\DboxAdmin\skill_projects\expense-tracker\node_modules\@babel\traverse\lib\context.js:119:19)
    at traverseNode (C:\Users\DboxAdmin\skill_projects\expense-tracker\node_modules\@babel\traverse\lib\traverse-node.js:130:17)
    at traverse (C:\Users\DboxAdmin\skill_projects\expense-tracker\node_modules\@babel\traverse\lib\index.js:53:34)
    at transformFile (C:\Users\DboxAdmin\skill_projects\expense-tracker\node_modules\@babel\core\lib\transformation\index.js:79:29)
    at transformFile.next (<anonymous>)
    at run (C:\Users\DboxAdmin\skill_projects\expense-tracker\node_modules\@babel\core\lib\transformation\index.js:25:12)
    at run.next (<anonymous>)
    at transform (C:\Users\DboxAdmin\skill_projects\expense-tracker\node_modules\@babel\core\lib\transform.js:22:33)
    at transform.next (<anonymous>)
    at evaluateSync (C:\Users\DboxAdmin\skill_projects\expense-tracker\node_modules\gensync\index.js:251:28)
    at sync (C:\Users\DboxAdmin\skill_projects\expense-tracker\node_modules\gensync\index.js:89:14)
    at stopHiding - secret - don't use this - v1 (C:\Users\DboxAdmin\skill_projects\expense-tracker\node_modules\@babel\core\lib\errors\rewrite-stack-trace.js:47:12)
    at Object.transformSync (C:\Users\DboxAdmin\skill_projects\expense-tracker\node_modules\@babel\core\lib\transform.js:40:76)
    at parseWithBabel (C:\Users\DboxAdmin\skill_projects\expense-tracker\node_modules\@expo\metro-config\build\transformSync.js:75:18)
    at transformSync (C:\Users\DboxAdmin\skill_projects\expense-tracker\node_modules\@expo\metro-config\build\transformSync.js:54:16)
    at Object.transform (C:\Users\DboxAdmin\skill_projects\expense-tracker\node_modules\@expo\metro-config\build\babel-transformer.js:146:58)
    at transformJSWithBabel (C:\Users\DboxAdmin\skill_projects\expense-tracker\node_modules\@expo\metro-config\build\transform-worker\metro-transform-worker.js:495:47)
    at Object.transform (C:\Users\DboxAdmin\skill_projects\expense-tracker\node_modules\@expo\metro-config\build\transform-worker\metro-transform-worker.js:614:12)
    at Object.transform (C:\Users\DboxAdmin\skill_projects\expense-tracker\node_modules\@expo\metro-config\build\transform-worker\transform-worker.js:179:19)
    at transformFile (C:\Users\DboxAdmin\skill_projects\expense-tracker\node_modules\metro\src\DeltaBundler\Worker.flow.js:67:36)
    at Object.transform (C:\Users\DboxAdmin\skill_projects\expense-tracker\node_modules\metro\src\DeltaBundler\Worker.flow.js:42:10)
    at execFunction (C:\Users\DboxAdmin\skill_projects\expense-tracker\node_modules\jest-worker\build\workers\threadChild.js:167:17)
    at execHelper (C:\Users\DboxAdmin\skill_projects\expense-tracker\node_modules\jest-worker\build\workers\threadChild.js:155:5)
    at execMethod (C:\Users\DboxAdmin\skill_projects\expense-tracker\node_modules\jest-worker\build\workers\threadChild.js:158:5)
    at MessagePort.messageListener (C:\Users\DboxAdmin\skill_projects\expense-tracker\node_modules\jest-worker\build\workers\threadChild.js:52:7)
    at [nodejs.internal.kHybridDispatch] (node:internal/event_target:848:20)
 ERROR  ReactCompilerError: Found 2 errors:

Todo: (BuildHIR::lowerStatement) Handle TryStatement with a finalizer ('finally') clause

  110 |     loadingMore.current = true;
  111 |
> 112 |     try {
      |     ^^^^^
> 113 |       const repository = new ExpenseRepository(await getDatabase());
      | ^^^^^^^^^^^^^^^^^^^^^^^^^^^^^^^^^^^^^^^^^^^^^^^^^^^^^^^^^^^^^^^^^^^^
> 114 |       const page = await repository.listRecent({ limit: EXPENSE_PAGE_SIZE, offset: 0 });
      | ^^^^^^^^^^^^^^^^^^^^^^^^^^^^^^^^^^^^^^^^^^^^^^^^^^^^^^^^^^^^^^^^^^^^
> 115 |
      | ^^^^^^^^^^^^^^^^^^^^^^^^^^^^^^^^^^^^^^^^^^^^^^^^^^^^^^^^^^^^^^^^^^^^
> 116 |       setRows(page.expenses);
      | ^^^^^^^^^^^^^^^^^^^^^^^^^^^^^^^^^^^^^^^^^^^^^^^^^^^^^^^^^^^^^^^^^^^^
> 117 |       setHasMore(page.hasMore);
      | ^^^^^^^^^^^^^^^^^^^^^^^^^^^^^^^^^^^^^^^^^^^^^^^^^^^^^^^^^^^^^^^^^^^^
> 118 |       setStatus('ready');
      | ^^^^^^^^^^^^^^^^^^^^^^^^^^^^^^^^^^^^^^^^^^^^^^^^^^^^^^^^^^^^^^^^^^^^
> 119 |     } catch (error) {
      | ^^^^^^^^^^^^^^^^^^^^^^^^^^^^^^^^^^^^^^^^^^^^^^^^^^^^^^^^^^^^^^^^^^^^
> 120 |       // Rows already on screen are left alone; only a first load with nothing to
      | ^^^^^^^^^^^^^^^^^^^^^^^^^^^^^^^^^^^^^^^^^^^^^^^^^^^^^^^^^^^^^^^^^^^^
> 121 |       // show replaces them with an error.
      | ^^^^^^^^^^^^^^^^^^^^^^^^^^^^^^^^^^^^^^^^^^^^^^^^^^^^^^^^^^^^^^^^^^^^
> 122 |       console.warn('[expenses] could not load the first page', error);
      | ^^^^^^^^^^^^^^^^^^^^^^^^^^^^^^^^^^^^^^^^^^^^^^^^^^^^^^^^^^^^^^^^^^^^
> 123 |
      | ^^^^^^^^^^^^^^^^^^^^^^^^^^^^^^^^^^^^^^^^^^^^^^^^^^^^^^^^^^^^^^^^^^^^
> 124 |       if (rows.length === 0) {
      | ^^^^^^^^^^^^^^^^^^^^^^^^^^^^^^^^^^^^^^^^^^^^^^^^^^^^^^^^^^^^^^^^^^^^
> 125 |         setStatus('error');
      | ^^^^^^^^^^^^^^^^^^^^^^^^^^^^^^^^^^^^^^^^^^^^^^^^^^^^^^^^^^^^^^^^^^^^
> 126 |       }
      | ^^^^^^^^^^^^^^^^^^^^^^^^^^^^^^^^^^^^^^^^^^^^^^^^^^^^^^^^^^^^^^^^^^^^
> 127 |     } finally {
      | ^^^^^^^^^^^^^^^^^^^^^^^^^^^^^^^^^^^^^^^^^^^^^^^^^^^^^^^^^^^^^^^^^^^^
> 128 |       loadingMore.current = false;
      | ^^^^^^^^^^^^^^^^^^^^^^^^^^^^^^^^^^^^^^^^^^^^^^^^^^^^^^^^^^^^^^^^^^^^
> 129 |     }
      | ^^^^^^ (BuildHIR::lowerStatement) Handle TryStatement with a finalizer ('finally') clause
  130 |   }, [rows.length]);
  131 |
  132 |   const loadNextPage = useCallback(async () => {

Todo: (BuildHIR::lowerStatement) Handle TryStatement with a finalizer ('finally') clause

  140 |     loadingMore.current = true;
  141 |
> 142 |     try {
      |     ^^^^^
> 143 |       const repository = new ExpenseRepository(await getDatabase());
      | ^^^^^^^^^^^^^^^^^^^^^^^^^^^^^^^^^^^^^^^^^^^^^^^^^^^^^^^^^^^^^^^^^^^^
> 144 |       const page = await repository.listRecent({
      | ^^^^^^^^^^^^^^^^^^^^^^^^^^^^^^^^^^^^^^^^^^^^^^^^^^^^^^^^^^^^^^^^^^^^
> 145 |         limit: EXPENSE_PAGE_SIZE,
      | ^^^^^^^^^^^^^^^^^^^^^^^^^^^^^^^^^^^^^^^^^^^^^^^^^^^^^^^^^^^^^^^^^^^^
> 146 |         // Read against the rows on screen, not against a separate counter that
      | ^^^^^^^^^^^^^^^^^^^^^^^^^^^^^^^^^^^^^^^^^^^^^^^^^^^^^^^^^^^^^^^^^^^^
> 147 |         // could drift from them.
      | ^^^^^^^^^^^^^^^^^^^^^^^^^^^^^^^^^^^^^^^^^^^^^^^^^^^^^^^^^^^^^^^^^^^^
> 148 |         offset: rows.length,
      | ^^^^^^^^^^^^^^^^^^^^^^^^^^^^^^^^^^^^^^^^^^^^^^^^^^^^^^^^^^^^^^^^^^^^
> 149 |       });
      | ^^^^^^^^^^^^^^^^^^^^^^^^^^^^^^^^^^^^^^^^^^^^^^^^^^^^^^^^^^^^^^^^^^^^
> 150 |
      | ^^^^^^^^^^^^^^^^^^^^^^^^^^^^^^^^^^^^^^^^^^^^^^^^^^^^^^^^^^^^^^^^^^^^
> 151 |       setHasMore(page.hasMore);
      | ^^^^^^^^^^^^^^^^^^^^^^^^^^^^^^^^^^^^^^^^^^^^^^^^^^^^^^^^^^^^^^^^^^^^
> 152 |
      | ^^^^^^^^^^^^^^^^^^^^^^^^^^^^^^^^^^^^^^^^^^^^^^^^^^^^^^^^^^^^^^^^^^^^
> 153 |       if (page.expenses.length > 0) {
      | ^^^^^^^^^^^^^^^^^^^^^^^^^^^^^^^^^^^^^^^^^^^^^^^^^^^^^^^^^^^^^^^^^^^^
> 154 |         // Append. These are the same row objects the query returned, so the
      | ^^^^^^^^^^^^^^^^^^^^^^^^^^^^^^^^^^^^^^^^^^^^^^^^^^^^^^^^^^^^^^^^^^^^
> 155 |         // rows already on screen keep their identity and do not re-render.
      | ^^^^^^^^^^^^^^^^^^^^^^^^^^^^^^^^^^^^^^^^^^^^^^^^^^^^^^^^^^^^^^^^^^^^
> 156 |         setRows((current) => [...current, ...page.expenses]);
      | ^^^^^^^^^^^^^^^^^^^^^^^^^^^^^^^^^^^^^^^^^^^^^^^^^^^^^^^^^^^^^^^^^^^^
> 157 |       }
      | ^^^^^^^^^^^^^^^^^^^^^^^^^^^^^^^^^^^^^^^^^^^^^^^^^^^^^^^^^^^^^^^^^^^^
> 158 |     } catch (error) {
      | ^^^^^^^^^^^^^^^^^^^^^^^^^^^^^^^^^^^^^^^^^^^^^^^^^^^^^^^^^^^^^^^^^^^^
> 159 |       /*
      | ^^^^^^^^^^^^^^^^^^^^^^^^^^^^^^^^^^^^^^^^^^^^^^^^^^^^^^^^^^^^^^^^^^^^
> 160 |         Stop paging rather than looping. A failure here leaves the offset where it
      | ^^^^^^^^^^^^^^^^^^^^^^^^^^^^^^^^^^^^^^^^^^^^^^^^^^^^^^^^^^^^^^^^^^^^
> 161 |         was, so the next scroll would ask for the same page again and keep
      | ^^^^^^^^^^^^^^^^^^^^^^^^^^^^^^^^^^^^^^^^^^^^^^^^^^^^^^^^^^^^^^^^^^^^
> 162 |         failing; clearing `hasMore` turns the footer into "End of history" and
      | ^^^^^^^^^^^^^^^^^^^^^^^^^^^^^^^^^^^^^^^^^^^^^^^^^^^^^^^^^^^^^^^^^^^^
> 163 |         leaves a working part of the list rather than an endless spinner.
      | ^^^^^^^^^^^^^^^^^^^^^^^^^^^^^^^^^^^^^^^^^^^^^^^^^^^^^^^^^^^^^^^^^^^^
> 164 |       */
      | ^^^^^^^^^^^^^^^^^^^^^^^^^^^^^^^^^^^^^^^^^^^^^^^^^^^^^^^^^^^^^^^^^^^^
> 165 |       console.warn('[expenses] could not load the next page', error);
      | ^^^^^^^^^^^^^^^^^^^^^^^^^^^^^^^^^^^^^^^^^^^^^^^^^^^^^^^^^^^^^^^^^^^^
> 166 |       setHasMore(false);
      | ^^^^^^^^^^^^^^^^^^^^^^^^^^^^^^^^^^^^^^^^^^^^^^^^^^^^^^^^^^^^^^^^^^^^
> 167 |     } finally {
      | ^^^^^^^^^^^^^^^^^^^^^^^^^^^^^^^^^^^^^^^^^^^^^^^^^^^^^^^^^^^^^^^^^^^^
> 168 |       loadingMore.current = false;
      | ^^^^^^^^^^^^^^^^^^^^^^^^^^^^^^^^^^^^^^^^^^^^^^^^^^^^^^^^^^^^^^^^^^^^
> 169 |     }
      | ^^^^^^ (BuildHIR::lowerStatement) Handle TryStatement with a finalizer ('finally') clause
  170 |   }, [hasMore, rows.length]);
  171 |
  172 |   /*
    at new HIRBuilder (C:\Users\DboxAdmin\skill_projects\expense-tracker\node_modules\babel-plugin-react-compiler\dist\index.js:76126:19)
    at lower (C:\Users\DboxAdmin\skill_projects\expense-tracker\node_modules\babel-plugin-react-compiler\dist\index.js:78097:19)
    at runWithEnvironment (C:\Users\DboxAdmin\skill_projects\expense-tracker\node_modules\babel-plugin-react-compiler\dist\index.js:106368:15)
    at run (C:\Users\DboxAdmin\skill_projects\expense-tracker\node_modules\babel-plugin-react-compiler\dist\index.js:106361:10)
    at compileFn (C:\Users\DboxAdmin\skill_projects\expense-tracker\node_modules\babel-plugin-react-compiler\dist\index.js:106689:10)
    at tryCompileFunction (C:\Users\DboxAdmin\skill_projects\expense-tracker\node_modules\babel-plugin-react-compiler\dist\index.js:107289:19)
    at processFn (C:\Users\DboxAdmin\skill_projects\expense-tracker\node_modules\babel-plugin-react-compiler\dist\index.js:107226:25)
    at compileProgram (C:\Users\DboxAdmin\skill_projects\expense-tracker\node_modules\babel-plugin-react-compiler\dist\index.js:107107:22)
    at PluginPass.enter (C:\Users\DboxAdmin\skill_projects\expense-tracker\node_modules\babel-plugin-react-compiler\dist\index.js:108443:28)
    at newFn (C:\Users\DboxAdmin\skill_projects\expense-tracker\node_modules\@babel\traverse\lib\visitors.js:168:14)
    at NodePath._call (C:\Users\DboxAdmin\skill_projects\expense-tracker\node_modules\@babel\traverse\lib\path\context.js:50:20)
    at NodePath.call (C:\Users\DboxAdmin\skill_projects\expense-tracker\node_modules\@babel\traverse\lib\path\context.js:40:18)
    at NodePath.visit (C:\Users\DboxAdmin\skill_projects\expense-tracker\node_modules\@babel\traverse\lib\path\context.js:87:31)
    at TraversalContext.visitQueue (C:\Users\DboxAdmin\skill_projects\expense-tracker\node_modules\@babel\traverse\lib\context.js:96:16)
    at TraversalContext.visitSingle (C:\Users\DboxAdmin\skill_projects\expense-tracker\node_modules\@babel\traverse\lib\context.js:72:19)
    at TraversalContext.visit (C:\Users\DboxAdmin\skill_projects\expense-tracker\node_modules\@babel\traverse\lib\context.js:119:19)
    at traverseNode (C:\Users\DboxAdmin\skill_projects\expense-tracker\node_modules\@babel\traverse\lib\traverse-node.js:130:17)
    at traverse (C:\Users\DboxAdmin\skill_projects\expense-tracker\node_modules\@babel\traverse\lib\index.js:53:34)
    at transformFile (C:\Users\DboxAdmin\skill_projects\expense-tracker\node_modules\@babel\core\lib\transformation\index.js:79:29)
    at transformFile.next (<anonymous>)
    at run (C:\Users\DboxAdmin\skill_projects\expense-tracker\node_modules\@babel\core\lib\transformation\index.js:25:12)
    at run.next (<anonymous>)
    at transform (C:\Users\DboxAdmin\skill_projects\expense-tracker\node_modules\@babel\core\lib\transform.js:22:33)
    at transform.next (<anonymous>)
    at evaluateSync (C:\Users\DboxAdmin\skill_projects\expense-tracker\node_modules\gensync\index.js:251:28)
    at sync (C:\Users\DboxAdmin\skill_projects\expense-tracker\node_modules\gensync\index.js:89:14)
    at stopHiding - secret - don't use this - v1 (C:\Users\DboxAdmin\skill_projects\expense-tracker\node_modules\@babel\core\lib\errors\rewrite-stack-trace.js:47:12)
    at Object.transformSync (C:\Users\DboxAdmin\skill_projects\expense-tracker\node_modules\@babel\core\lib\transform.js:40:76)
    at parseWithBabel (C:\Users\DboxAdmin\skill_projects\expense-tracker\node_modules\@expo\metro-config\build\transformSync.js:75:18)
    at transformSync (C:\Users\DboxAdmin\skill_projects\expense-tracker\node_modules\@expo\metro-config\build\transformSync.js:54:16)
    at Object.transform (C:\Users\DboxAdmin\skill_projects\expense-tracker\node_modules\@expo\metro-config\build\babel-transformer.js:146:58)
    at transformJSWithBabel (C:\Users\DboxAdmin\skill_projects\expense-tracker\node_modules\@expo\metro-config\build\transform-worker\metro-transform-worker.js:495:47)
    at Object.transform (C:\Users\DboxAdmin\skill_projects\expense-tracker\node_modules\@expo\metro-config\build\transform-worker\metro-transform-worker.js:614:12)
    at Object.transform (C:\Users\DboxAdmin\skill_projects\expense-tracker\node_modules\@expo\metro-config\build\transform-worker\transform-worker.js:179:19)
    at transformFile (C:\Users\DboxAdmin\skill_projects\expense-tracker\node_modules\metro\src\DeltaBundler\Worker.flow.js:67:36)
    at Object.transform (C:\Users\DboxAdmin\skill_projects\expense-tracker\node_modules\metro\src\DeltaBundler\Worker.flow.js:42:10)
    at execFunction (C:\Users\DboxAdmin\skill_projects\expense-tracker\node_modules\jest-worker\build\workers\threadChild.js:167:17)
    at execHelper (C:\Users\DboxAdmin\skill_projects\expense-tracker\node_modules\jest-worker\build\workers\threadChild.js:155:5)
    at execMethod (C:\Users\DboxAdmin\skill_projects\expense-tracker\node_modules\jest-worker\build\workers\threadChild.js:158:5)
    at MessagePort.messageListener (C:\Users\DboxAdmin\skill_projects\expense-tracker\node_modules\jest-worker\build\workers\threadChild.js:52:7)
    at [nodejs.internal.kHybridDispatch] (node:internal/event_target:848:20)
 ERROR  ReactCompilerError: Found 2 errors:

Todo: (BuildHIR::lowerStatement) Handle TryStatement with a finalizer ('finally') clause

  110 |     loadingMore.current = true;
  111 |
> 112 |     try {
      |     ^^^^^
> 113 |       const repository = new ExpenseRepository(await getDatabase());
      | ^^^^^^^^^^^^^^^^^^^^^^^^^^^^^^^^^^^^^^^^^^^^^^^^^^^^^^^^^^^^^^^^^^^^
> 114 |       const page = await repository.listRecent({ limit: EXPENSE_PAGE_SIZE, offset: 0 });
      | ^^^^^^^^^^^^^^^^^^^^^^^^^^^^^^^^^^^^^^^^^^^^^^^^^^^^^^^^^^^^^^^^^^^^
> 115 |
      | ^^^^^^^^^^^^^^^^^^^^^^^^^^^^^^^^^^^^^^^^^^^^^^^^^^^^^^^^^^^^^^^^^^^^
> 116 |       setRows(page.expenses);
      | ^^^^^^^^^^^^^^^^^^^^^^^^^^^^^^^^^^^^^^^^^^^^^^^^^^^^^^^^^^^^^^^^^^^^
> 117 |       setHasMore(page.hasMore);
      | ^^^^^^^^^^^^^^^^^^^^^^^^^^^^^^^^^^^^^^^^^^^^^^^^^^^^^^^^^^^^^^^^^^^^
> 118 |       setStatus('ready');
      | ^^^^^^^^^^^^^^^^^^^^^^^^^^^^^^^^^^^^^^^^^^^^^^^^^^^^^^^^^^^^^^^^^^^^
> 119 |     } catch (error) {
      | ^^^^^^^^^^^^^^^^^^^^^^^^^^^^^^^^^^^^^^^^^^^^^^^^^^^^^^^^^^^^^^^^^^^^
> 120 |       // Rows already on screen are left alone; only a first load with nothing to
      | ^^^^^^^^^^^^^^^^^^^^^^^^^^^^^^^^^^^^^^^^^^^^^^^^^^^^^^^^^^^^^^^^^^^^
> 121 |       // show replaces them with an error.
      | ^^^^^^^^^^^^^^^^^^^^^^^^^^^^^^^^^^^^^^^^^^^^^^^^^^^^^^^^^^^^^^^^^^^^
> 122 |       console.warn('[expenses] could not load the first page', error);
      | ^^^^^^^^^^^^^^^^^^^^^^^^^^^^^^^^^^^^^^^^^^^^^^^^^^^^^^^^^^^^^^^^^^^^
> 123 |
      | ^^^^^^^^^^^^^^^^^^^^^^^^^^^^^^^^^^^^^^^^^^^^^^^^^^^^^^^^^^^^^^^^^^^^
> 124 |       if (rows.length === 0) {
      | ^^^^^^^^^^^^^^^^^^^^^^^^^^^^^^^^^^^^^^^^^^^^^^^^^^^^^^^^^^^^^^^^^^^^
> 125 |         setStatus('error');
      | ^^^^^^^^^^^^^^^^^^^^^^^^^^^^^^^^^^^^^^^^^^^^^^^^^^^^^^^^^^^^^^^^^^^^
> 126 |       }
      | ^^^^^^^^^^^^^^^^^^^^^^^^^^^^^^^^^^^^^^^^^^^^^^^^^^^^^^^^^^^^^^^^^^^^
> 127 |     } finally {
      | ^^^^^^^^^^^^^^^^^^^^^^^^^^^^^^^^^^^^^^^^^^^^^^^^^^^^^^^^^^^^^^^^^^^^
> 128 |       loadingMore.current = false;
      | ^^^^^^^^^^^^^^^^^^^^^^^^^^^^^^^^^^^^^^^^^^^^^^^^^^^^^^^^^^^^^^^^^^^^
> 129 |     }
      | ^^^^^^ (BuildHIR::lowerStatement) Handle TryStatement with a finalizer ('finally') clause
  130 |   }, [rows.length]);
  131 |
  132 |   const loadNextPage = useCallback(async () => {

Todo: (BuildHIR::lowerStatement) Handle TryStatement with a finalizer ('finally') clause

  140 |     loadingMore.current = true;
  141 |
> 142 |     try {
      |     ^^^^^
> 143 |       const repository = new ExpenseRepository(await getDatabase());
      | ^^^^^^^^^^^^^^^^^^^^^^^^^^^^^^^^^^^^^^^^^^^^^^^^^^^^^^^^^^^^^^^^^^^^
> 144 |       const page = await repository.listRecent({
      | ^^^^^^^^^^^^^^^^^^^^^^^^^^^^^^^^^^^^^^^^^^^^^^^^^^^^^^^^^^^^^^^^^^^^
> 145 |         limit: EXPENSE_PAGE_SIZE,
      | ^^^^^^^^^^^^^^^^^^^^^^^^^^^^^^^^^^^^^^^^^^^^^^^^^^^^^^^^^^^^^^^^^^^^
> 146 |         // Read against the rows on screen, not against a separate counter that
      | ^^^^^^^^^^^^^^^^^^^^^^^^^^^^^^^^^^^^^^^^^^^^^^^^^^^^^^^^^^^^^^^^^^^^
> 147 |         // could drift from them.
      | ^^^^^^^^^^^^^^^^^^^^^^^^^^^^^^^^^^^^^^^^^^^^^^^^^^^^^^^^^^^^^^^^^^^^
> 148 |         offset: rows.length,
      | ^^^^^^^^^^^^^^^^^^^^^^^^^^^^^^^^^^^^^^^^^^^^^^^^^^^^^^^^^^^^^^^^^^^^
> 149 |       });
      | ^^^^^^^^^^^^^^^^^^^^^^^^^^^^^^^^^^^^^^^^^^^^^^^^^^^^^^^^^^^^^^^^^^^^
> 150 |
      | ^^^^^^^^^^^^^^^^^^^^^^^^^^^^^^^^^^^^^^^^^^^^^^^^^^^^^^^^^^^^^^^^^^^^
> 151 |       setHasMore(page.hasMore);
      | ^^^^^^^^^^^^^^^^^^^^^^^^^^^^^^^^^^^^^^^^^^^^^^^^^^^^^^^^^^^^^^^^^^^^
> 152 |
      | ^^^^^^^^^^^^^^^^^^^^^^^^^^^^^^^^^^^^^^^^^^^^^^^^^^^^^^^^^^^^^^^^^^^^
> 153 |       if (page.expenses.length > 0) {
      | ^^^^^^^^^^^^^^^^^^^^^^^^^^^^^^^^^^^^^^^^^^^^^^^^^^^^^^^^^^^^^^^^^^^^
> 154 |         // Append. These are the same row objects the query returned, so the
      | ^^^^^^^^^^^^^^^^^^^^^^^^^^^^^^^^^^^^^^^^^^^^^^^^^^^^^^^^^^^^^^^^^^^^
> 155 |         // rows already on screen keep their identity and do not re-render.
      | ^^^^^^^^^^^^^^^^^^^^^^^^^^^^^^^^^^^^^^^^^^^^^^^^^^^^^^^^^^^^^^^^^^^^
> 156 |         setRows((current) => [...current, ...page.expenses]);
      | ^^^^^^^^^^^^^^^^^^^^^^^^^^^^^^^^^^^^^^^^^^^^^^^^^^^^^^^^^^^^^^^^^^^^
> 157 |       }
      | ^^^^^^^^^^^^^^^^^^^^^^^^^^^^^^^^^^^^^^^^^^^^^^^^^^^^^^^^^^^^^^^^^^^^
> 158 |     } catch (error) {
      | ^^^^^^^^^^^^^^^^^^^^^^^^^^^^^^^^^^^^^^^^^^^^^^^^^^^^^^^^^^^^^^^^^^^^
> 159 |       /*
      | ^^^^^^^^^^^^^^^^^^^^^^^^^^^^^^^^^^^^^^^^^^^^^^^^^^^^^^^^^^^^^^^^^^^^
> 160 |         Stop paging rather than looping. A failure here leaves the offset where it
      | ^^^^^^^^^^^^^^^^^^^^^^^^^^^^^^^^^^^^^^^^^^^^^^^^^^^^^^^^^^^^^^^^^^^^
> 161 |         was, so the next scroll would ask for the same page again and keep
      | ^^^^^^^^^^^^^^^^^^^^^^^^^^^^^^^^^^^^^^^^^^^^^^^^^^^^^^^^^^^^^^^^^^^^
> 162 |         failing; clearing `hasMore` turns the footer into "End of history" and
      | ^^^^^^^^^^^^^^^^^^^^^^^^^^^^^^^^^^^^^^^^^^^^^^^^^^^^^^^^^^^^^^^^^^^^
> 163 |         leaves a working part of the list rather than an endless spinner.
      | ^^^^^^^^^^^^^^^^^^^^^^^^^^^^^^^^^^^^^^^^^^^^^^^^^^^^^^^^^^^^^^^^^^^^
> 164 |       */
      | ^^^^^^^^^^^^^^^^^^^^^^^^^^^^^^^^^^^^^^^^^^^^^^^^^^^^^^^^^^^^^^^^^^^^
> 165 |       console.warn('[expenses] could not load the next page', error);
      | ^^^^^^^^^^^^^^^^^^^^^^^^^^^^^^^^^^^^^^^^^^^^^^^^^^^^^^^^^^^^^^^^^^^^
> 166 |       setHasMore(false);
      | ^^^^^^^^^^^^^^^^^^^^^^^^^^^^^^^^^^^^^^^^^^^^^^^^^^^^^^^^^^^^^^^^^^^^
> 167 |     } finally {
      | ^^^^^^^^^^^^^^^^^^^^^^^^^^^^^^^^^^^^^^^^^^^^^^^^^^^^^^^^^^^^^^^^^^^^
> 168 |       loadingMore.current = false;
      | ^^^^^^^^^^^^^^^^^^^^^^^^^^^^^^^^^^^^^^^^^^^^^^^^^^^^^^^^^^^^^^^^^^^^
> 169 |     }
      | ^^^^^^ (BuildHIR::lowerStatement) Handle TryStatement with a finalizer ('finally') clause
  170 |   }, [hasMore, rows.length]);
  171 |
  172 |   /*
    at new HIRBuilder (C:\Users\DboxAdmin\skill_projects\expense-tracker\node_modules\babel-plugin-react-compiler\dist\index.js:76126:19)
    at lower (C:\Users\DboxAdmin\skill_projects\expense-tracker\node_modules\babel-plugin-react-compiler\dist\index.js:78097:19)
    at runWithEnvironment (C:\Users\DboxAdmin\skill_projects\expense-tracker\node_modules\babel-plugin-react-compiler\dist\index.js:106368:15)
    at run (C:\Users\DboxAdmin\skill_projects\expense-tracker\node_modules\babel-plugin-react-compiler\dist\index.js:106361:10)
    at compileFn (C:\Users\DboxAdmin\skill_projects\expense-tracker\node_modules\babel-plugin-react-compiler\dist\index.js:106689:10)
    at tryCompileFunction (C:\Users\DboxAdmin\skill_projects\expense-tracker\node_modules\babel-plugin-react-compiler\dist\index.js:107289:19)
    at processFn (C:\Users\DboxAdmin\skill_projects\expense-tracker\node_modules\babel-plugin-react-compiler\dist\index.js:107226:25)
    at compileProgram (C:\Users\DboxAdmin\skill_projects\expense-tracker\node_modules\babel-plugin-react-compiler\dist\index.js:107107:22)
    at PluginPass.enter (C:\Users\DboxAdmin\skill_projects\expense-tracker\node_modules\babel-plugin-react-compiler\dist\index.js:108443:28)
    at newFn (C:\Users\DboxAdmin\skill_projects\expense-tracker\node_modules\@babel\traverse\lib\visitors.js:168:14)
    at NodePath._call (C:\Users\DboxAdmin\skill_projects\expense-tracker\node_modules\@babel\traverse\lib\path\context.js:50:20)
    at NodePath.call (C:\Users\DboxAdmin\skill_projects\expense-tracker\node_modules\@babel\traverse\lib\path\context.js:40:18)
    at NodePath.visit (C:\Users\DboxAdmin\skill_projects\expense-tracker\node_modules\@babel\traverse\lib\path\context.js:87:31)
    at TraversalContext.visitQueue (C:\Users\DboxAdmin\skill_projects\expense-tracker\node_modules\@babel\traverse\lib\context.js:96:16)
    at TraversalContext.visitSingle (C:\Users\DboxAdmin\skill_projects\expense-tracker\node_modules\@babel\traverse\lib\context.js:72:19)
    at TraversalContext.visit (C:\Users\DboxAdmin\skill_projects\expense-tracker\node_modules\@babel\traverse\lib\context.js:119:19)
    at traverseNode (C:\Users\DboxAdmin\skill_projects\expense-tracker\node_modules\@babel\traverse\lib\traverse-node.js:130:17)
    at traverse (C:\Users\DboxAdmin\skill_projects\expense-tracker\node_modules\@babel\traverse\lib\index.js:53:34)
    at transformFile (C:\Users\DboxAdmin\skill_projects\expense-tracker\node_modules\@babel\core\lib\transformation\index.js:79:29)
    at transformFile.next (<anonymous>)
    at run (C:\Users\DboxAdmin\skill_projects\expense-tracker\node_modules\@babel\core\lib\transformation\index.js:25:12)
    at run.next (<anonymous>)
    at transform (C:\Users\DboxAdmin\skill_projects\expense-tracker\node_modules\@babel\core\lib\transform.js:22:33)
    at transform.next (<anonymous>)
    at evaluateSync (C:\Users\DboxAdmin\skill_projects\expense-tracker\node_modules\gensync\index.js:251:28)
    at sync (C:\Users\DboxAdmin\skill_projects\expense-tracker\node_modules\gensync\index.js:89:14)
    at stopHiding - secret - don't use this - v1 (C:\Users\DboxAdmin\skill_projects\expense-tracker\node_modules\@babel\core\lib\errors\rewrite-stack-trace.js:47:12)
    at Object.transformSync (C:\Users\DboxAdmin\skill_projects\expense-tracker\node_modules\@babel\core\lib\transform.js:40:76)
    at parseWithBabel (C:\Users\DboxAdmin\skill_projects\expense-tracker\node_modules\@expo\metro-config\build\transformSync.js:75:18)
    at transformSync (C:\Users\DboxAdmin\skill_projects\expense-tracker\node_modules\@expo\metro-config\build\transformSync.js:54:16)
    at Object.transform (C:\Users\DboxAdmin\skill_projects\expense-tracker\node_modules\@expo\metro-config\build\babel-transformer.js:146:58)
    at transformJSWithBabel (C:\Users\DboxAdmin\skill_projects\expense-tracker\node_modules\@expo\metro-config\build\transform-worker\metro-transform-worker.js:495:47)
    at Object.transform (C:\Users\DboxAdmin\skill_projects\expense-tracker\node_modules\@expo\metro-config\build\transform-worker\metro-transform-worker.js:614:12)
    at Object.transform (C:\Users\DboxAdmin\skill_projects\expense-tracker\node_modules\@expo\metro-config\build\transform-worker\transform-worker.js:179:19)
    at transformFile (C:\Users\DboxAdmin\skill_projects\expense-tracker\node_modules\metro\src\DeltaBundler\Worker.flow.js:67:36)
    at Object.transform (C:\Users\DboxAdmin\skill_projects\expense-tracker\node_modules\metro\src\DeltaBundler\Worker.flow.js:42:10)
    at execFunction (C:\Users\DboxAdmin\skill_projects\expense-tracker\node_modules\jest-worker\build\workers\threadChild.js:167:17)
    at execHelper (C:\Users\DboxAdmin\skill_projects\expense-tracker\node_modules\jest-worker\build\workers\threadChild.js:155:5)
    at execMethod (C:\Users\DboxAdmin\skill_projects\expense-tracker\node_modules\jest-worker\build\workers\threadChild.js:158:5)
    at MessagePort.messageListener (C:\Users\DboxAdmin\skill_projects\expense-tracker\node_modules\jest-worker\build\workers\threadChild.js:52:7)
    at [nodejs.internal.kHybridDispatch] (node:internal/event_target:848:20)
 ERROR  ReactCompilerError: Found 2 errors:

Todo: (BuildHIR::lowerStatement) Handle TryStatement with a finalizer ('finally') clause

  110 |     loadingMore.current = true;
  111 |
> 112 |     try {
      |     ^^^^^
> 113 |       const repository = new ExpenseRepository(await getDatabase());
      | ^^^^^^^^^^^^^^^^^^^^^^^^^^^^^^^^^^^^^^^^^^^^^^^^^^^^^^^^^^^^^^^^^^^^
> 114 |       const page = await repository.listRecent({ limit: EXPENSE_PAGE_SIZE, offset: 0 });
      | ^^^^^^^^^^^^^^^^^^^^^^^^^^^^^^^^^^^^^^^^^^^^^^^^^^^^^^^^^^^^^^^^^^^^
> 115 |
      | ^^^^^^^^^^^^^^^^^^^^^^^^^^^^^^^^^^^^^^^^^^^^^^^^^^^^^^^^^^^^^^^^^^^^
> 116 |       setRows(page.expenses);
      | ^^^^^^^^^^^^^^^^^^^^^^^^^^^^^^^^^^^^^^^^^^^^^^^^^^^^^^^^^^^^^^^^^^^^
> 117 |       setHasMore(page.hasMore);
      | ^^^^^^^^^^^^^^^^^^^^^^^^^^^^^^^^^^^^^^^^^^^^^^^^^^^^^^^^^^^^^^^^^^^^
> 118 |       setStatus('ready');
      | ^^^^^^^^^^^^^^^^^^^^^^^^^^^^^^^^^^^^^^^^^^^^^^^^^^^^^^^^^^^^^^^^^^^^
> 119 |     } catch (error) {
      | ^^^^^^^^^^^^^^^^^^^^^^^^^^^^^^^^^^^^^^^^^^^^^^^^^^^^^^^^^^^^^^^^^^^^
> 120 |       // Rows already on screen are left alone; only a first load with nothing to
      | ^^^^^^^^^^^^^^^^^^^^^^^^^^^^^^^^^^^^^^^^^^^^^^^^^^^^^^^^^^^^^^^^^^^^
> 121 |       // show replaces them with an error.
      | ^^^^^^^^^^^^^^^^^^^^^^^^^^^^^^^^^^^^^^^^^^^^^^^^^^^^^^^^^^^^^^^^^^^^
> 122 |       console.warn('[expenses] could not load the first page', error);
      | ^^^^^^^^^^^^^^^^^^^^^^^^^^^^^^^^^^^^^^^^^^^^^^^^^^^^^^^^^^^^^^^^^^^^
> 123 |
      | ^^^^^^^^^^^^^^^^^^^^^^^^^^^^^^^^^^^^^^^^^^^^^^^^^^^^^^^^^^^^^^^^^^^^
> 124 |       if (rows.length === 0) {
      | ^^^^^^^^^^^^^^^^^^^^^^^^^^^^^^^^^^^^^^^^^^^^^^^^^^^^^^^^^^^^^^^^^^^^
> 125 |         setStatus('error');
      | ^^^^^^^^^^^^^^^^^^^^^^^^^^^^^^^^^^^^^^^^^^^^^^^^^^^^^^^^^^^^^^^^^^^^
> 126 |       }
      | ^^^^^^^^^^^^^^^^^^^^^^^^^^^^^^^^^^^^^^^^^^^^^^^^^^^^^^^^^^^^^^^^^^^^
> 127 |     } finally {
      | ^^^^^^^^^^^^^^^^^^^^^^^^^^^^^^^^^^^^^^^^^^^^^^^^^^^^^^^^^^^^^^^^^^^^
> 128 |       loadingMore.current = false;
      | ^^^^^^^^^^^^^^^^^^^^^^^^^^^^^^^^^^^^^^^^^^^^^^^^^^^^^^^^^^^^^^^^^^^^
> 129 |     }
      | ^^^^^^ (BuildHIR::lowerStatement) Handle TryStatement with a finalizer ('finally') clause
  130 |   }, [rows.length]);
  131 |
  132 |   const loadNextPage = useCallback(async () => {

Todo: (BuildHIR::lowerStatement) Handle TryStatement with a finalizer ('finally') clause

  140 |     loadingMore.current = true;
  141 |
> 142 |     try {
      |     ^^^^^
> 143 |       const repository = new ExpenseRepository(await getDatabase());
      | ^^^^^^^^^^^^^^^^^^^^^^^^^^^^^^^^^^^^^^^^^^^^^^^^^^^^^^^^^^^^^^^^^^^^
> 144 |       const page = await repository.listRecent({
      | ^^^^^^^^^^^^^^^^^^^^^^^^^^^^^^^^^^^^^^^^^^^^^^^^^^^^^^^^^^^^^^^^^^^^
> 145 |         limit: EXPENSE_PAGE_SIZE,
      | ^^^^^^^^^^^^^^^^^^^^^^^^^^^^^^^^^^^^^^^^^^^^^^^^^^^^^^^^^^^^^^^^^^^^
> 146 |         // Read against the rows on screen, not against a separate counter that
      | ^^^^^^^^^^^^^^^^^^^^^^^^^^^^^^^^^^^^^^^^^^^^^^^^^^^^^^^^^^^^^^^^^^^^
> 147 |         // could drift from them.
      | ^^^^^^^^^^^^^^^^^^^^^^^^^^^^^^^^^^^^^^^^^^^^^^^^^^^^^^^^^^^^^^^^^^^^
> 148 |         offset: rows.length,
      | ^^^^^^^^^^^^^^^^^^^^^^^^^^^^^^^^^^^^^^^^^^^^^^^^^^^^^^^^^^^^^^^^^^^^
> 149 |       });
      | ^^^^^^^^^^^^^^^^^^^^^^^^^^^^^^^^^^^^^^^^^^^^^^^^^^^^^^^^^^^^^^^^^^^^
> 150 |
      | ^^^^^^^^^^^^^^^^^^^^^^^^^^^^^^^^^^^^^^^^^^^^^^^^^^^^^^^^^^^^^^^^^^^^
> 151 |       setHasMore(page.hasMore);
      | ^^^^^^^^^^^^^^^^^^^^^^^^^^^^^^^^^^^^^^^^^^^^^^^^^^^^^^^^^^^^^^^^^^^^
> 152 |
      | ^^^^^^^^^^^^^^^^^^^^^^^^^^^^^^^^^^^^^^^^^^^^^^^^^^^^^^^^^^^^^^^^^^^^
> 153 |       if (page.expenses.length > 0) {
      | ^^^^^^^^^^^^^^^^^^^^^^^^^^^^^^^^^^^^^^^^^^^^^^^^^^^^^^^^^^^^^^^^^^^^
> 154 |         // Append. These are the same row objects the query returned, so the
      | ^^^^^^^^^^^^^^^^^^^^^^^^^^^^^^^^^^^^^^^^^^^^^^^^^^^^^^^^^^^^^^^^^^^^
> 155 |         // rows already on screen keep their identity and do not re-render.
      | ^^^^^^^^^^^^^^^^^^^^^^^^^^^^^^^^^^^^^^^^^^^^^^^^^^^^^^^^^^^^^^^^^^^^
> 156 |         setRows((current) => [...current, ...page.expenses]);
      | ^^^^^^^^^^^^^^^^^^^^^^^^^^^^^^^^^^^^^^^^^^^^^^^^^^^^^^^^^^^^^^^^^^^^
> 157 |       }
      | ^^^^^^^^^^^^^^^^^^^^^^^^^^^^^^^^^^^^^^^^^^^^^^^^^^^^^^^^^^^^^^^^^^^^
> 158 |     } catch (error) {
      | ^^^^^^^^^^^^^^^^^^^^^^^^^^^^^^^^^^^^^^^^^^^^^^^^^^^^^^^^^^^^^^^^^^^^
> 159 |       /*
      | ^^^^^^^^^^^^^^^^^^^^^^^^^^^^^^^^^^^^^^^^^^^^^^^^^^^^^^^^^^^^^^^^^^^^
> 160 |         Stop paging rather than looping. A failure here leaves the offset where it
      | ^^^^^^^^^^^^^^^^^^^^^^^^^^^^^^^^^^^^^^^^^^^^^^^^^^^^^^^^^^^^^^^^^^^^
> 161 |         was, so the next scroll would ask for the same page again and keep
      | ^^^^^^^^^^^^^^^^^^^^^^^^^^^^^^^^^^^^^^^^^^^^^^^^^^^^^^^^^^^^^^^^^^^^
> 162 |         failing; clearing `hasMore` turns the footer into "End of history" and
      | ^^^^^^^^^^^^^^^^^^^^^^^^^^^^^^^^^^^^^^^^^^^^^^^^^^^^^^^^^^^^^^^^^^^^
> 163 |         leaves a working part of the list rather than an endless spinner.
      | ^^^^^^^^^^^^^^^^^^^^^^^^^^^^^^^^^^^^^^^^^^^^^^^^^^^^^^^^^^^^^^^^^^^^
> 164 |       */
      | ^^^^^^^^^^^^^^^^^^^^^^^^^^^^^^^^^^^^^^^^^^^^^^^^^^^^^^^^^^^^^^^^^^^^
> 165 |       console.warn('[expenses] could not load the next page', error);
      | ^^^^^^^^^^^^^^^^^^^^^^^^^^^^^^^^^^^^^^^^^^^^^^^^^^^^^^^^^^^^^^^^^^^^
> 166 |       setHasMore(false);
      | ^^^^^^^^^^^^^^^^^^^^^^^^^^^^^^^^^^^^^^^^^^^^^^^^^^^^^^^^^^^^^^^^^^^^
> 167 |     } finally {
      | ^^^^^^^^^^^^^^^^^^^^^^^^^^^^^^^^^^^^^^^^^^^^^^^^^^^^^^^^^^^^^^^^^^^^
> 168 |       loadingMore.current = false;
      | ^^^^^^^^^^^^^^^^^^^^^^^^^^^^^^^^^^^^^^^^^^^^^^^^^^^^^^^^^^^^^^^^^^^^
> 169 |     }
      | ^^^^^^ (BuildHIR::lowerStatement) Handle TryStatement with a finalizer ('finally') clause
  170 |   }, [hasMore, rows.length]);
  171 |
  172 |   /*
    at new HIRBuilder (C:\Users\DboxAdmin\skill_projects\expense-tracker\node_modules\babel-plugin-react-compiler\dist\index.js:76126:19)
    at lower (C:\Users\DboxAdmin\skill_projects\expense-tracker\node_modules\babel-plugin-react-compiler\dist\index.js:78097:19)
    at runWithEnvironment (C:\Users\DboxAdmin\skill_projects\expense-tracker\node_modules\babel-plugin-react-compiler\dist\index.js:106368:15)
    at run (C:\Users\DboxAdmin\skill_projects\expense-tracker\node_modules\babel-plugin-react-compiler\dist\index.js:106361:10)
    at compileFn (C:\Users\DboxAdmin\skill_projects\expense-tracker\node_modules\babel-plugin-react-compiler\dist\index.js:106689:10)
    at tryCompileFunction (C:\Users\DboxAdmin\skill_projects\expense-tracker\node_modules\babel-plugin-react-compiler\dist\index.js:107289:19)
    at processFn (C:\Users\DboxAdmin\skill_projects\expense-tracker\node_modules\babel-plugin-react-compiler\dist\index.js:107226:25)
    at compileProgram (C:\Users\DboxAdmin\skill_projects\expense-tracker\node_modules\babel-plugin-react-compiler\dist\index.js:107107:22)
    at PluginPass.enter (C:\Users\DboxAdmin\skill_projects\expense-tracker\node_modules\babel-plugin-react-compiler\dist\index.js:108443:28)
    at newFn (C:\Users\DboxAdmin\skill_projects\expense-tracker\node_modules\@babel\traverse\lib\visitors.js:168:14)
    at NodePath._call (C:\Users\DboxAdmin\skill_projects\expense-tracker\node_modules\@babel\traverse\lib\path\context.js:50:20)
    at NodePath.call (C:\Users\DboxAdmin\skill_projects\expense-tracker\node_modules\@babel\traverse\lib\path\context.js:40:18)
    at NodePath.visit (C:\Users\DboxAdmin\skill_projects\expense-tracker\node_modules\@babel\traverse\lib\path\context.js:87:31)
    at TraversalContext.visitQueue (C:\Users\DboxAdmin\skill_projects\expense-tracker\node_modules\@babel\traverse\lib\context.js:96:16)
    at TraversalContext.visitSingle (C:\Users\DboxAdmin\skill_projects\expense-tracker\node_modules\@babel\traverse\lib\context.js:72:19)
    at TraversalContext.visit (C:\Users\DboxAdmin\skill_projects\expense-tracker\node_modules\@babel\traverse\lib\context.js:119:19)
    at traverseNode (C:\Users\DboxAdmin\skill_projects\expense-tracker\node_modules\@babel\traverse\lib\traverse-node.js:130:17)
    at traverse (C:\Users\DboxAdmin\skill_projects\expense-tracker\node_modules\@babel\traverse\lib\index.js:53:34)
    at transformFile (C:\Users\DboxAdmin\skill_projects\expense-tracker\node_modules\@babel\core\lib\transformation\index.js:79:29)
    at transformFile.next (<anonymous>)
    at run (C:\Users\DboxAdmin\skill_projects\expense-tracker\node_modules\@babel\core\lib\transformation\index.js:25:12)
    at run.next (<anonymous>)
    at transform (C:\Users\DboxAdmin\skill_projects\expense-tracker\node_modules\@babel\core\lib\transform.js:22:33)
    at transform.next (<anonymous>)
    at evaluateSync (C:\Users\DboxAdmin\skill_projects\expense-tracker\node_modules\gensync\index.js:251:28)
    at sync (C:\Users\DboxAdmin\skill_projects\expense-tracker\node_modules\gensync\index.js:89:14)
    at stopHiding - secret - don't use this - v1 (C:\Users\DboxAdmin\skill_projects\expense-tracker\node_modules\@babel\core\lib\errors\rewrite-stack-trace.js:47:12)
    at Object.transformSync (C:\Users\DboxAdmin\skill_projects\expense-tracker\node_modules\@babel\core\lib\transform.js:40:76)
    at parseWithBabel (C:\Users\DboxAdmin\skill_projects\expense-tracker\node_modules\@expo\metro-config\build\transformSync.js:75:18)
    at transformSync (C:\Users\DboxAdmin\skill_projects\expense-tracker\node_modules\@expo\metro-config\build\transformSync.js:54:16)
    at Object.transform (C:\Users\DboxAdmin\skill_projects\expense-tracker\node_modules\@expo\metro-config\build\babel-transformer.js:146:58)
    at transformJSWithBabel (C:\Users\DboxAdmin\skill_projects\expense-tracker\node_modules\@expo\metro-config\build\transform-worker\metro-transform-worker.js:495:47)
    at Object.transform (C:\Users\DboxAdmin\skill_projects\expense-tracker\node_modules\@expo\metro-config\build\transform-worker\metro-transform-worker.js:614:12)
    at Object.transform (C:\Users\DboxAdmin\skill_projects\expense-tracker\node_modules\@expo\metro-config\build\transform-worker\transform-worker.js:179:19)
    at transformFile (C:\Users\DboxAdmin\skill_projects\expense-tracker\node_modules\metro\src\DeltaBundler\Worker.flow.js:67:36)
    at Object.transform (C:\Users\DboxAdmin\skill_projects\expense-tracker\node_modules\metro\src\DeltaBundler\Worker.flow.js:42:10)
    at execFunction (C:\Users\DboxAdmin\skill_projects\expense-tracker\node_modules\jest-worker\build\workers\threadChild.js:167:17)
    at execHelper (C:\Users\DboxAdmin\skill_projects\expense-tracker\node_modules\jest-worker\build\workers\threadChild.js:155:5)
    at execMethod (C:\Users\DboxAdmin\skill_projects\expense-tracker\node_modules\jest-worker\build\workers\threadChild.js:158:5)
    at MessagePort.messageListener (C:\Users\DboxAdmin\skill_projects\expense-tracker\node_modules\jest-worker\build\workers\threadChild.js:52:7)
    at [nodejs.internal.kHybridDispatch] (node:internal/event_target:848:20)
 ERROR  ReactCompilerError: Found 2 errors:

Todo: (BuildHIR::lowerStatement) Handle TryStatement with a finalizer ('finally') clause

  110 |     loadingMore.current = true;
  111 |
> 112 |     try {
      |     ^^^^^
> 113 |       const repository = new ExpenseRepository(await getDatabase());
      | ^^^^^^^^^^^^^^^^^^^^^^^^^^^^^^^^^^^^^^^^^^^^^^^^^^^^^^^^^^^^^^^^^^^^
> 114 |       const page = await repository.listRecent({ limit: EXPENSE_PAGE_SIZE, offset: 0 });
      | ^^^^^^^^^^^^^^^^^^^^^^^^^^^^^^^^^^^^^^^^^^^^^^^^^^^^^^^^^^^^^^^^^^^^
> 115 |
      | ^^^^^^^^^^^^^^^^^^^^^^^^^^^^^^^^^^^^^^^^^^^^^^^^^^^^^^^^^^^^^^^^^^^^
> 116 |       setRows(page.expenses);
      | ^^^^^^^^^^^^^^^^^^^^^^^^^^^^^^^^^^^^^^^^^^^^^^^^^^^^^^^^^^^^^^^^^^^^
> 117 |       setHasMore(page.hasMore);
      | ^^^^^^^^^^^^^^^^^^^^^^^^^^^^^^^^^^^^^^^^^^^^^^^^^^^^^^^^^^^^^^^^^^^^
> 118 |       setStatus('ready');
      | ^^^^^^^^^^^^^^^^^^^^^^^^^^^^^^^^^^^^^^^^^^^^^^^^^^^^^^^^^^^^^^^^^^^^
> 119 |     } catch (error) {
      | ^^^^^^^^^^^^^^^^^^^^^^^^^^^^^^^^^^^^^^^^^^^^^^^^^^^^^^^^^^^^^^^^^^^^
> 120 |       // Rows already on screen are left alone; only a first load with nothing to
      | ^^^^^^^^^^^^^^^^^^^^^^^^^^^^^^^^^^^^^^^^^^^^^^^^^^^^^^^^^^^^^^^^^^^^
> 121 |       // show replaces them with an error.
      | ^^^^^^^^^^^^^^^^^^^^^^^^^^^^^^^^^^^^^^^^^^^^^^^^^^^^^^^^^^^^^^^^^^^^
> 122 |       console.warn('[expenses] could not load the first page', error);
      | ^^^^^^^^^^^^^^^^^^^^^^^^^^^^^^^^^^^^^^^^^^^^^^^^^^^^^^^^^^^^^^^^^^^^
> 123 |
      | ^^^^^^^^^^^^^^^^^^^^^^^^^^^^^^^^^^^^^^^^^^^^^^^^^^^^^^^^^^^^^^^^^^^^
> 124 |       if (rows.length === 0) {
      | ^^^^^^^^^^^^^^^^^^^^^^^^^^^^^^^^^^^^^^^^^^^^^^^^^^^^^^^^^^^^^^^^^^^^
> 125 |         setStatus('error');
      | ^^^^^^^^^^^^^^^^^^^^^^^^^^^^^^^^^^^^^^^^^^^^^^^^^^^^^^^^^^^^^^^^^^^^
> 126 |       }
      | ^^^^^^^^^^^^^^^^^^^^^^^^^^^^^^^^^^^^^^^^^^^^^^^^^^^^^^^^^^^^^^^^^^^^
> 127 |     } finally {
      | ^^^^^^^^^^^^^^^^^^^^^^^^^^^^^^^^^^^^^^^^^^^^^^^^^^^^^^^^^^^^^^^^^^^^
> 128 |       loadingMore.current = false;
      | ^^^^^^^^^^^^^^^^^^^^^^^^^^^^^^^^^^^^^^^^^^^^^^^^^^^^^^^^^^^^^^^^^^^^
> 129 |     }
      | ^^^^^^ (BuildHIR::lowerStatement) Handle TryStatement with a finalizer ('finally') clause
  130 |   }, [rows.length]);
  131 |
  132 |   const loadNextPage = useCallback(async () => {

Todo: (BuildHIR::lowerStatement) Handle TryStatement with a finalizer ('finally') clause

  140 |     loadingMore.current = true;
  141 |
> 142 |     try {
      |     ^^^^^
> 143 |       const repository = new ExpenseRepository(await getDatabase());
      | ^^^^^^^^^^^^^^^^^^^^^^^^^^^^^^^^^^^^^^^^^^^^^^^^^^^^^^^^^^^^^^^^^^^^
> 144 |       const page = await repository.listRecent({
      | ^^^^^^^^^^^^^^^^^^^^^^^^^^^^^^^^^^^^^^^^^^^^^^^^^^^^^^^^^^^^^^^^^^^^
> 145 |         limit: EXPENSE_PAGE_SIZE,
      | ^^^^^^^^^^^^^^^^^^^^^^^^^^^^^^^^^^^^^^^^^^^^^^^^^^^^^^^^^^^^^^^^^^^^
> 146 |         // Read against the rows on screen, not against a separate counter that
      | ^^^^^^^^^^^^^^^^^^^^^^^^^^^^^^^^^^^^^^^^^^^^^^^^^^^^^^^^^^^^^^^^^^^^
> 147 |         // could drift from them.
      | ^^^^^^^^^^^^^^^^^^^^^^^^^^^^^^^^^^^^^^^^^^^^^^^^^^^^^^^^^^^^^^^^^^^^
> 148 |         offset: rows.length,
      | ^^^^^^^^^^^^^^^^^^^^^^^^^^^^^^^^^^^^^^^^^^^^^^^^^^^^^^^^^^^^^^^^^^^^
> 149 |       });
      | ^^^^^^^^^^^^^^^^^^^^^^^^^^^^^^^^^^^^^^^^^^^^^^^^^^^^^^^^^^^^^^^^^^^^
> 150 |
      | ^^^^^^^^^^^^^^^^^^^^^^^^^^^^^^^^^^^^^^^^^^^^^^^^^^^^^^^^^^^^^^^^^^^^
> 151 |       setHasMore(page.hasMore);
      | ^^^^^^^^^^^^^^^^^^^^^^^^^^^^^^^^^^^^^^^^^^^^^^^^^^^^^^^^^^^^^^^^^^^^
> 152 |
      | ^^^^^^^^^^^^^^^^^^^^^^^^^^^^^^^^^^^^^^^^^^^^^^^^^^^^^^^^^^^^^^^^^^^^
> 153 |       if (page.expenses.length > 0) {
      | ^^^^^^^^^^^^^^^^^^^^^^^^^^^^^^^^^^^^^^^^^^^^^^^^^^^^^^^^^^^^^^^^^^^^
> 154 |         // Append. These are the same row objects the query returned, so the
      | ^^^^^^^^^^^^^^^^^^^^^^^^^^^^^^^^^^^^^^^^^^^^^^^^^^^^^^^^^^^^^^^^^^^^
> 155 |         // rows already on screen keep their identity and do not re-render.
      | ^^^^^^^^^^^^^^^^^^^^^^^^^^^^^^^^^^^^^^^^^^^^^^^^^^^^^^^^^^^^^^^^^^^^
> 156 |         setRows((current) => [...current, ...page.expenses]);
      | ^^^^^^^^^^^^^^^^^^^^^^^^^^^^^^^^^^^^^^^^^^^^^^^^^^^^^^^^^^^^^^^^^^^^
> 157 |       }
      | ^^^^^^^^^^^^^^^^^^^^^^^^^^^^^^^^^^^^^^^^^^^^^^^^^^^^^^^^^^^^^^^^^^^^
> 158 |     } catch (error) {
      | ^^^^^^^^^^^^^^^^^^^^^^^^^^^^^^^^^^^^^^^^^^^^^^^^^^^^^^^^^^^^^^^^^^^^
> 159 |       /*
      | ^^^^^^^^^^^^^^^^^^^^^^^^^^^^^^^^^^^^^^^^^^^^^^^^^^^^^^^^^^^^^^^^^^^^
> 160 |         Stop paging rather than looping. A failure here leaves the offset where it
      | ^^^^^^^^^^^^^^^^^^^^^^^^^^^^^^^^^^^^^^^^^^^^^^^^^^^^^^^^^^^^^^^^^^^^
> 161 |         was, so the next scroll would ask for the same page again and keep
      | ^^^^^^^^^^^^^^^^^^^^^^^^^^^^^^^^^^^^^^^^^^^^^^^^^^^^^^^^^^^^^^^^^^^^
> 162 |         failing; clearing `hasMore` turns the footer into "End of history" and
      | ^^^^^^^^^^^^^^^^^^^^^^^^^^^^^^^^^^^^^^^^^^^^^^^^^^^^^^^^^^^^^^^^^^^^
> 163 |         leaves a working part of the list rather than an endless spinner.
      | ^^^^^^^^^^^^^^^^^^^^^^^^^^^^^^^^^^^^^^^^^^^^^^^^^^^^^^^^^^^^^^^^^^^^
> 164 |       */
      | ^^^^^^^^^^^^^^^^^^^^^^^^^^^^^^^^^^^^^^^^^^^^^^^^^^^^^^^^^^^^^^^^^^^^
> 165 |       console.warn('[expenses] could not load the next page', error);
      | ^^^^^^^^^^^^^^^^^^^^^^^^^^^^^^^^^^^^^^^^^^^^^^^^^^^^^^^^^^^^^^^^^^^^
> 166 |       setHasMore(false);
      | ^^^^^^^^^^^^^^^^^^^^^^^^^^^^^^^^^^^^^^^^^^^^^^^^^^^^^^^^^^^^^^^^^^^^
> 167 |     } finally {
      | ^^^^^^^^^^^^^^^^^^^^^^^^^^^^^^^^^^^^^^^^^^^^^^^^^^^^^^^^^^^^^^^^^^^^
> 168 |       loadingMore.current = false;
      | ^^^^^^^^^^^^^^^^^^^^^^^^^^^^^^^^^^^^^^^^^^^^^^^^^^^^^^^^^^^^^^^^^^^^
> 169 |     }
      | ^^^^^^ (BuildHIR::lowerStatement) Handle TryStatement with a finalizer ('finally') clause
  170 |   }, [hasMore, rows.length]);
  171 |
  172 |   /*
    at new HIRBuilder (C:\Users\DboxAdmin\skill_projects\expense-tracker\node_modules\babel-plugin-react-compiler\dist\index.js:76126:19)
    at lower (C:\Users\DboxAdmin\skill_projects\expense-tracker\node_modules\babel-plugin-react-compiler\dist\index.js:78097:19)
    at runWithEnvironment (C:\Users\DboxAdmin\skill_projects\expense-tracker\node_modules\babel-plugin-react-compiler\dist\index.js:106368:15)
    at run (C:\Users\DboxAdmin\skill_projects\expense-tracker\node_modules\babel-plugin-react-compiler\dist\index.js:106361:10)
    at compileFn (C:\Users\DboxAdmin\skill_projects\expense-tracker\node_modules\babel-plugin-react-compiler\dist\index.js:106689:10)
    at tryCompileFunction (C:\Users\DboxAdmin\skill_projects\expense-tracker\node_modules\babel-plugin-react-compiler\dist\index.js:107289:19)
    at processFn (C:\Users\DboxAdmin\skill_projects\expense-tracker\node_modules\babel-plugin-react-compiler\dist\index.js:107226:25)
    at compileProgram (C:\Users\DboxAdmin\skill_projects\expense-tracker\node_modules\babel-plugin-react-compiler\dist\index.js:107107:22)
    at PluginPass.enter (C:\Users\DboxAdmin\skill_projects\expense-tracker\node_modules\babel-plugin-react-compiler\dist\index.js:108443:28)
    at newFn (C:\Users\DboxAdmin\skill_projects\expense-tracker\node_modules\@babel\traverse\lib\visitors.js:168:14)
    at NodePath._call (C:\Users\DboxAdmin\skill_projects\expense-tracker\node_modules\@babel\traverse\lib\path\context.js:50:20)
    at NodePath.call (C:\Users\DboxAdmin\skill_projects\expense-tracker\node_modules\@babel\traverse\lib\path\context.js:40:18)
    at NodePath.visit (C:\Users\DboxAdmin\skill_projects\expense-tracker\node_modules\@babel\traverse\lib\path\context.js:87:31)
    at TraversalContext.visitQueue (C:\Users\DboxAdmin\skill_projects\expense-tracker\node_modules\@babel\traverse\lib\context.js:96:16)
    at TraversalContext.visitSingle (C:\Users\DboxAdmin\skill_projects\expense-tracker\node_modules\@babel\traverse\lib\context.js:72:19)
    at TraversalContext.visit (C:\Users\DboxAdmin\skill_projects\expense-tracker\node_modules\@babel\traverse\lib\context.js:119:19)
    at traverseNode (C:\Users\DboxAdmin\skill_projects\expense-tracker\node_modules\@babel\traverse\lib\traverse-node.js:130:17)
    at traverse (C:\Users\DboxAdmin\skill_projects\expense-tracker\node_modules\@babel\traverse\lib\index.js:53:34)
    at transformFile (C:\Users\DboxAdmin\skill_projects\expense-tracker\node_modules\@babel\core\lib\transformation\index.js:79:29)
    at transformFile.next (<anonymous>)
    at run (C:\Users\DboxAdmin\skill_projects\expense-tracker\node_modules\@babel\core\lib\transformation\index.js:25:12)
    at run.next (<anonymous>)
    at transform (C:\Users\DboxAdmin\skill_projects\expense-tracker\node_modules\@babel\core\lib\transform.js:22:33)
    at transform.next (<anonymous>)
    at evaluateSync (C:\Users\DboxAdmin\skill_projects\expense-tracker\node_modules\gensync\index.js:251:28)
    at sync (C:\Users\DboxAdmin\skill_projects\expense-tracker\node_modules\gensync\index.js:89:14)
    at stopHiding - secret - don't use this - v1 (C:\Users\DboxAdmin\skill_projects\expense-tracker\node_modules\@babel\core\lib\errors\rewrite-stack-trace.js:47:12)
    at Object.transformSync (C:\Users\DboxAdmin\skill_projects\expense-tracker\node_modules\@babel\core\lib\transform.js:40:76)
    at parseWithBabel (C:\Users\DboxAdmin\skill_projects\expense-tracker\node_modules\@expo\metro-config\build\transformSync.js:75:18)
    at transformSync (C:\Users\DboxAdmin\skill_projects\expense-tracker\node_modules\@expo\metro-config\build\transformSync.js:54:16)
    at Object.transform (C:\Users\DboxAdmin\skill_projects\expense-tracker\node_modules\@expo\metro-config\build\babel-transformer.js:146:58)
    at transformJSWithBabel (C:\Users\DboxAdmin\skill_projects\expense-tracker\node_modules\@expo\metro-config\build\transform-worker\metro-transform-worker.js:495:47)
    at Object.transform (C:\Users\DboxAdmin\skill_projects\expense-tracker\node_modules\@expo\metro-config\build\transform-worker\metro-transform-worker.js:614:12)
    at Object.transform (C:\Users\DboxAdmin\skill_projects\expense-tracker\node_modules\@expo\metro-config\build\transform-worker\transform-worker.js:179:19)
    at transformFile (C:\Users\DboxAdmin\skill_projects\expense-tracker\node_modules\metro\src\DeltaBundler\Worker.flow.js:67:36)
    at Object.transform (C:\Users\DboxAdmin\skill_projects\expense-tracker\node_modules\metro\src\DeltaBundler\Worker.flow.js:42:10)
    at execFunction (C:\Users\DboxAdmin\skill_projects\expense-tracker\node_modules\jest-worker\build\workers\threadChild.js:167:17)
    at execHelper (C:\Users\DboxAdmin\skill_projects\expense-tracker\node_modules\jest-worker\build\workers\threadChild.js:155:5)
    at execMethod (C:\Users\DboxAdmin\skill_projects\expense-tracker\node_modules\jest-worker\build\workers\threadChild.js:158:5)
    at MessagePort.messageListener (C:\Users\DboxAdmin\skill_projects\expense-tracker\node_modules\jest-worker\build\workers\threadChild.js:52:7)
    at [nodejs.internal.kHybridDispatch] (node:internal/event_target:848:20)
 ERROR  ReactCompilerError: Found 2 errors:

Todo: (BuildHIR::lowerStatement) Handle TryStatement with a finalizer ('finally') clause

  110 |     loadingMore.current = true;
  111 |
> 112 |     try {
      |     ^^^^^
> 113 |       const repository = new ExpenseRepository(await getDatabase());
      | ^^^^^^^^^^^^^^^^^^^^^^^^^^^^^^^^^^^^^^^^^^^^^^^^^^^^^^^^^^^^^^^^^^^^
> 114 |       const page = await repository.listRecent({ limit: EXPENSE_PAGE_SIZE, offset: 0 });
      | ^^^^^^^^^^^^^^^^^^^^^^^^^^^^^^^^^^^^^^^^^^^^^^^^^^^^^^^^^^^^^^^^^^^^
> 115 |
      | ^^^^^^^^^^^^^^^^^^^^^^^^^^^^^^^^^^^^^^^^^^^^^^^^^^^^^^^^^^^^^^^^^^^^
> 116 |       setRows(page.expenses);
      | ^^^^^^^^^^^^^^^^^^^^^^^^^^^^^^^^^^^^^^^^^^^^^^^^^^^^^^^^^^^^^^^^^^^^
> 117 |       setHasMore(page.hasMore);
      | ^^^^^^^^^^^^^^^^^^^^^^^^^^^^^^^^^^^^^^^^^^^^^^^^^^^^^^^^^^^^^^^^^^^^
> 118 |       setStatus('ready');
      | ^^^^^^^^^^^^^^^^^^^^^^^^^^^^^^^^^^^^^^^^^^^^^^^^^^^^^^^^^^^^^^^^^^^^
> 119 |     } catch (error) {
      | ^^^^^^^^^^^^^^^^^^^^^^^^^^^^^^^^^^^^^^^^^^^^^^^^^^^^^^^^^^^^^^^^^^^^
> 120 |       // Rows already on screen are left alone; only a first load with nothing to
      | ^^^^^^^^^^^^^^^^^^^^^^^^^^^^^^^^^^^^^^^^^^^^^^^^^^^^^^^^^^^^^^^^^^^^
> 121 |       // show replaces them with an error.
      | ^^^^^^^^^^^^^^^^^^^^^^^^^^^^^^^^^^^^^^^^^^^^^^^^^^^^^^^^^^^^^^^^^^^^
> 122 |       console.warn('[expenses] could not load the first page', error);
      | ^^^^^^^^^^^^^^^^^^^^^^^^^^^^^^^^^^^^^^^^^^^^^^^^^^^^^^^^^^^^^^^^^^^^
> 123 |
      | ^^^^^^^^^^^^^^^^^^^^^^^^^^^^^^^^^^^^^^^^^^^^^^^^^^^^^^^^^^^^^^^^^^^^
> 124 |       if (rows.length === 0) {
      | ^^^^^^^^^^^^^^^^^^^^^^^^^^^^^^^^^^^^^^^^^^^^^^^^^^^^^^^^^^^^^^^^^^^^
> 125 |         setStatus('error');
      | ^^^^^^^^^^^^^^^^^^^^^^^^^^^^^^^^^^^^^^^^^^^^^^^^^^^^^^^^^^^^^^^^^^^^
> 126 |       }
      | ^^^^^^^^^^^^^^^^^^^^^^^^^^^^^^^^^^^^^^^^^^^^^^^^^^^^^^^^^^^^^^^^^^^^
> 127 |     } finally {
      | ^^^^^^^^^^^^^^^^^^^^^^^^^^^^^^^^^^^^^^^^^^^^^^^^^^^^^^^^^^^^^^^^^^^^
> 128 |       loadingMore.current = false;
      | ^^^^^^^^^^^^^^^^^^^^^^^^^^^^^^^^^^^^^^^^^^^^^^^^^^^^^^^^^^^^^^^^^^^^
> 129 |     }
      | ^^^^^^ (BuildHIR::lowerStatement) Handle TryStatement with a finalizer ('finally') clause
  130 |   }, [rows.length]);
  131 |
  132 |   const loadNextPage = useCallback(async () => {

Todo: (BuildHIR::lowerStatement) Handle TryStatement with a finalizer ('finally') clause

  140 |     loadingMore.current = true;
  141 |
> 142 |     try {
      |     ^^^^^
> 143 |       const repository = new ExpenseRepository(await getDatabase());
      | ^^^^^^^^^^^^^^^^^^^^^^^^^^^^^^^^^^^^^^^^^^^^^^^^^^^^^^^^^^^^^^^^^^^^
> 144 |       const page = await repository.listRecent({
      | ^^^^^^^^^^^^^^^^^^^^^^^^^^^^^^^^^^^^^^^^^^^^^^^^^^^^^^^^^^^^^^^^^^^^
> 145 |         limit: EXPENSE_PAGE_SIZE,
      | ^^^^^^^^^^^^^^^^^^^^^^^^^^^^^^^^^^^^^^^^^^^^^^^^^^^^^^^^^^^^^^^^^^^^
> 146 |         // Read against the rows on screen, not against a separate counter that
      | ^^^^^^^^^^^^^^^^^^^^^^^^^^^^^^^^^^^^^^^^^^^^^^^^^^^^^^^^^^^^^^^^^^^^
> 147 |         // could drift from them.
      | ^^^^^^^^^^^^^^^^^^^^^^^^^^^^^^^^^^^^^^^^^^^^^^^^^^^^^^^^^^^^^^^^^^^^
> 148 |         offset: rows.length,
      | ^^^^^^^^^^^^^^^^^^^^^^^^^^^^^^^^^^^^^^^^^^^^^^^^^^^^^^^^^^^^^^^^^^^^
> 149 |       });
      | ^^^^^^^^^^^^^^^^^^^^^^^^^^^^^^^^^^^^^^^^^^^^^^^^^^^^^^^^^^^^^^^^^^^^
> 150 |
      | ^^^^^^^^^^^^^^^^^^^^^^^^^^^^^^^^^^^^^^^^^^^^^^^^^^^^^^^^^^^^^^^^^^^^
> 151 |       setHasMore(page.hasMore);
      | ^^^^^^^^^^^^^^^^^^^^^^^^^^^^^^^^^^^^^^^^^^^^^^^^^^^^^^^^^^^^^^^^^^^^
> 152 |
      | ^^^^^^^^^^^^^^^^^^^^^^^^^^^^^^^^^^^^^^^^^^^^^^^^^^^^^^^^^^^^^^^^^^^^
> 153 |       if (page.expenses.length > 0) {
      | ^^^^^^^^^^^^^^^^^^^^^^^^^^^^^^^^^^^^^^^^^^^^^^^^^^^^^^^^^^^^^^^^^^^^
> 154 |         // Append. These are the same row objects the query returned, so the
      | ^^^^^^^^^^^^^^^^^^^^^^^^^^^^^^^^^^^^^^^^^^^^^^^^^^^^^^^^^^^^^^^^^^^^
> 155 |         // rows already on screen keep their identity and do not re-render.
      | ^^^^^^^^^^^^^^^^^^^^^^^^^^^^^^^^^^^^^^^^^^^^^^^^^^^^^^^^^^^^^^^^^^^^
> 156 |         setRows((current) => [...current, ...page.expenses]);
      | ^^^^^^^^^^^^^^^^^^^^^^^^^^^^^^^^^^^^^^^^^^^^^^^^^^^^^^^^^^^^^^^^^^^^
> 157 |       }
      | ^^^^^^^^^^^^^^^^^^^^^^^^^^^^^^^^^^^^^^^^^^^^^^^^^^^^^^^^^^^^^^^^^^^^
> 158 |     } catch (error) {
      | ^^^^^^^^^^^^^^^^^^^^^^^^^^^^^^^^^^^^^^^^^^^^^^^^^^^^^^^^^^^^^^^^^^^^
> 159 |       /*
      | ^^^^^^^^^^^^^^^^^^^^^^^^^^^^^^^^^^^^^^^^^^^^^^^^^^^^^^^^^^^^^^^^^^^^
> 160 |         Stop paging rather than looping. A failure here leaves the offset where it
      | ^^^^^^^^^^^^^^^^^^^^^^^^^^^^^^^^^^^^^^^^^^^^^^^^^^^^^^^^^^^^^^^^^^^^
> 161 |         was, so the next scroll would ask for the same page again and keep
      | ^^^^^^^^^^^^^^^^^^^^^^^^^^^^^^^^^^^^^^^^^^^^^^^^^^^^^^^^^^^^^^^^^^^^
> 162 |         failing; clearing `hasMore` turns the footer into "End of history" and
      | ^^^^^^^^^^^^^^^^^^^^^^^^^^^^^^^^^^^^^^^^^^^^^^^^^^^^^^^^^^^^^^^^^^^^
> 163 |         leaves a working part of the list rather than an endless spinner.
      | ^^^^^^^^^^^^^^^^^^^^^^^^^^^^^^^^^^^^^^^^^^^^^^^^^^^^^^^^^^^^^^^^^^^^
> 164 |       */
      | ^^^^^^^^^^^^^^^^^^^^^^^^^^^^^^^^^^^^^^^^^^^^^^^^^^^^^^^^^^^^^^^^^^^^
> 165 |       console.warn('[expenses] could not load the next page', error);
      | ^^^^^^^^^^^^^^^^^^^^^^^^^^^^^^^^^^^^^^^^^^^^^^^^^^^^^^^^^^^^^^^^^^^^
> 166 |       setHasMore(false);
      | ^^^^^^^^^^^^^^^^^^^^^^^^^^^^^^^^^^^^^^^^^^^^^^^^^^^^^^^^^^^^^^^^^^^^
> 167 |     } finally {
      | ^^^^^^^^^^^^^^^^^^^^^^^^^^^^^^^^^^^^^^^^^^^^^^^^^^^^^^^^^^^^^^^^^^^^
> 168 |       loadingMore.current = false;
      | ^^^^^^^^^^^^^^^^^^^^^^^^^^^^^^^^^^^^^^^^^^^^^^^^^^^^^^^^^^^^^^^^^^^^
> 169 |     }
      | ^^^^^^ (BuildHIR::lowerStatement) Handle TryStatement with a finalizer ('finally') clause
  170 |   }, [hasMore, rows.length]);
  171 |
  172 |   /*
    at new HIRBuilder (C:\Users\DboxAdmin\skill_projects\expense-tracker\node_modules\babel-plugin-react-compiler\dist\index.js:76126:19)
    at lower (C:\Users\DboxAdmin\skill_projects\expense-tracker\node_modules\babel-plugin-react-compiler\dist\index.js:78097:19)
    at runWithEnvironment (C:\Users\DboxAdmin\skill_projects\expense-tracker\node_modules\babel-plugin-react-compiler\dist\index.js:106368:15)
    at run (C:\Users\DboxAdmin\skill_projects\expense-tracker\node_modules\babel-plugin-react-compiler\dist\index.js:106361:10)
    at compileFn (C:\Users\DboxAdmin\skill_projects\expense-tracker\node_modules\babel-plugin-react-compiler\dist\index.js:106689:10)
    at tryCompileFunction (C:\Users\DboxAdmin\skill_projects\expense-tracker\node_modules\babel-plugin-react-compiler\dist\index.js:107289:19)
    at processFn (C:\Users\DboxAdmin\skill_projects\expense-tracker\node_modules\babel-plugin-react-compiler\dist\index.js:107226:25)
    at compileProgram (C:\Users\DboxAdmin\skill_projects\expense-tracker\node_modules\babel-plugin-react-compiler\dist\index.js:107107:22)
    at PluginPass.enter (C:\Users\DboxAdmin\skill_projects\expense-tracker\node_modules\babel-plugin-react-compiler\dist\index.js:108443:28)
    at newFn (C:\Users\DboxAdmin\skill_projects\expense-tracker\node_modules\@babel\traverse\lib\visitors.js:168:14)
    at NodePath._call (C:\Users\DboxAdmin\skill_projects\expense-tracker\node_modules\@babel\traverse\lib\path\context.js:50:20)
    at NodePath.call (C:\Users\DboxAdmin\skill_projects\expense-tracker\node_modules\@babel\traverse\lib\path\context.js:40:18)
    at NodePath.visit (C:\Users\DboxAdmin\skill_projects\expense-tracker\node_modules\@babel\traverse\lib\path\context.js:87:31)
    at TraversalContext.visitQueue (C:\Users\DboxAdmin\skill_projects\expense-tracker\node_modules\@babel\traverse\lib\context.js:96:16)
    at TraversalContext.visitSingle (C:\Users\DboxAdmin\skill_projects\expense-tracker\node_modules\@babel\traverse\lib\context.js:72:19)
    at TraversalContext.visit (C:\Users\DboxAdmin\skill_projects\expense-tracker\node_modules\@babel\traverse\lib\context.js:119:19)
    at traverseNode (C:\Users\DboxAdmin\skill_projects\expense-tracker\node_modules\@babel\traverse\lib\traverse-node.js:130:17)
    at traverse (C:\Users\DboxAdmin\skill_projects\expense-tracker\node_modules\@babel\traverse\lib\index.js:53:34)
    at transformFile (C:\Users\DboxAdmin\skill_projects\expense-tracker\node_modules\@babel\core\lib\transformation\index.js:79:29)
    at transformFile.next (<anonymous>)
    at run (C:\Users\DboxAdmin\skill_projects\expense-tracker\node_modules\@babel\core\lib\transformation\index.js:25:12)
    at run.next (<anonymous>)
    at transform (C:\Users\DboxAdmin\skill_projects\expense-tracker\node_modules\@babel\core\lib\transform.js:22:33)
    at transform.next (<anonymous>)
    at evaluateSync (C:\Users\DboxAdmin\skill_projects\expense-tracker\node_modules\gensync\index.js:251:28)
    at sync (C:\Users\DboxAdmin\skill_projects\expense-tracker\node_modules\gensync\index.js:89:14)
    at stopHiding - secret - don't use this - v1 (C:\Users\DboxAdmin\skill_projects\expense-tracker\node_modules\@babel\core\lib\errors\rewrite-stack-trace.js:47:12)
    at Object.transformSync (C:\Users\DboxAdmin\skill_projects\expense-tracker\node_modules\@babel\core\lib\transform.js:40:76)
    at parseWithBabel (C:\Users\DboxAdmin\skill_projects\expense-tracker\node_modules\@expo\metro-config\build\transformSync.js:75:18)
    at transformSync (C:\Users\DboxAdmin\skill_projects\expense-tracker\node_modules\@expo\metro-config\build\transformSync.js:54:16)
    at Object.transform (C:\Users\DboxAdmin\skill_projects\expense-tracker\node_modules\@expo\metro-config\build\babel-transformer.js:146:58)
    at transformJSWithBabel (C:\Users\DboxAdmin\skill_projects\expense-tracker\node_modules\@expo\metro-config\build\transform-worker\metro-transform-worker.js:495:47)
    at Object.transform (C:\Users\DboxAdmin\skill_projects\expense-tracker\node_modules\@expo\metro-config\build\transform-worker\metro-transform-worker.js:614:12)
    at Object.transform (C:\Users\DboxAdmin\skill_projects\expense-tracker\node_modules\@expo\metro-config\build\transform-worker\transform-worker.js:179:19)
    at transformFile (C:\Users\DboxAdmin\skill_projects\expense-tracker\node_modules\metro\src\DeltaBundler\Worker.flow.js:67:36)
    at Object.transform (C:\Users\DboxAdmin\skill_projects\expense-tracker\node_modules\metro\src\DeltaBundler\Worker.flow.js:42:10)
    at execFunction (C:\Users\DboxAdmin\skill_projects\expense-tracker\node_modules\jest-worker\build\workers\threadChild.js:167:17)
    at execHelper (C:\Users\DboxAdmin\skill_projects\expense-tracker\node_modules\jest-worker\build\workers\threadChild.js:155:5)
    at execMethod (C:\Users\DboxAdmin\skill_projects\expense-tracker\node_modules\jest-worker\build\workers\threadChild.js:158:5)
    at MessagePort.messageListener (C:\Users\DboxAdmin\skill_projects\expense-tracker\node_modules\jest-worker\build\workers\threadChild.js:52:7)
    at [nodejs.internal.kHybridDispatch] (node:internal/event_target:848:20)
 ERROR  ReactCompilerError: Found 2 errors:

Todo: (BuildHIR::lowerStatement) Handle TryStatement with a finalizer ('finally') clause

  110 |     loadingMore.current = true;
  111 |
> 112 |     try {
      |     ^^^^^
> 113 |       const repository = new ExpenseRepository(await getDatabase());
      | ^^^^^^^^^^^^^^^^^^^^^^^^^^^^^^^^^^^^^^^^^^^^^^^^^^^^^^^^^^^^^^^^^^^^
> 114 |       const page = await repository.listRecent({ limit: EXPENSE_PAGE_SIZE, offset: 0 });
      | ^^^^^^^^^^^^^^^^^^^^^^^^^^^^^^^^^^^^^^^^^^^^^^^^^^^^^^^^^^^^^^^^^^^^
> 115 |
      | ^^^^^^^^^^^^^^^^^^^^^^^^^^^^^^^^^^^^^^^^^^^^^^^^^^^^^^^^^^^^^^^^^^^^
> 116 |       setRows(page.expenses);
      | ^^^^^^^^^^^^^^^^^^^^^^^^^^^^^^^^^^^^^^^^^^^^^^^^^^^^^^^^^^^^^^^^^^^^
> 117 |       setHasMore(page.hasMore);
      | ^^^^^^^^^^^^^^^^^^^^^^^^^^^^^^^^^^^^^^^^^^^^^^^^^^^^^^^^^^^^^^^^^^^^
> 118 |       setStatus('ready');
      | ^^^^^^^^^^^^^^^^^^^^^^^^^^^^^^^^^^^^^^^^^^^^^^^^^^^^^^^^^^^^^^^^^^^^
> 119 |     } catch (error) {
      | ^^^^^^^^^^^^^^^^^^^^^^^^^^^^^^^^^^^^^^^^^^^^^^^^^^^^^^^^^^^^^^^^^^^^
> 120 |       // Rows already on screen are left alone; only a first load with nothing to
      | ^^^^^^^^^^^^^^^^^^^^^^^^^^^^^^^^^^^^^^^^^^^^^^^^^^^^^^^^^^^^^^^^^^^^
> 121 |       // show replaces them with an error.
      | ^^^^^^^^^^^^^^^^^^^^^^^^^^^^^^^^^^^^^^^^^^^^^^^^^^^^^^^^^^^^^^^^^^^^
> 122 |       console.warn('[expenses] could not load the first page', error);
      | ^^^^^^^^^^^^^^^^^^^^^^^^^^^^^^^^^^^^^^^^^^^^^^^^^^^^^^^^^^^^^^^^^^^^
> 123 |
      | ^^^^^^^^^^^^^^^^^^^^^^^^^^^^^^^^^^^^^^^^^^^^^^^^^^^^^^^^^^^^^^^^^^^^
> 124 |       if (rows.length === 0) {
      | ^^^^^^^^^^^^^^^^^^^^^^^^^^^^^^^^^^^^^^^^^^^^^^^^^^^^^^^^^^^^^^^^^^^^
> 125 |         setStatus('error');
      | ^^^^^^^^^^^^^^^^^^^^^^^^^^^^^^^^^^^^^^^^^^^^^^^^^^^^^^^^^^^^^^^^^^^^
> 126 |       }
      | ^^^^^^^^^^^^^^^^^^^^^^^^^^^^^^^^^^^^^^^^^^^^^^^^^^^^^^^^^^^^^^^^^^^^
> 127 |     } finally {
      | ^^^^^^^^^^^^^^^^^^^^^^^^^^^^^^^^^^^^^^^^^^^^^^^^^^^^^^^^^^^^^^^^^^^^
> 128 |       loadingMore.current = false;
      | ^^^^^^^^^^^^^^^^^^^^^^^^^^^^^^^^^^^^^^^^^^^^^^^^^^^^^^^^^^^^^^^^^^^^
> 129 |     }
      | ^^^^^^ (BuildHIR::lowerStatement) Handle TryStatement with a finalizer ('finally') clause
  130 |   }, [rows.length]);
  131 |
  132 |   const loadNextPage = useCallback(async () => {

Todo: (BuildHIR::lowerStatement) Handle TryStatement with a finalizer ('finally') clause

  140 |     loadingMore.current = true;
  141 |
> 142 |     try {
      |     ^^^^^
> 143 |       const repository = new ExpenseRepository(await getDatabase());
      | ^^^^^^^^^^^^^^^^^^^^^^^^^^^^^^^^^^^^^^^^^^^^^^^^^^^^^^^^^^^^^^^^^^^^
> 144 |       const page = await repository.listRecent({
      | ^^^^^^^^^^^^^^^^^^^^^^^^^^^^^^^^^^^^^^^^^^^^^^^^^^^^^^^^^^^^^^^^^^^^
> 145 |         limit: EXPENSE_PAGE_SIZE,
      | ^^^^^^^^^^^^^^^^^^^^^^^^^^^^^^^^^^^^^^^^^^^^^^^^^^^^^^^^^^^^^^^^^^^^
> 146 |         // Read against the rows on screen, not against a separate counter that
      | ^^^^^^^^^^^^^^^^^^^^^^^^^^^^^^^^^^^^^^^^^^^^^^^^^^^^^^^^^^^^^^^^^^^^
> 147 |         // could drift from them.
      | ^^^^^^^^^^^^^^^^^^^^^^^^^^^^^^^^^^^^^^^^^^^^^^^^^^^^^^^^^^^^^^^^^^^^
> 148 |         offset: rows.length,
      | ^^^^^^^^^^^^^^^^^^^^^^^^^^^^^^^^^^^^^^^^^^^^^^^^^^^^^^^^^^^^^^^^^^^^
> 149 |       });
      | ^^^^^^^^^^^^^^^^^^^^^^^^^^^^^^^^^^^^^^^^^^^^^^^^^^^^^^^^^^^^^^^^^^^^
> 150 |
      | ^^^^^^^^^^^^^^^^^^^^^^^^^^^^^^^^^^^^^^^^^^^^^^^^^^^^^^^^^^^^^^^^^^^^
> 151 |       setHasMore(page.hasMore);
      | ^^^^^^^^^^^^^^^^^^^^^^^^^^^^^^^^^^^^^^^^^^^^^^^^^^^^^^^^^^^^^^^^^^^^
> 152 |
      | ^^^^^^^^^^^^^^^^^^^^^^^^^^^^^^^^^^^^^^^^^^^^^^^^^^^^^^^^^^^^^^^^^^^^
> 153 |       if (page.expenses.length > 0) {
      | ^^^^^^^^^^^^^^^^^^^^^^^^^^^^^^^^^^^^^^^^^^^^^^^^^^^^^^^^^^^^^^^^^^^^
> 154 |         // Append. These are the same row objects the query returned, so the
      | ^^^^^^^^^^^^^^^^^^^^^^^^^^^^^^^^^^^^^^^^^^^^^^^^^^^^^^^^^^^^^^^^^^^^
> 155 |         // rows already on screen keep their identity and do not re-render.
      | ^^^^^^^^^^^^^^^^^^^^^^^^^^^^^^^^^^^^^^^^^^^^^^^^^^^^^^^^^^^^^^^^^^^^
> 156 |         setRows((current) => [...current, ...page.expenses]);
      | ^^^^^^^^^^^^^^^^^^^^^^^^^^^^^^^^^^^^^^^^^^^^^^^^^^^^^^^^^^^^^^^^^^^^
> 157 |       }
      | ^^^^^^^^^^^^^^^^^^^^^^^^^^^^^^^^^^^^^^^^^^^^^^^^^^^^^^^^^^^^^^^^^^^^
> 158 |     } catch (error) {
      | ^^^^^^^^^^^^^^^^^^^^^^^^^^^^^^^^^^^^^^^^^^^^^^^^^^^^^^^^^^^^^^^^^^^^
> 159 |       /*
      | ^^^^^^^^^^^^^^^^^^^^^^^^^^^^^^^^^^^^^^^^^^^^^^^^^^^^^^^^^^^^^^^^^^^^
> 160 |         Stop paging rather than looping. A failure here leaves the offset where it
      | ^^^^^^^^^^^^^^^^^^^^^^^^^^^^^^^^^^^^^^^^^^^^^^^^^^^^^^^^^^^^^^^^^^^^
> 161 |         was, so the next scroll would ask for the same page again and keep
      | ^^^^^^^^^^^^^^^^^^^^^^^^^^^^^^^^^^^^^^^^^^^^^^^^^^^^^^^^^^^^^^^^^^^^
> 162 |         failing; clearing `hasMore` turns the footer into "End of history" and
      | ^^^^^^^^^^^^^^^^^^^^^^^^^^^^^^^^^^^^^^^^^^^^^^^^^^^^^^^^^^^^^^^^^^^^
> 163 |         leaves a working part of the list rather than an endless spinner.
      | ^^^^^^^^^^^^^^^^^^^^^^^^^^^^^^^^^^^^^^^^^^^^^^^^^^^^^^^^^^^^^^^^^^^^
> 164 |       */
      | ^^^^^^^^^^^^^^^^^^^^^^^^^^^^^^^^^^^^^^^^^^^^^^^^^^^^^^^^^^^^^^^^^^^^
> 165 |       console.warn('[expenses] could not load the next page', error);
      | ^^^^^^^^^^^^^^^^^^^^^^^^^^^^^^^^^^^^^^^^^^^^^^^^^^^^^^^^^^^^^^^^^^^^
> 166 |       setHasMore(false);
      | ^^^^^^^^^^^^^^^^^^^^^^^^^^^^^^^^^^^^^^^^^^^^^^^^^^^^^^^^^^^^^^^^^^^^
> 167 |     } finally {
      | ^^^^^^^^^^^^^^^^^^^^^^^^^^^^^^^^^^^^^^^^^^^^^^^^^^^^^^^^^^^^^^^^^^^^
> 168 |       loadingMore.current = false;
      | ^^^^^^^^^^^^^^^^^^^^^^^^^^^^^^^^^^^^^^^^^^^^^^^^^^^^^^^^^^^^^^^^^^^^
> 169 |     }
      | ^^^^^^ (BuildHIR::lowerStatement) Handle TryStatement with a finalizer ('finally') clause
  170 |   }, [hasMore, rows.length]);
  171 |
  172 |   /*
    at new HIRBuilder (C:\Users\DboxAdmin\skill_projects\expense-tracker\node_modules\babel-plugin-react-compiler\dist\index.js:76126:19)
    at lower (C:\Users\DboxAdmin\skill_projects\expense-tracker\node_modules\babel-plugin-react-compiler\dist\index.js:78097:19)
    at runWithEnvironment (C:\Users\DboxAdmin\skill_projects\expense-tracker\node_modules\babel-plugin-react-compiler\dist\index.js:106368:15)
    at run (C:\Users\DboxAdmin\skill_projects\expense-tracker\node_modules\babel-plugin-react-compiler\dist\index.js:106361:10)
    at compileFn (C:\Users\DboxAdmin\skill_projects\expense-tracker\node_modules\babel-plugin-react-compiler\dist\index.js:106689:10)
    at tryCompileFunction (C:\Users\DboxAdmin\skill_projects\expense-tracker\node_modules\babel-plugin-react-compiler\dist\index.js:107289:19)
    at processFn (C:\Users\DboxAdmin\skill_projects\expense-tracker\node_modules\babel-plugin-react-compiler\dist\index.js:107226:25)
    at compileProgram (C:\Users\DboxAdmin\skill_projects\expense-tracker\node_modules\babel-plugin-react-compiler\dist\index.js:107107:22)
    at PluginPass.enter (C:\Users\DboxAdmin\skill_projects\expense-tracker\node_modules\babel-plugin-react-compiler\dist\index.js:108443:28)
    at newFn (C:\Users\DboxAdmin\skill_projects\expense-tracker\node_modules\@babel\traverse\lib\visitors.js:168:14)
    at NodePath._call (C:\Users\DboxAdmin\skill_projects\expense-tracker\node_modules\@babel\traverse\lib\path\context.js:50:20)
    at NodePath.call (C:\Users\DboxAdmin\skill_projects\expense-tracker\node_modules\@babel\traverse\lib\path\context.js:40:18)
    at NodePath.visit (C:\Users\DboxAdmin\skill_projects\expense-tracker\node_modules\@babel\traverse\lib\path\context.js:87:31)
    at TraversalContext.visitQueue (C:\Users\DboxAdmin\skill_projects\expense-tracker\node_modules\@babel\traverse\lib\context.js:96:16)
    at TraversalContext.visitSingle (C:\Users\DboxAdmin\skill_projects\expense-tracker\node_modules\@babel\traverse\lib\context.js:72:19)
    at TraversalContext.visit (C:\Users\DboxAdmin\skill_projects\expense-tracker\node_modules\@babel\traverse\lib\context.js:119:19)
    at traverseNode (C:\Users\DboxAdmin\skill_projects\expense-tracker\node_modules\@babel\traverse\lib\traverse-node.js:130:17)
    at traverse (C:\Users\DboxAdmin\skill_projects\expense-tracker\node_modules\@babel\traverse\lib\index.js:53:34)
    at transformFile (C:\Users\DboxAdmin\skill_projects\expense-tracker\node_modules\@babel\core\lib\transformation\index.js:79:29)
    at transformFile.next (<anonymous>)
    at run (C:\Users\DboxAdmin\skill_projects\expense-tracker\node_modules\@babel\core\lib\transformation\index.js:25:12)
    at run.next (<anonymous>)
    at transform (C:\Users\DboxAdmin\skill_projects\expense-tracker\node_modules\@babel\core\lib\transform.js:22:33)
    at transform.next (<anonymous>)
    at evaluateSync (C:\Users\DboxAdmin\skill_projects\expense-tracker\node_modules\gensync\index.js:251:28)
    at sync (C:\Users\DboxAdmin\skill_projects\expense-tracker\node_modules\gensync\index.js:89:14)
    at stopHiding - secret - don't use this - v1 (C:\Users\DboxAdmin\skill_projects\expense-tracker\node_modules\@babel\core\lib\errors\rewrite-stack-trace.js:47:12)
    at Object.transformSync (C:\Users\DboxAdmin\skill_projects\expense-tracker\node_modules\@babel\core\lib\transform.js:40:76)
    at parseWithBabel (C:\Users\DboxAdmin\skill_projects\expense-tracker\node_modules\@expo\metro-config\build\transformSync.js:75:18)
    at transformSync (C:\Users\DboxAdmin\skill_projects\expense-tracker\node_modules\@expo\metro-config\build\transformSync.js:54:16)
    at Object.transform (C:\Users\DboxAdmin\skill_projects\expense-tracker\node_modules\@expo\metro-config\build\babel-transformer.js:146:58)
    at transformJSWithBabel (C:\Users\DboxAdmin\skill_projects\expense-tracker\node_modules\@expo\metro-config\build\transform-worker\metro-transform-worker.js:495:47)
    at Object.transform (C:\Users\DboxAdmin\skill_projects\expense-tracker\node_modules\@expo\metro-config\build\transform-worker\metro-transform-worker.js:614:12)
    at Object.transform (C:\Users\DboxAdmin\skill_projects\expense-tracker\node_modules\@expo\metro-config\build\transform-worker\transform-worker.js:179:19)
    at transformFile (C:\Users\DboxAdmin\skill_projects\expense-tracker\node_modules\metro\src\DeltaBundler\Worker.flow.js:67:36)
    at Object.transform (C:\Users\DboxAdmin\skill_projects\expense-tracker\node_modules\metro\src\DeltaBundler\Worker.flow.js:42:10)
    at execFunction (C:\Users\DboxAdmin\skill_projects\expense-tracker\node_modules\jest-worker\build\workers\threadChild.js:167:17)
    at execHelper (C:\Users\DboxAdmin\skill_projects\expense-tracker\node_modules\jest-worker\build\workers\threadChild.js:155:5)
    at execMethod (C:\Users\DboxAdmin\skill_projects\expense-tracker\node_modules\jest-worker\build\workers\threadChild.js:158:5)
    at MessagePort.messageListener (C:\Users\DboxAdmin\skill_projects\expense-tracker\node_modules\jest-worker\build\workers\threadChild.js:52:7)
    at [nodejs.internal.kHybridDispatch] (node:internal/event_target:848:20)
 ERROR  ReactCompilerError: Found 2 errors:

Todo: (BuildHIR::lowerStatement) Handle TryStatement with a finalizer ('finally') clause

  110 |     loadingMore.current = true;
  111 |
> 112 |     try {
      |     ^^^^^
> 113 |       const repository = new ExpenseRepository(await getDatabase());
      | ^^^^^^^^^^^^^^^^^^^^^^^^^^^^^^^^^^^^^^^^^^^^^^^^^^^^^^^^^^^^^^^^^^^^
> 114 |       const page = await repository.listRecent({ limit: EXPENSE_PAGE_SIZE, offset: 0 });
      | ^^^^^^^^^^^^^^^^^^^^^^^^^^^^^^^^^^^^^^^^^^^^^^^^^^^^^^^^^^^^^^^^^^^^
> 115 |
      | ^^^^^^^^^^^^^^^^^^^^^^^^^^^^^^^^^^^^^^^^^^^^^^^^^^^^^^^^^^^^^^^^^^^^
> 116 |       setRows(page.expenses);
      | ^^^^^^^^^^^^^^^^^^^^^^^^^^^^^^^^^^^^^^^^^^^^^^^^^^^^^^^^^^^^^^^^^^^^
> 117 |       setHasMore(page.hasMore);
      | ^^^^^^^^^^^^^^^^^^^^^^^^^^^^^^^^^^^^^^^^^^^^^^^^^^^^^^^^^^^^^^^^^^^^
> 118 |       setStatus('ready');
      | ^^^^^^^^^^^^^^^^^^^^^^^^^^^^^^^^^^^^^^^^^^^^^^^^^^^^^^^^^^^^^^^^^^^^
> 119 |     } catch (error) {
      | ^^^^^^^^^^^^^^^^^^^^^^^^^^^^^^^^^^^^^^^^^^^^^^^^^^^^^^^^^^^^^^^^^^^^
> 120 |       // Rows already on screen are left alone; only a first load with nothing to
      | ^^^^^^^^^^^^^^^^^^^^^^^^^^^^^^^^^^^^^^^^^^^^^^^^^^^^^^^^^^^^^^^^^^^^
> 121 |       // show replaces them with an error.
      | ^^^^^^^^^^^^^^^^^^^^^^^^^^^^^^^^^^^^^^^^^^^^^^^^^^^^^^^^^^^^^^^^^^^^
> 122 |       console.warn('[expenses] could not load the first page', error);
      | ^^^^^^^^^^^^^^^^^^^^^^^^^^^^^^^^^^^^^^^^^^^^^^^^^^^^^^^^^^^^^^^^^^^^
> 123 |
      | ^^^^^^^^^^^^^^^^^^^^^^^^^^^^^^^^^^^^^^^^^^^^^^^^^^^^^^^^^^^^^^^^^^^^
> 124 |       if (rows.length === 0) {
      | ^^^^^^^^^^^^^^^^^^^^^^^^^^^^^^^^^^^^^^^^^^^^^^^^^^^^^^^^^^^^^^^^^^^^
> 125 |         setStatus('error');
      | ^^^^^^^^^^^^^^^^^^^^^^^^^^^^^^^^^^^^^^^^^^^^^^^^^^^^^^^^^^^^^^^^^^^^
> 126 |       }
      | ^^^^^^^^^^^^^^^^^^^^^^^^^^^^^^^^^^^^^^^^^^^^^^^^^^^^^^^^^^^^^^^^^^^^
> 127 |     } finally {
      | ^^^^^^^^^^^^^^^^^^^^^^^^^^^^^^^^^^^^^^^^^^^^^^^^^^^^^^^^^^^^^^^^^^^^
> 128 |       loadingMore.current = false;
      | ^^^^^^^^^^^^^^^^^^^^^^^^^^^^^^^^^^^^^^^^^^^^^^^^^^^^^^^^^^^^^^^^^^^^
> 129 |     }
      | ^^^^^^ (BuildHIR::lowerStatement) Handle TryStatement with a finalizer ('finally') clause
  130 |   }, [rows.length]);
  131 |
  132 |   const loadNextPage = useCallback(async () => {

Todo: (BuildHIR::lowerStatement) Handle TryStatement with a finalizer ('finally') clause

  140 |     loadingMore.current = true;
  141 |
> 142 |     try {
      |     ^^^^^
> 143 |       const repository = new ExpenseRepository(await getDatabase());
      | ^^^^^^^^^^^^^^^^^^^^^^^^^^^^^^^^^^^^^^^^^^^^^^^^^^^^^^^^^^^^^^^^^^^^
> 144 |       const page = await repository.listRecent({
      | ^^^^^^^^^^^^^^^^^^^^^^^^^^^^^^^^^^^^^^^^^^^^^^^^^^^^^^^^^^^^^^^^^^^^
> 145 |         limit: EXPENSE_PAGE_SIZE,
      | ^^^^^^^^^^^^^^^^^^^^^^^^^^^^^^^^^^^^^^^^^^^^^^^^^^^^^^^^^^^^^^^^^^^^
> 146 |         // Read against the rows on screen, not against a separate counter that
      | ^^^^^^^^^^^^^^^^^^^^^^^^^^^^^^^^^^^^^^^^^^^^^^^^^^^^^^^^^^^^^^^^^^^^
> 147 |         // could drift from them.
      | ^^^^^^^^^^^^^^^^^^^^^^^^^^^^^^^^^^^^^^^^^^^^^^^^^^^^^^^^^^^^^^^^^^^^
> 148 |         offset: rows.length,
      | ^^^^^^^^^^^^^^^^^^^^^^^^^^^^^^^^^^^^^^^^^^^^^^^^^^^^^^^^^^^^^^^^^^^^
> 149 |       });
      | ^^^^^^^^^^^^^^^^^^^^^^^^^^^^^^^^^^^^^^^^^^^^^^^^^^^^^^^^^^^^^^^^^^^^
> 150 |
      | ^^^^^^^^^^^^^^^^^^^^^^^^^^^^^^^^^^^^^^^^^^^^^^^^^^^^^^^^^^^^^^^^^^^^
> 151 |       setHasMore(page.hasMore);
      | ^^^^^^^^^^^^^^^^^^^^^^^^^^^^^^^^^^^^^^^^^^^^^^^^^^^^^^^^^^^^^^^^^^^^
> 152 |
      | ^^^^^^^^^^^^^^^^^^^^^^^^^^^^^^^^^^^^^^^^^^^^^^^^^^^^^^^^^^^^^^^^^^^^
> 153 |       if (page.expenses.length > 0) {
      | ^^^^^^^^^^^^^^^^^^^^^^^^^^^^^^^^^^^^^^^^^^^^^^^^^^^^^^^^^^^^^^^^^^^^
> 154 |         // Append. These are the same row objects the query returned, so the
      | ^^^^^^^^^^^^^^^^^^^^^^^^^^^^^^^^^^^^^^^^^^^^^^^^^^^^^^^^^^^^^^^^^^^^
> 155 |         // rows already on screen keep their identity and do not re-render.
      | ^^^^^^^^^^^^^^^^^^^^^^^^^^^^^^^^^^^^^^^^^^^^^^^^^^^^^^^^^^^^^^^^^^^^
> 156 |         setRows((current) => [...current, ...page.expenses]);
      | ^^^^^^^^^^^^^^^^^^^^^^^^^^^^^^^^^^^^^^^^^^^^^^^^^^^^^^^^^^^^^^^^^^^^
> 157 |       }
      | ^^^^^^^^^^^^^^^^^^^^^^^^^^^^^^^^^^^^^^^^^^^^^^^^^^^^^^^^^^^^^^^^^^^^
> 158 |     } catch (error) {
      | ^^^^^^^^^^^^^^^^^^^^^^^^^^^^^^^^^^^^^^^^^^^^^^^^^^^^^^^^^^^^^^^^^^^^
> 159 |       /*
      | ^^^^^^^^^^^^^^^^^^^^^^^^^^^^^^^^^^^^^^^^^^^^^^^^^^^^^^^^^^^^^^^^^^^^
> 160 |         Stop paging rather than looping. A failure here leaves the offset where it
      | ^^^^^^^^^^^^^^^^^^^^^^^^^^^^^^^^^^^^^^^^^^^^^^^^^^^^^^^^^^^^^^^^^^^^
> 161 |         was, so the next scroll would ask for the same page again and keep
      | ^^^^^^^^^^^^^^^^^^^^^^^^^^^^^^^^^^^^^^^^^^^^^^^^^^^^^^^^^^^^^^^^^^^^
> 162 |         failing; clearing `hasMore` turns the footer into "End of history" and
      | ^^^^^^^^^^^^^^^^^^^^^^^^^^^^^^^^^^^^^^^^^^^^^^^^^^^^^^^^^^^^^^^^^^^^
> 163 |         leaves a working part of the list rather than an endless spinner.
      | ^^^^^^^^^^^^^^^^^^^^^^^^^^^^^^^^^^^^^^^^^^^^^^^^^^^^^^^^^^^^^^^^^^^^
> 164 |       */
      | ^^^^^^^^^^^^^^^^^^^^^^^^^^^^^^^^^^^^^^^^^^^^^^^^^^^^^^^^^^^^^^^^^^^^
> 165 |       console.warn('[expenses] could not load the next page', error);
      | ^^^^^^^^^^^^^^^^^^^^^^^^^^^^^^^^^^^^^^^^^^^^^^^^^^^^^^^^^^^^^^^^^^^^
> 166 |       setHasMore(false);
      | ^^^^^^^^^^^^^^^^^^^^^^^^^^^^^^^^^^^^^^^^^^^^^^^^^^^^^^^^^^^^^^^^^^^^
> 167 |     } finally {
      | ^^^^^^^^^^^^^^^^^^^^^^^^^^^^^^^^^^^^^^^^^^^^^^^^^^^^^^^^^^^^^^^^^^^^
> 168 |       loadingMore.current = false;
      | ^^^^^^^^^^^^^^^^^^^^^^^^^^^^^^^^^^^^^^^^^^^^^^^^^^^^^^^^^^^^^^^^^^^^
> 169 |     }
      | ^^^^^^ (BuildHIR::lowerStatement) Handle TryStatement with a finalizer ('finally') clause
  170 |   }, [hasMore, rows.length]);
  171 |
  172 |   /*
    at new HIRBuilder (C:\Users\DboxAdmin\skill_projects\expense-tracker\node_modules\babel-plugin-react-compiler\dist\index.js:76126:19)
    at lower (C:\Users\DboxAdmin\skill_projects\expense-tracker\node_modules\babel-plugin-react-compiler\dist\index.js:78097:19)
    at runWithEnvironment (C:\Users\DboxAdmin\skill_projects\expense-tracker\node_modules\babel-plugin-react-compiler\dist\index.js:106368:15)
    at run (C:\Users\DboxAdmin\skill_projects\expense-tracker\node_modules\babel-plugin-react-compiler\dist\index.js:106361:10)
    at compileFn (C:\Users\DboxAdmin\skill_projects\expense-tracker\node_modules\babel-plugin-react-compiler\dist\index.js:106689:10)
    at tryCompileFunction (C:\Users\DboxAdmin\skill_projects\expense-tracker\node_modules\babel-plugin-react-compiler\dist\index.js:107289:19)
    at processFn (C:\Users\DboxAdmin\skill_projects\expense-tracker\node_modules\babel-plugin-react-compiler\dist\index.js:107226:25)
    at compileProgram (C:\Users\DboxAdmin\skill_projects\expense-tracker\node_modules\babel-plugin-react-compiler\dist\index.js:107107:22)
    at PluginPass.enter (C:\Users\DboxAdmin\skill_projects\expense-tracker\node_modules\babel-plugin-react-compiler\dist\index.js:108443:28)
    at newFn (C:\Users\DboxAdmin\skill_projects\expense-tracker\node_modules\@babel\traverse\lib\visitors.js:168:14)
    at NodePath._call (C:\Users\DboxAdmin\skill_projects\expense-tracker\node_modules\@babel\traverse\lib\path\context.js:50:20)
    at NodePath.call (C:\Users\DboxAdmin\skill_projects\expense-tracker\node_modules\@babel\traverse\lib\path\context.js:40:18)
    at NodePath.visit (C:\Users\DboxAdmin\skill_projects\expense-tracker\node_modules\@babel\traverse\lib\path\context.js:87:31)
    at TraversalContext.visitQueue (C:\Users\DboxAdmin\skill_projects\expense-tracker\node_modules\@babel\traverse\lib\context.js:96:16)
    at TraversalContext.visitSingle (C:\Users\DboxAdmin\skill_projects\expense-tracker\node_modules\@babel\traverse\lib\context.js:72:19)
    at TraversalContext.visit (C:\Users\DboxAdmin\skill_projects\expense-tracker\node_modules\@babel\traverse\lib\context.js:119:19)
    at traverseNode (C:\Users\DboxAdmin\skill_projects\expense-tracker\node_modules\@babel\traverse\lib\traverse-node.js:130:17)
    at traverse (C:\Users\DboxAdmin\skill_projects\expense-tracker\node_modules\@babel\traverse\lib\index.js:53:34)
    at transformFile (C:\Users\DboxAdmin\skill_projects\expense-tracker\node_modules\@babel\core\lib\transformation\index.js:79:29)
    at transformFile.next (<anonymous>)
    at run (C:\Users\DboxAdmin\skill_projects\expense-tracker\node_modules\@babel\core\lib\transformation\index.js:25:12)
    at run.next (<anonymous>)
    at transform (C:\Users\DboxAdmin\skill_projects\expense-tracker\node_modules\@babel\core\lib\transform.js:22:33)
    at transform.next (<anonymous>)
    at evaluateSync (C:\Users\DboxAdmin\skill_projects\expense-tracker\node_modules\gensync\index.js:251:28)
    at sync (C:\Users\DboxAdmin\skill_projects\expense-tracker\node_modules\gensync\index.js:89:14)
    at stopHiding - secret - don't use this - v1 (C:\Users\DboxAdmin\skill_projects\expense-tracker\node_modules\@babel\core\lib\errors\rewrite-stack-trace.js:47:12)
    at Object.transformSync (C:\Users\DboxAdmin\skill_projects\expense-tracker\node_modules\@babel\core\lib\transform.js:40:76)
    at parseWithBabel (C:\Users\DboxAdmin\skill_projects\expense-tracker\node_modules\@expo\metro-config\build\transformSync.js:75:18)
    at transformSync (C:\Users\DboxAdmin\skill_projects\expense-tracker\node_modules\@expo\metro-config\build\transformSync.js:54:16)
    at Object.transform (C:\Users\DboxAdmin\skill_projects\expense-tracker\node_modules\@expo\metro-config\build\babel-transformer.js:146:58)
    at transformJSWithBabel (C:\Users\DboxAdmin\skill_projects\expense-tracker\node_modules\@expo\metro-config\build\transform-worker\metro-transform-worker.js:495:47)
    at Object.transform (C:\Users\DboxAdmin\skill_projects\expense-tracker\node_modules\@expo\metro-config\build\transform-worker\metro-transform-worker.js:614:12)
    at Object.transform (C:\Users\DboxAdmin\skill_projects\expense-tracker\node_modules\@expo\metro-config\build\transform-worker\transform-worker.js:179:19)
    at transformFile (C:\Users\DboxAdmin\skill_projects\expense-tracker\node_modules\metro\src\DeltaBundler\Worker.flow.js:67:36)
    at Object.transform (C:\Users\DboxAdmin\skill_projects\expense-tracker\node_modules\metro\src\DeltaBundler\Worker.flow.js:42:10)
    at execFunction (C:\Users\DboxAdmin\skill_projects\expense-tracker\node_modules\jest-worker\build\workers\threadChild.js:167:17)
    at execHelper (C:\Users\DboxAdmin\skill_projects\expense-tracker\node_modules\jest-worker\build\workers\threadChild.js:155:5)
    at execMethod (C:\Users\DboxAdmin\skill_projects\expense-tracker\node_modules\jest-worker\build\workers\threadChild.js:158:5)
    at MessagePort.messageListener (C:\Users\DboxAdmin\skill_projects\expense-tracker\node_modules\jest-worker\build\workers\threadChild.js:52:7)
    at [nodejs.internal.kHybridDispatch] (node:internal/event_target:848:20)
 ERROR  ReactCompilerError: Found 2 errors:

Todo: (BuildHIR::lowerStatement) Handle TryStatement with a finalizer ('finally') clause

  110 |     loadingMore.current = true;
  111 |
> 112 |     try {
      |     ^^^^^
> 113 |       const repository = new ExpenseRepository(await getDatabase());
      | ^^^^^^^^^^^^^^^^^^^^^^^^^^^^^^^^^^^^^^^^^^^^^^^^^^^^^^^^^^^^^^^^^^^^
> 114 |       const page = await repository.listRecent({ limit: EXPENSE_PAGE_SIZE, offset: 0 });
      | ^^^^^^^^^^^^^^^^^^^^^^^^^^^^^^^^^^^^^^^^^^^^^^^^^^^^^^^^^^^^^^^^^^^^
> 115 |
      | ^^^^^^^^^^^^^^^^^^^^^^^^^^^^^^^^^^^^^^^^^^^^^^^^^^^^^^^^^^^^^^^^^^^^
> 116 |       setRows(page.expenses);
      | ^^^^^^^^^^^^^^^^^^^^^^^^^^^^^^^^^^^^^^^^^^^^^^^^^^^^^^^^^^^^^^^^^^^^
> 117 |       setHasMore(page.hasMore);
      | ^^^^^^^^^^^^^^^^^^^^^^^^^^^^^^^^^^^^^^^^^^^^^^^^^^^^^^^^^^^^^^^^^^^^
> 118 |       setStatus('ready');
      | ^^^^^^^^^^^^^^^^^^^^^^^^^^^^^^^^^^^^^^^^^^^^^^^^^^^^^^^^^^^^^^^^^^^^
> 119 |     } catch (error) {
      | ^^^^^^^^^^^^^^^^^^^^^^^^^^^^^^^^^^^^^^^^^^^^^^^^^^^^^^^^^^^^^^^^^^^^
> 120 |       // Rows already on screen are left alone; only a first load with nothing to
      | ^^^^^^^^^^^^^^^^^^^^^^^^^^^^^^^^^^^^^^^^^^^^^^^^^^^^^^^^^^^^^^^^^^^^
> 121 |       // show replaces them with an error.
      | ^^^^^^^^^^^^^^^^^^^^^^^^^^^^^^^^^^^^^^^^^^^^^^^^^^^^^^^^^^^^^^^^^^^^
> 122 |       console.warn('[expenses] could not load the first page', error);
      | ^^^^^^^^^^^^^^^^^^^^^^^^^^^^^^^^^^^^^^^^^^^^^^^^^^^^^^^^^^^^^^^^^^^^
> 123 |
      | ^^^^^^^^^^^^^^^^^^^^^^^^^^^^^^^^^^^^^^^^^^^^^^^^^^^^^^^^^^^^^^^^^^^^
> 124 |       if (rows.length === 0) {
      | ^^^^^^^^^^^^^^^^^^^^^^^^^^^^^^^^^^^^^^^^^^^^^^^^^^^^^^^^^^^^^^^^^^^^
> 125 |         setStatus('error');
      | ^^^^^^^^^^^^^^^^^^^^^^^^^^^^^^^^^^^^^^^^^^^^^^^^^^^^^^^^^^^^^^^^^^^^
> 126 |       }
      | ^^^^^^^^^^^^^^^^^^^^^^^^^^^^^^^^^^^^^^^^^^^^^^^^^^^^^^^^^^^^^^^^^^^^
> 127 |     } finally {
      | ^^^^^^^^^^^^^^^^^^^^^^^^^^^^^^^^^^^^^^^^^^^^^^^^^^^^^^^^^^^^^^^^^^^^
> 128 |       loadingMore.current = false;
      | ^^^^^^^^^^^^^^^^^^^^^^^^^^^^^^^^^^^^^^^^^^^^^^^^^^^^^^^^^^^^^^^^^^^^
> 129 |     }
      | ^^^^^^ (BuildHIR::lowerStatement) Handle TryStatement with a finalizer ('finally') clause
  130 |   }, [rows.length]);
  131 |
  132 |   const loadNextPage = useCallback(async () => {

Todo: (BuildHIR::lowerStatement) Handle TryStatement with a finalizer ('finally') clause

  140 |     loadingMore.current = true;
  141 |
> 142 |     try {
      |     ^^^^^
> 143 |       const repository = new ExpenseRepository(await getDatabase());
      | ^^^^^^^^^^^^^^^^^^^^^^^^^^^^^^^^^^^^^^^^^^^^^^^^^^^^^^^^^^^^^^^^^^^^
> 144 |       const page = await repository.listRecent({
      | ^^^^^^^^^^^^^^^^^^^^^^^^^^^^^^^^^^^^^^^^^^^^^^^^^^^^^^^^^^^^^^^^^^^^
> 145 |         limit: EXPENSE_PAGE_SIZE,
      | ^^^^^^^^^^^^^^^^^^^^^^^^^^^^^^^^^^^^^^^^^^^^^^^^^^^^^^^^^^^^^^^^^^^^
> 146 |         // Read against the rows on screen, not against a separate counter that
      | ^^^^^^^^^^^^^^^^^^^^^^^^^^^^^^^^^^^^^^^^^^^^^^^^^^^^^^^^^^^^^^^^^^^^
> 147 |         // could drift from them.
      | ^^^^^^^^^^^^^^^^^^^^^^^^^^^^^^^^^^^^^^^^^^^^^^^^^^^^^^^^^^^^^^^^^^^^
> 148 |         offset: rows.length,
      | ^^^^^^^^^^^^^^^^^^^^^^^^^^^^^^^^^^^^^^^^^^^^^^^^^^^^^^^^^^^^^^^^^^^^
> 149 |       });
      | ^^^^^^^^^^^^^^^^^^^^^^^^^^^^^^^^^^^^^^^^^^^^^^^^^^^^^^^^^^^^^^^^^^^^
> 150 |
      | ^^^^^^^^^^^^^^^^^^^^^^^^^^^^^^^^^^^^^^^^^^^^^^^^^^^^^^^^^^^^^^^^^^^^
> 151 |       setHasMore(page.hasMore);
      | ^^^^^^^^^^^^^^^^^^^^^^^^^^^^^^^^^^^^^^^^^^^^^^^^^^^^^^^^^^^^^^^^^^^^
> 152 |
      | ^^^^^^^^^^^^^^^^^^^^^^^^^^^^^^^^^^^^^^^^^^^^^^^^^^^^^^^^^^^^^^^^^^^^
> 153 |       if (page.expenses.length > 0) {
      | ^^^^^^^^^^^^^^^^^^^^^^^^^^^^^^^^^^^^^^^^^^^^^^^^^^^^^^^^^^^^^^^^^^^^
> 154 |         // Append. These are the same row objects the query returned, so the
      | ^^^^^^^^^^^^^^^^^^^^^^^^^^^^^^^^^^^^^^^^^^^^^^^^^^^^^^^^^^^^^^^^^^^^
> 155 |         // rows already on screen keep their identity and do not re-render.
      | ^^^^^^^^^^^^^^^^^^^^^^^^^^^^^^^^^^^^^^^^^^^^^^^^^^^^^^^^^^^^^^^^^^^^
> 156 |         setRows((current) => [...current, ...page.expenses]);
      | ^^^^^^^^^^^^^^^^^^^^^^^^^^^^^^^^^^^^^^^^^^^^^^^^^^^^^^^^^^^^^^^^^^^^
> 157 |       }
      | ^^^^^^^^^^^^^^^^^^^^^^^^^^^^^^^^^^^^^^^^^^^^^^^^^^^^^^^^^^^^^^^^^^^^
> 158 |     } catch (error) {
      | ^^^^^^^^^^^^^^^^^^^^^^^^^^^^^^^^^^^^^^^^^^^^^^^^^^^^^^^^^^^^^^^^^^^^
> 159 |       /*
      | ^^^^^^^^^^^^^^^^^^^^^^^^^^^^^^^^^^^^^^^^^^^^^^^^^^^^^^^^^^^^^^^^^^^^
> 160 |         Stop paging rather than looping. A failure here leaves the offset where it
      | ^^^^^^^^^^^^^^^^^^^^^^^^^^^^^^^^^^^^^^^^^^^^^^^^^^^^^^^^^^^^^^^^^^^^
> 161 |         was, so the next scroll would ask for the same page again and keep
      | ^^^^^^^^^^^^^^^^^^^^^^^^^^^^^^^^^^^^^^^^^^^^^^^^^^^^^^^^^^^^^^^^^^^^
> 162 |         failing; clearing `hasMore` turns the footer into "End of history" and
      | ^^^^^^^^^^^^^^^^^^^^^^^^^^^^^^^^^^^^^^^^^^^^^^^^^^^^^^^^^^^^^^^^^^^^
> 163 |         leaves a working part of the list rather than an endless spinner.
      | ^^^^^^^^^^^^^^^^^^^^^^^^^^^^^^^^^^^^^^^^^^^^^^^^^^^^^^^^^^^^^^^^^^^^
> 164 |       */
      | ^^^^^^^^^^^^^^^^^^^^^^^^^^^^^^^^^^^^^^^^^^^^^^^^^^^^^^^^^^^^^^^^^^^^
> 165 |       console.warn('[expenses] could not load the next page', error);
      | ^^^^^^^^^^^^^^^^^^^^^^^^^^^^^^^^^^^^^^^^^^^^^^^^^^^^^^^^^^^^^^^^^^^^
> 166 |       setHasMore(false);
      | ^^^^^^^^^^^^^^^^^^^^^^^^^^^^^^^^^^^^^^^^^^^^^^^^^^^^^^^^^^^^^^^^^^^^
> 167 |     } finally {
      | ^^^^^^^^^^^^^^^^^^^^^^^^^^^^^^^^^^^^^^^^^^^^^^^^^^^^^^^^^^^^^^^^^^^^
> 168 |       loadingMore.current = false;
      | ^^^^^^^^^^^^^^^^^^^^^^^^^^^^^^^^^^^^^^^^^^^^^^^^^^^^^^^^^^^^^^^^^^^^
> 169 |     }
      | ^^^^^^ (BuildHIR::lowerStatement) Handle TryStatement with a finalizer ('finally') clause
  170 |   }, [hasMore, rows.length]);
  171 |
  172 |   /*
    at new HIRBuilder (C:\Users\DboxAdmin\skill_projects\expense-tracker\node_modules\babel-plugin-react-compiler\dist\index.js:76126:19)
    at lower (C:\Users\DboxAdmin\skill_projects\expense-tracker\node_modules\babel-plugin-react-compiler\dist\index.js:78097:19)
    at runWithEnvironment (C:\Users\DboxAdmin\skill_projects\expense-tracker\node_modules\babel-plugin-react-compiler\dist\index.js:106368:15)
    at run (C:\Users\DboxAdmin\skill_projects\expense-tracker\node_modules\babel-plugin-react-compiler\dist\index.js:106361:10)
    at compileFn (C:\Users\DboxAdmin\skill_projects\expense-tracker\node_modules\babel-plugin-react-compiler\dist\index.js:106689:10)
    at tryCompileFunction (C:\Users\DboxAdmin\skill_projects\expense-tracker\node_modules\babel-plugin-react-compiler\dist\index.js:107289:19)
    at processFn (C:\Users\DboxAdmin\skill_projects\expense-tracker\node_modules\babel-plugin-react-compiler\dist\index.js:107226:25)
    at compileProgram (C:\Users\DboxAdmin\skill_projects\expense-tracker\node_modules\babel-plugin-react-compiler\dist\index.js:107107:22)
    at PluginPass.enter (C:\Users\DboxAdmin\skill_projects\expense-tracker\node_modules\babel-plugin-react-compiler\dist\index.js:108443:28)
    at newFn (C:\Users\DboxAdmin\skill_projects\expense-tracker\node_modules\@babel\traverse\lib\visitors.js:168:14)
    at NodePath._call (C:\Users\DboxAdmin\skill_projects\expense-tracker\node_modules\@babel\traverse\lib\path\context.js:50:20)
    at NodePath.call (C:\Users\DboxAdmin\skill_projects\expense-tracker\node_modules\@babel\traverse\lib\path\context.js:40:18)
    at NodePath.visit (C:\Users\DboxAdmin\skill_projects\expense-tracker\node_modules\@babel\traverse\lib\path\context.js:87:31)
    at TraversalContext.visitQueue (C:\Users\DboxAdmin\skill_projects\expense-tracker\node_modules\@babel\traverse\lib\context.js:96:16)
    at TraversalContext.visitSingle (C:\Users\DboxAdmin\skill_projects\expense-tracker\node_modules\@babel\traverse\lib\context.js:72:19)
    at TraversalContext.visit (C:\Users\DboxAdmin\skill_projects\expense-tracker\node_modules\@babel\traverse\lib\context.js:119:19)
    at traverseNode (C:\Users\DboxAdmin\skill_projects\expense-tracker\node_modules\@babel\traverse\lib\traverse-node.js:130:17)
    at traverse (C:\Users\DboxAdmin\skill_projects\expense-tracker\node_modules\@babel\traverse\lib\index.js:53:34)
    at transformFile (C:\Users\DboxAdmin\skill_projects\expense-tracker\node_modules\@babel\core\lib\transformation\index.js:79:29)
    at transformFile.next (<anonymous>)
    at run (C:\Users\DboxAdmin\skill_projects\expense-tracker\node_modules\@babel\core\lib\transformation\index.js:25:12)
    at run.next (<anonymous>)
    at transform (C:\Users\DboxAdmin\skill_projects\expense-tracker\node_modules\@babel\core\lib\transform.js:22:33)
    at transform.next (<anonymous>)
    at evaluateSync (C:\Users\DboxAdmin\skill_projects\expense-tracker\node_modules\gensync\index.js:251:28)
    at sync (C:\Users\DboxAdmin\skill_projects\expense-tracker\node_modules\gensync\index.js:89:14)
    at stopHiding - secret - don't use this - v1 (C:\Users\DboxAdmin\skill_projects\expense-tracker\node_modules\@babel\core\lib\errors\rewrite-stack-trace.js:47:12)
    at Object.transformSync (C:\Users\DboxAdmin\skill_projects\expense-tracker\node_modules\@babel\core\lib\transform.js:40:76)
    at parseWithBabel (C:\Users\DboxAdmin\skill_projects\expense-tracker\node_modules\@expo\metro-config\build\transformSync.js:75:18)
    at transformSync (C:\Users\DboxAdmin\skill_projects\expense-tracker\node_modules\@expo\metro-config\build\transformSync.js:54:16)
    at Object.transform (C:\Users\DboxAdmin\skill_projects\expense-tracker\node_modules\@expo\metro-config\build\babel-transformer.js:146:58)
    at transformJSWithBabel (C:\Users\DboxAdmin\skill_projects\expense-tracker\node_modules\@expo\metro-config\build\transform-worker\metro-transform-worker.js:495:47)
    at Object.transform (C:\Users\DboxAdmin\skill_projects\expense-tracker\node_modules\@expo\metro-config\build\transform-worker\metro-transform-worker.js:614:12)
    at Object.transform (C:\Users\DboxAdmin\skill_projects\expense-tracker\node_modules\@expo\metro-config\build\transform-worker\transform-worker.js:179:19)
    at transformFile (C:\Users\DboxAdmin\skill_projects\expense-tracker\node_modules\metro\src\DeltaBundler\Worker.flow.js:67:36)
    at Object.transform (C:\Users\DboxAdmin\skill_projects\expense-tracker\node_modules\metro\src\DeltaBundler\Worker.flow.js:42:10)
    at execFunction (C:\Users\DboxAdmin\skill_projects\expense-tracker\node_modules\jest-worker\build\workers\threadChild.js:167:17)
    at execHelper (C:\Users\DboxAdmin\skill_projects\expense-tracker\node_modules\jest-worker\build\workers\threadChild.js:155:5)
    at execMethod (C:\Users\DboxAdmin\skill_projects\expense-tracker\node_modules\jest-worker\build\workers\threadChild.js:158:5)
    at MessagePort.messageListener (C:\Users\DboxAdmin\skill_projects\expense-tracker\node_modules\jest-worker\build\workers\threadChild.js:52:7)
    at [nodejs.internal.kHybridDispatch] (node:internal/event_target:848:20)
 ERROR  ReactCompilerError: Found 2 errors:

Todo: (BuildHIR::lowerStatement) Handle TryStatement with a finalizer ('finally') clause

  110 |     loadingMore.current = true;
  111 |
> 112 |     try {
      |     ^^^^^
> 113 |       const repository = new ExpenseRepository(await getDatabase());
      | ^^^^^^^^^^^^^^^^^^^^^^^^^^^^^^^^^^^^^^^^^^^^^^^^^^^^^^^^^^^^^^^^^^^^
> 114 |       const page = await repository.listRecent({ limit: EXPENSE_PAGE_SIZE, offset: 0 });
      | ^^^^^^^^^^^^^^^^^^^^^^^^^^^^^^^^^^^^^^^^^^^^^^^^^^^^^^^^^^^^^^^^^^^^
> 115 |
      | ^^^^^^^^^^^^^^^^^^^^^^^^^^^^^^^^^^^^^^^^^^^^^^^^^^^^^^^^^^^^^^^^^^^^
> 116 |       setRows(page.expenses);
      | ^^^^^^^^^^^^^^^^^^^^^^^^^^^^^^^^^^^^^^^^^^^^^^^^^^^^^^^^^^^^^^^^^^^^
> 117 |       setHasMore(page.hasMore);
      | ^^^^^^^^^^^^^^^^^^^^^^^^^^^^^^^^^^^^^^^^^^^^^^^^^^^^^^^^^^^^^^^^^^^^
> 118 |       setStatus('ready');
      | ^^^^^^^^^^^^^^^^^^^^^^^^^^^^^^^^^^^^^^^^^^^^^^^^^^^^^^^^^^^^^^^^^^^^
> 119 |     } catch (error) {
      | ^^^^^^^^^^^^^^^^^^^^^^^^^^^^^^^^^^^^^^^^^^^^^^^^^^^^^^^^^^^^^^^^^^^^
> 120 |       // Rows already on screen are left alone; only a first load with nothing to
      | ^^^^^^^^^^^^^^^^^^^^^^^^^^^^^^^^^^^^^^^^^^^^^^^^^^^^^^^^^^^^^^^^^^^^
> 121 |       // show replaces them with an error.
      | ^^^^^^^^^^^^^^^^^^^^^^^^^^^^^^^^^^^^^^^^^^^^^^^^^^^^^^^^^^^^^^^^^^^^
> 122 |       console.warn('[expenses] could not load the first page', error);
      | ^^^^^^^^^^^^^^^^^^^^^^^^^^^^^^^^^^^^^^^^^^^^^^^^^^^^^^^^^^^^^^^^^^^^
> 123 |
      | ^^^^^^^^^^^^^^^^^^^^^^^^^^^^^^^^^^^^^^^^^^^^^^^^^^^^^^^^^^^^^^^^^^^^
> 124 |       if (rows.length === 0) {
      | ^^^^^^^^^^^^^^^^^^^^^^^^^^^^^^^^^^^^^^^^^^^^^^^^^^^^^^^^^^^^^^^^^^^^
> 125 |         setStatus('error');
      | ^^^^^^^^^^^^^^^^^^^^^^^^^^^^^^^^^^^^^^^^^^^^^^^^^^^^^^^^^^^^^^^^^^^^
> 126 |       }
      | ^^^^^^^^^^^^^^^^^^^^^^^^^^^^^^^^^^^^^^^^^^^^^^^^^^^^^^^^^^^^^^^^^^^^
> 127 |     } finally {
      | ^^^^^^^^^^^^^^^^^^^^^^^^^^^^^^^^^^^^^^^^^^^^^^^^^^^^^^^^^^^^^^^^^^^^
> 128 |       loadingMore.current = false;
      | ^^^^^^^^^^^^^^^^^^^^^^^^^^^^^^^^^^^^^^^^^^^^^^^^^^^^^^^^^^^^^^^^^^^^
> 129 |     }
      | ^^^^^^ (BuildHIR::lowerStatement) Handle TryStatement with a finalizer ('finally') clause
  130 |   }, [rows.length]);
  131 |
  132 |   const loadNextPage = useCallback(async () => {

Todo: (BuildHIR::lowerStatement) Handle TryStatement with a finalizer ('finally') clause

  140 |     loadingMore.current = true;
  141 |
> 142 |     try {
      |     ^^^^^
> 143 |       const repository = new ExpenseRepository(await getDatabase());
      | ^^^^^^^^^^^^^^^^^^^^^^^^^^^^^^^^^^^^^^^^^^^^^^^^^^^^^^^^^^^^^^^^^^^^
> 144 |       const page = await repository.listRecent({
      | ^^^^^^^^^^^^^^^^^^^^^^^^^^^^^^^^^^^^^^^^^^^^^^^^^^^^^^^^^^^^^^^^^^^^
> 145 |         limit: EXPENSE_PAGE_SIZE,
      | ^^^^^^^^^^^^^^^^^^^^^^^^^^^^^^^^^^^^^^^^^^^^^^^^^^^^^^^^^^^^^^^^^^^^
> 146 |         // Read against the rows on screen, not against a separate counter that
      | ^^^^^^^^^^^^^^^^^^^^^^^^^^^^^^^^^^^^^^^^^^^^^^^^^^^^^^^^^^^^^^^^^^^^
> 147 |         // could drift from them.
      | ^^^^^^^^^^^^^^^^^^^^^^^^^^^^^^^^^^^^^^^^^^^^^^^^^^^^^^^^^^^^^^^^^^^^
> 148 |         offset: rows.length,
      | ^^^^^^^^^^^^^^^^^^^^^^^^^^^^^^^^^^^^^^^^^^^^^^^^^^^^^^^^^^^^^^^^^^^^
> 149 |       });
      | ^^^^^^^^^^^^^^^^^^^^^^^^^^^^^^^^^^^^^^^^^^^^^^^^^^^^^^^^^^^^^^^^^^^^
> 150 |
      | ^^^^^^^^^^^^^^^^^^^^^^^^^^^^^^^^^^^^^^^^^^^^^^^^^^^^^^^^^^^^^^^^^^^^
> 151 |       setHasMore(page.hasMore);
      | ^^^^^^^^^^^^^^^^^^^^^^^^^^^^^^^^^^^^^^^^^^^^^^^^^^^^^^^^^^^^^^^^^^^^
> 152 |
      | ^^^^^^^^^^^^^^^^^^^^^^^^^^^^^^^^^^^^^^^^^^^^^^^^^^^^^^^^^^^^^^^^^^^^
> 153 |       if (page.expenses.length > 0) {
      | ^^^^^^^^^^^^^^^^^^^^^^^^^^^^^^^^^^^^^^^^^^^^^^^^^^^^^^^^^^^^^^^^^^^^
> 154 |         // Append. These are the same row objects the query returned, so the
      | ^^^^^^^^^^^^^^^^^^^^^^^^^^^^^^^^^^^^^^^^^^^^^^^^^^^^^^^^^^^^^^^^^^^^
> 155 |         // rows already on screen keep their identity and do not re-render.
      | ^^^^^^^^^^^^^^^^^^^^^^^^^^^^^^^^^^^^^^^^^^^^^^^^^^^^^^^^^^^^^^^^^^^^
> 156 |         setRows((current) => [...current, ...page.expenses]);
      | ^^^^^^^^^^^^^^^^^^^^^^^^^^^^^^^^^^^^^^^^^^^^^^^^^^^^^^^^^^^^^^^^^^^^
> 157 |       }
      | ^^^^^^^^^^^^^^^^^^^^^^^^^^^^^^^^^^^^^^^^^^^^^^^^^^^^^^^^^^^^^^^^^^^^
> 158 |     } catch (error) {
      | ^^^^^^^^^^^^^^^^^^^^^^^^^^^^^^^^^^^^^^^^^^^^^^^^^^^^^^^^^^^^^^^^^^^^
> 159 |       /*
      | ^^^^^^^^^^^^^^^^^^^^^^^^^^^^^^^^^^^^^^^^^^^^^^^^^^^^^^^^^^^^^^^^^^^^
> 160 |         Stop paging rather than looping. A failure here leaves the offset where it
      | ^^^^^^^^^^^^^^^^^^^^^^^^^^^^^^^^^^^^^^^^^^^^^^^^^^^^^^^^^^^^^^^^^^^^
> 161 |         was, so the next scroll would ask for the same page again and keep
      | ^^^^^^^^^^^^^^^^^^^^^^^^^^^^^^^^^^^^^^^^^^^^^^^^^^^^^^^^^^^^^^^^^^^^
> 162 |         failing; clearing `hasMore` turns the footer into "End of history" and
      | ^^^^^^^^^^^^^^^^^^^^^^^^^^^^^^^^^^^^^^^^^^^^^^^^^^^^^^^^^^^^^^^^^^^^
> 163 |         leaves a working part of the list rather than an endless spinner.
      | ^^^^^^^^^^^^^^^^^^^^^^^^^^^^^^^^^^^^^^^^^^^^^^^^^^^^^^^^^^^^^^^^^^^^
> 164 |       */
      | ^^^^^^^^^^^^^^^^^^^^^^^^^^^^^^^^^^^^^^^^^^^^^^^^^^^^^^^^^^^^^^^^^^^^
> 165 |       console.warn('[expenses] could not load the next page', error);
      | ^^^^^^^^^^^^^^^^^^^^^^^^^^^^^^^^^^^^^^^^^^^^^^^^^^^^^^^^^^^^^^^^^^^^
> 166 |       setHasMore(false);
      | ^^^^^^^^^^^^^^^^^^^^^^^^^^^^^^^^^^^^^^^^^^^^^^^^^^^^^^^^^^^^^^^^^^^^
> 167 |     } finally {
      | ^^^^^^^^^^^^^^^^^^^^^^^^^^^^^^^^^^^^^^^^^^^^^^^^^^^^^^^^^^^^^^^^^^^^
> 168 |       loadingMore.current = false;
      | ^^^^^^^^^^^^^^^^^^^^^^^^^^^^^^^^^^^^^^^^^^^^^^^^^^^^^^^^^^^^^^^^^^^^
> 169 |     }
      | ^^^^^^ (BuildHIR::lowerStatement) Handle TryStatement with a finalizer ('finally') clause
  170 |   }, [hasMore, rows.length]);
  171 |
  172 |   /*
    at new HIRBuilder (C:\Users\DboxAdmin\skill_projects\expense-tracker\node_modules\babel-plugin-react-compiler\dist\index.js:76126:19)
    at lower (C:\Users\DboxAdmin\skill_projects\expense-tracker\node_modules\babel-plugin-react-compiler\dist\index.js:78097:19)
    at runWithEnvironment (C:\Users\DboxAdmin\skill_projects\expense-tracker\node_modules\babel-plugin-react-compiler\dist\index.js:106368:15)
    at run (C:\Users\DboxAdmin\skill_projects\expense-tracker\node_modules\babel-plugin-react-compiler\dist\index.js:106361:10)
    at compileFn (C:\Users\DboxAdmin\skill_projects\expense-tracker\node_modules\babel-plugin-react-compiler\dist\index.js:106689:10)
    at tryCompileFunction (C:\Users\DboxAdmin\skill_projects\expense-tracker\node_modules\babel-plugin-react-compiler\dist\index.js:107289:19)
    at processFn (C:\Users\DboxAdmin\skill_projects\expense-tracker\node_modules\babel-plugin-react-compiler\dist\index.js:107226:25)
    at compileProgram (C:\Users\DboxAdmin\skill_projects\expense-tracker\node_modules\babel-plugin-react-compiler\dist\index.js:107107:22)
    at PluginPass.enter (C:\Users\DboxAdmin\skill_projects\expense-tracker\node_modules\babel-plugin-react-compiler\dist\index.js:108443:28)
    at newFn (C:\Users\DboxAdmin\skill_projects\expense-tracker\node_modules\@babel\traverse\lib\visitors.js:168:14)
    at NodePath._call (C:\Users\DboxAdmin\skill_projects\expense-tracker\node_modules\@babel\traverse\lib\path\context.js:50:20)
    at NodePath.call (C:\Users\DboxAdmin\skill_projects\expense-tracker\node_modules\@babel\traverse\lib\path\context.js:40:18)
    at NodePath.visit (C:\Users\DboxAdmin\skill_projects\expense-tracker\node_modules\@babel\traverse\lib\path\context.js:87:31)
    at TraversalContext.visitQueue (C:\Users\DboxAdmin\skill_projects\expense-tracker\node_modules\@babel\traverse\lib\context.js:96:16)
    at TraversalContext.visitSingle (C:\Users\DboxAdmin\skill_projects\expense-tracker\node_modules\@babel\traverse\lib\context.js:72:19)
    at TraversalContext.visit (C:\Users\DboxAdmin\skill_projects\expense-tracker\node_modules\@babel\traverse\lib\context.js:119:19)
    at traverseNode (C:\Users\DboxAdmin\skill_projects\expense-tracker\node_modules\@babel\traverse\lib\traverse-node.js:130:17)
    at traverse (C:\Users\DboxAdmin\skill_projects\expense-tracker\node_modules\@babel\traverse\lib\index.js:53:34)
    at transformFile (C:\Users\DboxAdmin\skill_projects\expense-tracker\node_modules\@babel\core\lib\transformation\index.js:79:29)
    at transformFile.next (<anonymous>)
    at run (C:\Users\DboxAdmin\skill_projects\expense-tracker\node_modules\@babel\core\lib\transformation\index.js:25:12)
    at run.next (<anonymous>)
    at transform (C:\Users\DboxAdmin\skill_projects\expense-tracker\node_modules\@babel\core\lib\transform.js:22:33)
    at transform.next (<anonymous>)
    at evaluateSync (C:\Users\DboxAdmin\skill_projects\expense-tracker\node_modules\gensync\index.js:251:28)
    at sync (C:\Users\DboxAdmin\skill_projects\expense-tracker\node_modules\gensync\index.js:89:14)
    at stopHiding - secret - don't use this - v1 (C:\Users\DboxAdmin\skill_projects\expense-tracker\node_modules\@babel\core\lib\errors\rewrite-stack-trace.js:47:12)
    at Object.transformSync (C:\Users\DboxAdmin\skill_projects\expense-tracker\node_modules\@babel\core\lib\transform.js:40:76)
    at parseWithBabel (C:\Users\DboxAdmin\skill_projects\expense-tracker\node_modules\@expo\metro-config\build\transformSync.js:75:18)
    at transformSync (C:\Users\DboxAdmin\skill_projects\expense-tracker\node_modules\@expo\metro-config\build\transformSync.js:54:16)
    at Object.transform (C:\Users\DboxAdmin\skill_projects\expense-tracker\node_modules\@expo\metro-config\build\babel-transformer.js:146:58)
    at transformJSWithBabel (C:\Users\DboxAdmin\skill_projects\expense-tracker\node_modules\@expo\metro-config\build\transform-worker\metro-transform-worker.js:495:47)
    at Object.transform (C:\Users\DboxAdmin\skill_projects\expense-tracker\node_modules\@expo\metro-config\build\transform-worker\metro-transform-worker.js:614:12)
    at Object.transform (C:\Users\DboxAdmin\skill_projects\expense-tracker\node_modules\@expo\metro-config\build\transform-worker\transform-worker.js:179:19)
    at transformFile (C:\Users\DboxAdmin\skill_projects\expense-tracker\node_modules\metro\src\DeltaBundler\Worker.flow.js:67:36)
    at Object.transform (C:\Users\DboxAdmin\skill_projects\expense-tracker\node_modules\metro\src\DeltaBundler\Worker.flow.js:42:10)
    at execFunction (C:\Users\DboxAdmin\skill_projects\expense-tracker\node_modules\jest-worker\build\workers\threadChild.js:167:17)
    at execHelper (C:\Users\DboxAdmin\skill_projects\expense-tracker\node_modules\jest-worker\build\workers\threadChild.js:155:5)
    at execMethod (C:\Users\DboxAdmin\skill_projects\expense-tracker\node_modules\jest-worker\build\workers\threadChild.js:158:5)
    at MessagePort.messageListener (C:\Users\DboxAdmin\skill_projects\expense-tracker\node_modules\jest-worker\build\workers\threadChild.js:52:7)
    at [nodejs.internal.kHybridDispatch] (node:internal/event_target:848:20)
 ERROR  ReactCompilerError: Found 2 errors:

Todo: (BuildHIR::lowerStatement) Handle TryStatement with a finalizer ('finally') clause

  110 |     loadingMore.current = true;
  111 |
> 112 |     try {
      |     ^^^^^
> 113 |       const repository = new ExpenseRepository(await getDatabase());
      | ^^^^^^^^^^^^^^^^^^^^^^^^^^^^^^^^^^^^^^^^^^^^^^^^^^^^^^^^^^^^^^^^^^^^
> 114 |       const page = await repository.listRecent({ limit: EXPENSE_PAGE_SIZE, offset: 0 });
      | ^^^^^^^^^^^^^^^^^^^^^^^^^^^^^^^^^^^^^^^^^^^^^^^^^^^^^^^^^^^^^^^^^^^^
> 115 |
      | ^^^^^^^^^^^^^^^^^^^^^^^^^^^^^^^^^^^^^^^^^^^^^^^^^^^^^^^^^^^^^^^^^^^^
> 116 |       setRows(page.expenses);
      | ^^^^^^^^^^^^^^^^^^^^^^^^^^^^^^^^^^^^^^^^^^^^^^^^^^^^^^^^^^^^^^^^^^^^
> 117 |       setHasMore(page.hasMore);
      | ^^^^^^^^^^^^^^^^^^^^^^^^^^^^^^^^^^^^^^^^^^^^^^^^^^^^^^^^^^^^^^^^^^^^
> 118 |       setStatus('ready');
      | ^^^^^^^^^^^^^^^^^^^^^^^^^^^^^^^^^^^^^^^^^^^^^^^^^^^^^^^^^^^^^^^^^^^^
> 119 |     } catch (error) {
      | ^^^^^^^^^^^^^^^^^^^^^^^^^^^^^^^^^^^^^^^^^^^^^^^^^^^^^^^^^^^^^^^^^^^^
> 120 |       // Rows already on screen are left alone; only a first load with nothing to
      | ^^^^^^^^^^^^^^^^^^^^^^^^^^^^^^^^^^^^^^^^^^^^^^^^^^^^^^^^^^^^^^^^^^^^
> 121 |       // show replaces them with an error.
      | ^^^^^^^^^^^^^^^^^^^^^^^^^^^^^^^^^^^^^^^^^^^^^^^^^^^^^^^^^^^^^^^^^^^^
> 122 |       console.warn('[expenses] could not load the first page', error);
      | ^^^^^^^^^^^^^^^^^^^^^^^^^^^^^^^^^^^^^^^^^^^^^^^^^^^^^^^^^^^^^^^^^^^^
> 123 |
      | ^^^^^^^^^^^^^^^^^^^^^^^^^^^^^^^^^^^^^^^^^^^^^^^^^^^^^^^^^^^^^^^^^^^^
> 124 |       if (rows.length === 0) {
      | ^^^^^^^^^^^^^^^^^^^^^^^^^^^^^^^^^^^^^^^^^^^^^^^^^^^^^^^^^^^^^^^^^^^^
> 125 |         setStatus('error');
      | ^^^^^^^^^^^^^^^^^^^^^^^^^^^^^^^^^^^^^^^^^^^^^^^^^^^^^^^^^^^^^^^^^^^^
> 126 |       }
      | ^^^^^^^^^^^^^^^^^^^^^^^^^^^^^^^^^^^^^^^^^^^^^^^^^^^^^^^^^^^^^^^^^^^^
> 127 |     } finally {
      | ^^^^^^^^^^^^^^^^^^^^^^^^^^^^^^^^^^^^^^^^^^^^^^^^^^^^^^^^^^^^^^^^^^^^
> 128 |       loadingMore.current = false;
      | ^^^^^^^^^^^^^^^^^^^^^^^^^^^^^^^^^^^^^^^^^^^^^^^^^^^^^^^^^^^^^^^^^^^^
> 129 |     }
      | ^^^^^^ (BuildHIR::lowerStatement) Handle TryStatement with a finalizer ('finally') clause
  130 |   }, [rows.length]);
  131 |
  132 |   const loadNextPage = useCallback(async () => {

Todo: (BuildHIR::lowerStatement) Handle TryStatement with a finalizer ('finally') clause

  140 |     loadingMore.current = true;
  141 |
> 142 |     try {
      |     ^^^^^
> 143 |       const repository = new ExpenseRepository(await getDatabase());
      | ^^^^^^^^^^^^^^^^^^^^^^^^^^^^^^^^^^^^^^^^^^^^^^^^^^^^^^^^^^^^^^^^^^^^
> 144 |       const page = await repository.listRecent({
      | ^^^^^^^^^^^^^^^^^^^^^^^^^^^^^^^^^^^^^^^^^^^^^^^^^^^^^^^^^^^^^^^^^^^^
> 145 |         limit: EXPENSE_PAGE_SIZE,
      | ^^^^^^^^^^^^^^^^^^^^^^^^^^^^^^^^^^^^^^^^^^^^^^^^^^^^^^^^^^^^^^^^^^^^
> 146 |         // Read against the rows on screen, not against a separate counter that
      | ^^^^^^^^^^^^^^^^^^^^^^^^^^^^^^^^^^^^^^^^^^^^^^^^^^^^^^^^^^^^^^^^^^^^
> 147 |         // could drift from them.
      | ^^^^^^^^^^^^^^^^^^^^^^^^^^^^^^^^^^^^^^^^^^^^^^^^^^^^^^^^^^^^^^^^^^^^
> 148 |         offset: rows.length,
      | ^^^^^^^^^^^^^^^^^^^^^^^^^^^^^^^^^^^^^^^^^^^^^^^^^^^^^^^^^^^^^^^^^^^^
> 149 |       });
      | ^^^^^^^^^^^^^^^^^^^^^^^^^^^^^^^^^^^^^^^^^^^^^^^^^^^^^^^^^^^^^^^^^^^^
> 150 |
      | ^^^^^^^^^^^^^^^^^^^^^^^^^^^^^^^^^^^^^^^^^^^^^^^^^^^^^^^^^^^^^^^^^^^^
> 151 |       setHasMore(page.hasMore);
      | ^^^^^^^^^^^^^^^^^^^^^^^^^^^^^^^^^^^^^^^^^^^^^^^^^^^^^^^^^^^^^^^^^^^^
> 152 |
      | ^^^^^^^^^^^^^^^^^^^^^^^^^^^^^^^^^^^^^^^^^^^^^^^^^^^^^^^^^^^^^^^^^^^^
> 153 |       if (page.expenses.length > 0) {
      | ^^^^^^^^^^^^^^^^^^^^^^^^^^^^^^^^^^^^^^^^^^^^^^^^^^^^^^^^^^^^^^^^^^^^
> 154 |         // Append. These are the same row objects the query returned, so the
      | ^^^^^^^^^^^^^^^^^^^^^^^^^^^^^^^^^^^^^^^^^^^^^^^^^^^^^^^^^^^^^^^^^^^^
> 155 |         // rows already on screen keep their identity and do not re-render.
      | ^^^^^^^^^^^^^^^^^^^^^^^^^^^^^^^^^^^^^^^^^^^^^^^^^^^^^^^^^^^^^^^^^^^^
> 156 |         setRows((current) => [...current, ...page.expenses]);
      | ^^^^^^^^^^^^^^^^^^^^^^^^^^^^^^^^^^^^^^^^^^^^^^^^^^^^^^^^^^^^^^^^^^^^
> 157 |       }
      | ^^^^^^^^^^^^^^^^^^^^^^^^^^^^^^^^^^^^^^^^^^^^^^^^^^^^^^^^^^^^^^^^^^^^
> 158 |     } catch (error) {
      | ^^^^^^^^^^^^^^^^^^^^^^^^^^^^^^^^^^^^^^^^^^^^^^^^^^^^^^^^^^^^^^^^^^^^
> 159 |       /*
      | ^^^^^^^^^^^^^^^^^^^^^^^^^^^^^^^^^^^^^^^^^^^^^^^^^^^^^^^^^^^^^^^^^^^^
> 160 |         Stop paging rather than looping. A failure here leaves the offset where it
      | ^^^^^^^^^^^^^^^^^^^^^^^^^^^^^^^^^^^^^^^^^^^^^^^^^^^^^^^^^^^^^^^^^^^^
> 161 |         was, so the next scroll would ask for the same page again and keep
      | ^^^^^^^^^^^^^^^^^^^^^^^^^^^^^^^^^^^^^^^^^^^^^^^^^^^^^^^^^^^^^^^^^^^^
> 162 |         failing; clearing `hasMore` turns the footer into "End of history" and
      | ^^^^^^^^^^^^^^^^^^^^^^^^^^^^^^^^^^^^^^^^^^^^^^^^^^^^^^^^^^^^^^^^^^^^
> 163 |         leaves a working part of the list rather than an endless spinner.
      | ^^^^^^^^^^^^^^^^^^^^^^^^^^^^^^^^^^^^^^^^^^^^^^^^^^^^^^^^^^^^^^^^^^^^
> 164 |       */
      | ^^^^^^^^^^^^^^^^^^^^^^^^^^^^^^^^^^^^^^^^^^^^^^^^^^^^^^^^^^^^^^^^^^^^
> 165 |       console.warn('[expenses] could not load the next page', error);
      | ^^^^^^^^^^^^^^^^^^^^^^^^^^^^^^^^^^^^^^^^^^^^^^^^^^^^^^^^^^^^^^^^^^^^
> 166 |       setHasMore(false);
      | ^^^^^^^^^^^^^^^^^^^^^^^^^^^^^^^^^^^^^^^^^^^^^^^^^^^^^^^^^^^^^^^^^^^^
> 167 |     } finally {
      | ^^^^^^^^^^^^^^^^^^^^^^^^^^^^^^^^^^^^^^^^^^^^^^^^^^^^^^^^^^^^^^^^^^^^
> 168 |       loadingMore.current = false;
      | ^^^^^^^^^^^^^^^^^^^^^^^^^^^^^^^^^^^^^^^^^^^^^^^^^^^^^^^^^^^^^^^^^^^^
> 169 |     }
      | ^^^^^^ (BuildHIR::lowerStatement) Handle TryStatement with a finalizer ('finally') clause
  170 |   }, [hasMore, rows.length]);
  171 |
  172 |   /*
    at new HIRBuilder (C:\Users\DboxAdmin\skill_projects\expense-tracker\node_modules\babel-plugin-react-compiler\dist\index.js:76126:19)
    at lower (C:\Users\DboxAdmin\skill_projects\expense-tracker\node_modules\babel-plugin-react-compiler\dist\index.js:78097:19)
    at runWithEnvironment (C:\Users\DboxAdmin\skill_projects\expense-tracker\node_modules\babel-plugin-react-compiler\dist\index.js:106368:15)
    at run (C:\Users\DboxAdmin\skill_projects\expense-tracker\node_modules\babel-plugin-react-compiler\dist\index.js:106361:10)
    at compileFn (C:\Users\DboxAdmin\skill_projects\expense-tracker\node_modules\babel-plugin-react-compiler\dist\index.js:106689:10)
    at tryCompileFunction (C:\Users\DboxAdmin\skill_projects\expense-tracker\node_modules\babel-plugin-react-compiler\dist\index.js:107289:19)
    at processFn (C:\Users\DboxAdmin\skill_projects\expense-tracker\node_modules\babel-plugin-react-compiler\dist\index.js:107226:25)
    at compileProgram (C:\Users\DboxAdmin\skill_projects\expense-tracker\node_modules\babel-plugin-react-compiler\dist\index.js:107107:22)
    at PluginPass.enter (C:\Users\DboxAdmin\skill_projects\expense-tracker\node_modules\babel-plugin-react-compiler\dist\index.js:108443:28)
    at newFn (C:\Users\DboxAdmin\skill_projects\expense-tracker\node_modules\@babel\traverse\lib\visitors.js:168:14)
    at NodePath._call (C:\Users\DboxAdmin\skill_projects\expense-tracker\node_modules\@babel\traverse\lib\path\context.js:50:20)
    at NodePath.call (C:\Users\DboxAdmin\skill_projects\expense-tracker\node_modules\@babel\traverse\lib\path\context.js:40:18)
    at NodePath.visit (C:\Users\DboxAdmin\skill_projects\expense-tracker\node_modules\@babel\traverse\lib\path\context.js:87:31)
    at TraversalContext.visitQueue (C:\Users\DboxAdmin\skill_projects\expense-tracker\node_modules\@babel\traverse\lib\context.js:96:16)
    at TraversalContext.visitSingle (C:\Users\DboxAdmin\skill_projects\expense-tracker\node_modules\@babel\traverse\lib\context.js:72:19)
    at TraversalContext.visit (C:\Users\DboxAdmin\skill_projects\expense-tracker\node_modules\@babel\traverse\lib\context.js:119:19)
    at traverseNode (C:\Users\DboxAdmin\skill_projects\expense-tracker\node_modules\@babel\traverse\lib\traverse-node.js:130:17)
    at traverse (C:\Users\DboxAdmin\skill_projects\expense-tracker\node_modules\@babel\traverse\lib\index.js:53:34)
    at transformFile (C:\Users\DboxAdmin\skill_projects\expense-tracker\node_modules\@babel\core\lib\transformation\index.js:79:29)
    at transformFile.next (<anonymous>)
    at run (C:\Users\DboxAdmin\skill_projects\expense-tracker\node_modules\@babel\core\lib\transformation\index.js:25:12)
    at run.next (<anonymous>)
    at transform (C:\Users\DboxAdmin\skill_projects\expense-tracker\node_modules\@babel\core\lib\transform.js:22:33)
    at transform.next (<anonymous>)
    at evaluateSync (C:\Users\DboxAdmin\skill_projects\expense-tracker\node_modules\gensync\index.js:251:28)
    at sync (C:\Users\DboxAdmin\skill_projects\expense-tracker\node_modules\gensync\index.js:89:14)
    at stopHiding - secret - don't use this - v1 (C:\Users\DboxAdmin\skill_projects\expense-tracker\node_modules\@babel\core\lib\errors\rewrite-stack-trace.js:47:12)
    at Object.transformSync (C:\Users\DboxAdmin\skill_projects\expense-tracker\node_modules\@babel\core\lib\transform.js:40:76)
    at parseWithBabel (C:\Users\DboxAdmin\skill_projects\expense-tracker\node_modules\@expo\metro-config\build\transformSync.js:75:18)
    at transformSync (C:\Users\DboxAdmin\skill_projects\expense-tracker\node_modules\@expo\metro-config\build\transformSync.js:54:16)
    at Object.transform (C:\Users\DboxAdmin\skill_projects\expense-tracker\node_modules\@expo\metro-config\build\babel-transformer.js:146:58)
    at transformJSWithBabel (C:\Users\DboxAdmin\skill_projects\expense-tracker\node_modules\@expo\metro-config\build\transform-worker\metro-transform-worker.js:495:47)
    at Object.transform (C:\Users\DboxAdmin\skill_projects\expense-tracker\node_modules\@expo\metro-config\build\transform-worker\metro-transform-worker.js:614:12)
    at Object.transform (C:\Users\DboxAdmin\skill_projects\expense-tracker\node_modules\@expo\metro-config\build\transform-worker\transform-worker.js:179:19)
    at transformFile (C:\Users\DboxAdmin\skill_projects\expense-tracker\node_modules\metro\src\DeltaBundler\Worker.flow.js:67:36)
    at Object.transform (C:\Users\DboxAdmin\skill_projects\expense-tracker\node_modules\metro\src\DeltaBundler\Worker.flow.js:42:10)
    at execFunction (C:\Users\DboxAdmin\skill_projects\expense-tracker\node_modules\jest-worker\build\workers\threadChild.js:167:17)
    at execHelper (C:\Users\DboxAdmin\skill_projects\expense-tracker\node_modules\jest-worker\build\workers\threadChild.js:155:5)
    at execMethod (C:\Users\DboxAdmin\skill_projects\expense-tracker\node_modules\jest-worker\build\workers\threadChild.js:158:5)
    at MessagePort.messageListener (C:\Users\DboxAdmin\skill_projects\expense-tracker\node_modules\jest-worker\build\workers\threadChild.js:52:7)
    at [nodejs.internal.kHybridDispatch] (node:internal/event_target:848:20)
 ERROR  ReactCompilerError: Found 2 errors:

Todo: (BuildHIR::lowerStatement) Handle TryStatement with a finalizer ('finally') clause

  110 |     loadingMore.current = true;
  111 |
> 112 |     try {
      |     ^^^^^
> 113 |       const repository = new ExpenseRepository(await getDatabase());
      | ^^^^^^^^^^^^^^^^^^^^^^^^^^^^^^^^^^^^^^^^^^^^^^^^^^^^^^^^^^^^^^^^^^^^
> 114 |       const page = await repository.listRecent({ limit: EXPENSE_PAGE_SIZE, offset: 0 });
      | ^^^^^^^^^^^^^^^^^^^^^^^^^^^^^^^^^^^^^^^^^^^^^^^^^^^^^^^^^^^^^^^^^^^^
> 115 |
      | ^^^^^^^^^^^^^^^^^^^^^^^^^^^^^^^^^^^^^^^^^^^^^^^^^^^^^^^^^^^^^^^^^^^^
> 116 |       setRows(page.expenses);
      | ^^^^^^^^^^^^^^^^^^^^^^^^^^^^^^^^^^^^^^^^^^^^^^^^^^^^^^^^^^^^^^^^^^^^
> 117 |       setHasMore(page.hasMore);
      | ^^^^^^^^^^^^^^^^^^^^^^^^^^^^^^^^^^^^^^^^^^^^^^^^^^^^^^^^^^^^^^^^^^^^
> 118 |       setStatus('ready');
      | ^^^^^^^^^^^^^^^^^^^^^^^^^^^^^^^^^^^^^^^^^^^^^^^^^^^^^^^^^^^^^^^^^^^^
> 119 |     } catch (error) {
      | ^^^^^^^^^^^^^^^^^^^^^^^^^^^^^^^^^^^^^^^^^^^^^^^^^^^^^^^^^^^^^^^^^^^^
> 120 |       // Rows already on screen are left alone; only a first load with nothing to
      | ^^^^^^^^^^^^^^^^^^^^^^^^^^^^^^^^^^^^^^^^^^^^^^^^^^^^^^^^^^^^^^^^^^^^
> 121 |       // show replaces them with an error.
      | ^^^^^^^^^^^^^^^^^^^^^^^^^^^^^^^^^^^^^^^^^^^^^^^^^^^^^^^^^^^^^^^^^^^^
> 122 |       console.warn('[expenses] could not load the first page', error);
      | ^^^^^^^^^^^^^^^^^^^^^^^^^^^^^^^^^^^^^^^^^^^^^^^^^^^^^^^^^^^^^^^^^^^^
> 123 |
      | ^^^^^^^^^^^^^^^^^^^^^^^^^^^^^^^^^^^^^^^^^^^^^^^^^^^^^^^^^^^^^^^^^^^^
> 124 |       if (rows.length === 0) {
      | ^^^^^^^^^^^^^^^^^^^^^^^^^^^^^^^^^^^^^^^^^^^^^^^^^^^^^^^^^^^^^^^^^^^^
> 125 |         setStatus('error');
      | ^^^^^^^^^^^^^^^^^^^^^^^^^^^^^^^^^^^^^^^^^^^^^^^^^^^^^^^^^^^^^^^^^^^^
> 126 |       }
      | ^^^^^^^^^^^^^^^^^^^^^^^^^^^^^^^^^^^^^^^^^^^^^^^^^^^^^^^^^^^^^^^^^^^^
> 127 |     } finally {
      | ^^^^^^^^^^^^^^^^^^^^^^^^^^^^^^^^^^^^^^^^^^^^^^^^^^^^^^^^^^^^^^^^^^^^
> 128 |       loadingMore.current = false;
      | ^^^^^^^^^^^^^^^^^^^^^^^^^^^^^^^^^^^^^^^^^^^^^^^^^^^^^^^^^^^^^^^^^^^^
> 129 |     }
      | ^^^^^^ (BuildHIR::lowerStatement) Handle TryStatement with a finalizer ('finally') clause
  130 |   }, [rows.length]);
  131 |
  132 |   const loadNextPage = useCallback(async () => {

Todo: (BuildHIR::lowerStatement) Handle TryStatement with a finalizer ('finally') clause

  140 |     loadingMore.current = true;
  141 |
> 142 |     try {
      |     ^^^^^
> 143 |       const repository = new ExpenseRepository(await getDatabase());
      | ^^^^^^^^^^^^^^^^^^^^^^^^^^^^^^^^^^^^^^^^^^^^^^^^^^^^^^^^^^^^^^^^^^^^
> 144 |       const page = await repository.listRecent({
      | ^^^^^^^^^^^^^^^^^^^^^^^^^^^^^^^^^^^^^^^^^^^^^^^^^^^^^^^^^^^^^^^^^^^^
> 145 |         limit: EXPENSE_PAGE_SIZE,
      | ^^^^^^^^^^^^^^^^^^^^^^^^^^^^^^^^^^^^^^^^^^^^^^^^^^^^^^^^^^^^^^^^^^^^
> 146 |         // Read against the rows on screen, not against a separate counter that
      | ^^^^^^^^^^^^^^^^^^^^^^^^^^^^^^^^^^^^^^^^^^^^^^^^^^^^^^^^^^^^^^^^^^^^
> 147 |         // could drift from them.
      | ^^^^^^^^^^^^^^^^^^^^^^^^^^^^^^^^^^^^^^^^^^^^^^^^^^^^^^^^^^^^^^^^^^^^
> 148 |         offset: rows.length,
      | ^^^^^^^^^^^^^^^^^^^^^^^^^^^^^^^^^^^^^^^^^^^^^^^^^^^^^^^^^^^^^^^^^^^^
> 149 |       });
      | ^^^^^^^^^^^^^^^^^^^^^^^^^^^^^^^^^^^^^^^^^^^^^^^^^^^^^^^^^^^^^^^^^^^^
> 150 |
      | ^^^^^^^^^^^^^^^^^^^^^^^^^^^^^^^^^^^^^^^^^^^^^^^^^^^^^^^^^^^^^^^^^^^^
> 151 |       setHasMore(page.hasMore);
      | ^^^^^^^^^^^^^^^^^^^^^^^^^^^^^^^^^^^^^^^^^^^^^^^^^^^^^^^^^^^^^^^^^^^^
> 152 |
      | ^^^^^^^^^^^^^^^^^^^^^^^^^^^^^^^^^^^^^^^^^^^^^^^^^^^^^^^^^^^^^^^^^^^^
> 153 |       if (page.expenses.length > 0) {
      | ^^^^^^^^^^^^^^^^^^^^^^^^^^^^^^^^^^^^^^^^^^^^^^^^^^^^^^^^^^^^^^^^^^^^
> 154 |         // Append. These are the same row objects the query returned, so the
      | ^^^^^^^^^^^^^^^^^^^^^^^^^^^^^^^^^^^^^^^^^^^^^^^^^^^^^^^^^^^^^^^^^^^^
> 155 |         // rows already on screen keep their identity and do not re-render.
      | ^^^^^^^^^^^^^^^^^^^^^^^^^^^^^^^^^^^^^^^^^^^^^^^^^^^^^^^^^^^^^^^^^^^^
> 156 |         setRows((current) => [...current, ...page.expenses]);
      | ^^^^^^^^^^^^^^^^^^^^^^^^^^^^^^^^^^^^^^^^^^^^^^^^^^^^^^^^^^^^^^^^^^^^
> 157 |       }
      | ^^^^^^^^^^^^^^^^^^^^^^^^^^^^^^^^^^^^^^^^^^^^^^^^^^^^^^^^^^^^^^^^^^^^
> 158 |     } catch (error) {
      | ^^^^^^^^^^^^^^^^^^^^^^^^^^^^^^^^^^^^^^^^^^^^^^^^^^^^^^^^^^^^^^^^^^^^
> 159 |       /*
      | ^^^^^^^^^^^^^^^^^^^^^^^^^^^^^^^^^^^^^^^^^^^^^^^^^^^^^^^^^^^^^^^^^^^^
> 160 |         Stop paging rather than looping. A failure here leaves the offset where it
      | ^^^^^^^^^^^^^^^^^^^^^^^^^^^^^^^^^^^^^^^^^^^^^^^^^^^^^^^^^^^^^^^^^^^^
> 161 |         was, so the next scroll would ask for the same page again and keep
      | ^^^^^^^^^^^^^^^^^^^^^^^^^^^^^^^^^^^^^^^^^^^^^^^^^^^^^^^^^^^^^^^^^^^^
> 162 |         failing; clearing `hasMore` turns the footer into "End of history" and
      | ^^^^^^^^^^^^^^^^^^^^^^^^^^^^^^^^^^^^^^^^^^^^^^^^^^^^^^^^^^^^^^^^^^^^
> 163 |         leaves a working part of the list rather than an endless spinner.
      | ^^^^^^^^^^^^^^^^^^^^^^^^^^^^^^^^^^^^^^^^^^^^^^^^^^^^^^^^^^^^^^^^^^^^
> 164 |       */
      | ^^^^^^^^^^^^^^^^^^^^^^^^^^^^^^^^^^^^^^^^^^^^^^^^^^^^^^^^^^^^^^^^^^^^
> 165 |       console.warn('[expenses] could not load the next page', error);
      | ^^^^^^^^^^^^^^^^^^^^^^^^^^^^^^^^^^^^^^^^^^^^^^^^^^^^^^^^^^^^^^^^^^^^
> 166 |       setHasMore(false);
      | ^^^^^^^^^^^^^^^^^^^^^^^^^^^^^^^^^^^^^^^^^^^^^^^^^^^^^^^^^^^^^^^^^^^^
> 167 |     } finally {
      | ^^^^^^^^^^^^^^^^^^^^^^^^^^^^^^^^^^^^^^^^^^^^^^^^^^^^^^^^^^^^^^^^^^^^
> 168 |       loadingMore.current = false;
      | ^^^^^^^^^^^^^^^^^^^^^^^^^^^^^^^^^^^^^^^^^^^^^^^^^^^^^^^^^^^^^^^^^^^^
> 169 |     }
      | ^^^^^^ (BuildHIR::lowerStatement) Handle TryStatement with a finalizer ('finally') clause
  170 |   }, [hasMore, rows.length]);
  171 |
  172 |   /*
    at new HIRBuilder (C:\Users\DboxAdmin\skill_projects\expense-tracker\node_modules\babel-plugin-react-compiler\dist\index.js:76126:19)
    at lower (C:\Users\DboxAdmin\skill_projects\expense-tracker\node_modules\babel-plugin-react-compiler\dist\index.js:78097:19)
    at runWithEnvironment (C:\Users\DboxAdmin\skill_projects\expense-tracker\node_modules\babel-plugin-react-compiler\dist\index.js:106368:15)
    at run (C:\Users\DboxAdmin\skill_projects\expense-tracker\node_modules\babel-plugin-react-compiler\dist\index.js:106361:10)
    at compileFn (C:\Users\DboxAdmin\skill_projects\expense-tracker\node_modules\babel-plugin-react-compiler\dist\index.js:106689:10)
    at tryCompileFunction (C:\Users\DboxAdmin\skill_projects\expense-tracker\node_modules\babel-plugin-react-compiler\dist\index.js:107289:19)
    at processFn (C:\Users\DboxAdmin\skill_projects\expense-tracker\node_modules\babel-plugin-react-compiler\dist\index.js:107226:25)
    at compileProgram (C:\Users\DboxAdmin\skill_projects\expense-tracker\node_modules\babel-plugin-react-compiler\dist\index.js:107107:22)
    at PluginPass.enter (C:\Users\DboxAdmin\skill_projects\expense-tracker\node_modules\babel-plugin-react-compiler\dist\index.js:108443:28)
    at newFn (C:\Users\DboxAdmin\skill_projects\expense-tracker\node_modules\@babel\traverse\lib\visitors.js:168:14)
    at NodePath._call (C:\Users\DboxAdmin\skill_projects\expense-tracker\node_modules\@babel\traverse\lib\path\context.js:50:20)
    at NodePath.call (C:\Users\DboxAdmin\skill_projects\expense-tracker\node_modules\@babel\traverse\lib\path\context.js:40:18)
    at NodePath.visit (C:\Users\DboxAdmin\skill_projects\expense-tracker\node_modules\@babel\traverse\lib\path\context.js:87:31)
    at TraversalContext.visitQueue (C:\Users\DboxAdmin\skill_projects\expense-tracker\node_modules\@babel\traverse\lib\context.js:96:16)
    at TraversalContext.visitSingle (C:\Users\DboxAdmin\skill_projects\expense-tracker\node_modules\@babel\traverse\lib\context.js:72:19)
    at TraversalContext.visit (C:\Users\DboxAdmin\skill_projects\expense-tracker\node_modules\@babel\traverse\lib\context.js:119:19)
    at traverseNode (C:\Users\DboxAdmin\skill_projects\expense-tracker\node_modules\@babel\traverse\lib\traverse-node.js:130:17)
    at traverse (C:\Users\DboxAdmin\skill_projects\expense-tracker\node_modules\@babel\traverse\lib\index.js:53:34)
    at transformFile (C:\Users\DboxAdmin\skill_projects\expense-tracker\node_modules\@babel\core\lib\transformation\index.js:79:29)
    at transformFile.next (<anonymous>)
    at run (C:\Users\DboxAdmin\skill_projects\expense-tracker\node_modules\@babel\core\lib\transformation\index.js:25:12)
    at run.next (<anonymous>)
    at transform (C:\Users\DboxAdmin\skill_projects\expense-tracker\node_modules\@babel\core\lib\transform.js:22:33)
    at transform.next (<anonymous>)
    at evaluateSync (C:\Users\DboxAdmin\skill_projects\expense-tracker\node_modules\gensync\index.js:251:28)
    at sync (C:\Users\DboxAdmin\skill_projects\expense-tracker\node_modules\gensync\index.js:89:14)
    at stopHiding - secret - don't use this - v1 (C:\Users\DboxAdmin\skill_projects\expense-tracker\node_modules\@babel\core\lib\errors\rewrite-stack-trace.js:47:12)
    at Object.transformSync (C:\Users\DboxAdmin\skill_projects\expense-tracker\node_modules\@babel\core\lib\transform.js:40:76)
    at parseWithBabel (C:\Users\DboxAdmin\skill_projects\expense-tracker\node_modules\@expo\metro-config\build\transformSync.js:75:18)
    at transformSync (C:\Users\DboxAdmin\skill_projects\expense-tracker\node_modules\@expo\metro-config\build\transformSync.js:54:16)
    at Object.transform (C:\Users\DboxAdmin\skill_projects\expense-tracker\node_modules\@expo\metro-config\build\babel-transformer.js:146:58)
    at transformJSWithBabel (C:\Users\DboxAdmin\skill_projects\expense-tracker\node_modules\@expo\metro-config\build\transform-worker\metro-transform-worker.js:495:47)
    at Object.transform (C:\Users\DboxAdmin\skill_projects\expense-tracker\node_modules\@expo\metro-config\build\transform-worker\metro-transform-worker.js:614:12)
    at Object.transform (C:\Users\DboxAdmin\skill_projects\expense-tracker\node_modules\@expo\metro-config\build\transform-worker\transform-worker.js:179:19)
    at transformFile (C:\Users\DboxAdmin\skill_projects\expense-tracker\node_modules\metro\src\DeltaBundler\Worker.flow.js:67:36)
    at Object.transform (C:\Users\DboxAdmin\skill_projects\expense-tracker\node_modules\metro\src\DeltaBundler\Worker.flow.js:42:10)
    at execFunction (C:\Users\DboxAdmin\skill_projects\expense-tracker\node_modules\jest-worker\build\workers\threadChild.js:167:17)
    at execHelper (C:\Users\DboxAdmin\skill_projects\expense-tracker\node_modules\jest-worker\build\workers\threadChild.js:155:5)
    at execMethod (C:\Users\DboxAdmin\skill_projects\expense-tracker\node_modules\jest-worker\build\workers\threadChild.js:158:5)
    at MessagePort.messageListener (C:\Users\DboxAdmin\skill_projects\expense-tracker\node_modules\jest-worker\build\workers\threadChild.js:52:7)
    at [nodejs.internal.kHybridDispatch] (node:internal/event_target:848:20)
 ERROR  ReactCompilerError: Found 2 errors:

Todo: (BuildHIR::lowerStatement) Handle TryStatement with a finalizer ('finally') clause

  110 |     loadingMore.current = true;
  111 |
> 112 |     try {
      |     ^^^^^
> 113 |       const repository = new ExpenseRepository(await getDatabase());
      | ^^^^^^^^^^^^^^^^^^^^^^^^^^^^^^^^^^^^^^^^^^^^^^^^^^^^^^^^^^^^^^^^^^^^
> 114 |       const page = await repository.listRecent({ limit: EXPENSE_PAGE_SIZE, offset: 0 });
      | ^^^^^^^^^^^^^^^^^^^^^^^^^^^^^^^^^^^^^^^^^^^^^^^^^^^^^^^^^^^^^^^^^^^^
> 115 |
      | ^^^^^^^^^^^^^^^^^^^^^^^^^^^^^^^^^^^^^^^^^^^^^^^^^^^^^^^^^^^^^^^^^^^^
> 116 |       setRows(page.expenses);
      | ^^^^^^^^^^^^^^^^^^^^^^^^^^^^^^^^^^^^^^^^^^^^^^^^^^^^^^^^^^^^^^^^^^^^
> 117 |       setHasMore(page.hasMore);
      | ^^^^^^^^^^^^^^^^^^^^^^^^^^^^^^^^^^^^^^^^^^^^^^^^^^^^^^^^^^^^^^^^^^^^
> 118 |       setStatus('ready');
      | ^^^^^^^^^^^^^^^^^^^^^^^^^^^^^^^^^^^^^^^^^^^^^^^^^^^^^^^^^^^^^^^^^^^^
> 119 |     } catch (error) {
      | ^^^^^^^^^^^^^^^^^^^^^^^^^^^^^^^^^^^^^^^^^^^^^^^^^^^^^^^^^^^^^^^^^^^^
> 120 |       // Rows already on screen are left alone; only a first load with nothing to
      | ^^^^^^^^^^^^^^^^^^^^^^^^^^^^^^^^^^^^^^^^^^^^^^^^^^^^^^^^^^^^^^^^^^^^
> 121 |       // show replaces them with an error.
      | ^^^^^^^^^^^^^^^^^^^^^^^^^^^^^^^^^^^^^^^^^^^^^^^^^^^^^^^^^^^^^^^^^^^^
> 122 |       console.warn('[expenses] could not load the first page', error);
      | ^^^^^^^^^^^^^^^^^^^^^^^^^^^^^^^^^^^^^^^^^^^^^^^^^^^^^^^^^^^^^^^^^^^^
> 123 |
      | ^^^^^^^^^^^^^^^^^^^^^^^^^^^^^^^^^^^^^^^^^^^^^^^^^^^^^^^^^^^^^^^^^^^^
> 124 |       if (rows.length === 0) {
      | ^^^^^^^^^^^^^^^^^^^^^^^^^^^^^^^^^^^^^^^^^^^^^^^^^^^^^^^^^^^^^^^^^^^^
> 125 |         setStatus('error');
      | ^^^^^^^^^^^^^^^^^^^^^^^^^^^^^^^^^^^^^^^^^^^^^^^^^^^^^^^^^^^^^^^^^^^^
> 126 |       }
      | ^^^^^^^^^^^^^^^^^^^^^^^^^^^^^^^^^^^^^^^^^^^^^^^^^^^^^^^^^^^^^^^^^^^^
> 127 |     } finally {
      | ^^^^^^^^^^^^^^^^^^^^^^^^^^^^^^^^^^^^^^^^^^^^^^^^^^^^^^^^^^^^^^^^^^^^
> 128 |       loadingMore.current = false;
      | ^^^^^^^^^^^^^^^^^^^^^^^^^^^^^^^^^^^^^^^^^^^^^^^^^^^^^^^^^^^^^^^^^^^^
> 129 |     }
      | ^^^^^^ (BuildHIR::lowerStatement) Handle TryStatement with a finalizer ('finally') clause
  130 |   }, [rows.length]);
  131 |
  132 |   const loadNextPage = useCallback(async () => {

Todo: (BuildHIR::lowerStatement) Handle TryStatement with a finalizer ('finally') clause

  140 |     loadingMore.current = true;
  141 |
> 142 |     try {
      |     ^^^^^
> 143 |       const repository = new ExpenseRepository(await getDatabase());
      | ^^^^^^^^^^^^^^^^^^^^^^^^^^^^^^^^^^^^^^^^^^^^^^^^^^^^^^^^^^^^^^^^^^^^
> 144 |       const page = await repository.listRecent({
      | ^^^^^^^^^^^^^^^^^^^^^^^^^^^^^^^^^^^^^^^^^^^^^^^^^^^^^^^^^^^^^^^^^^^^
> 145 |         limit: EXPENSE_PAGE_SIZE,
      | ^^^^^^^^^^^^^^^^^^^^^^^^^^^^^^^^^^^^^^^^^^^^^^^^^^^^^^^^^^^^^^^^^^^^
> 146 |         // Read against the rows on screen, not against a separate counter that
      | ^^^^^^^^^^^^^^^^^^^^^^^^^^^^^^^^^^^^^^^^^^^^^^^^^^^^^^^^^^^^^^^^^^^^
> 147 |         // could drift from them.
      | ^^^^^^^^^^^^^^^^^^^^^^^^^^^^^^^^^^^^^^^^^^^^^^^^^^^^^^^^^^^^^^^^^^^^
> 148 |         offset: rows.length,
      | ^^^^^^^^^^^^^^^^^^^^^^^^^^^^^^^^^^^^^^^^^^^^^^^^^^^^^^^^^^^^^^^^^^^^
> 149 |       });
      | ^^^^^^^^^^^^^^^^^^^^^^^^^^^^^^^^^^^^^^^^^^^^^^^^^^^^^^^^^^^^^^^^^^^^
> 150 |
      | ^^^^^^^^^^^^^^^^^^^^^^^^^^^^^^^^^^^^^^^^^^^^^^^^^^^^^^^^^^^^^^^^^^^^
> 151 |       setHasMore(page.hasMore);
      | ^^^^^^^^^^^^^^^^^^^^^^^^^^^^^^^^^^^^^^^^^^^^^^^^^^^^^^^^^^^^^^^^^^^^
> 152 |
      | ^^^^^^^^^^^^^^^^^^^^^^^^^^^^^^^^^^^^^^^^^^^^^^^^^^^^^^^^^^^^^^^^^^^^
> 153 |       if (page.expenses.length > 0) {
      | ^^^^^^^^^^^^^^^^^^^^^^^^^^^^^^^^^^^^^^^^^^^^^^^^^^^^^^^^^^^^^^^^^^^^
> 154 |         // Append. These are the same row objects the query returned, so the
      | ^^^^^^^^^^^^^^^^^^^^^^^^^^^^^^^^^^^^^^^^^^^^^^^^^^^^^^^^^^^^^^^^^^^^
> 155 |         // rows already on screen keep their identity and do not re-render.
      | ^^^^^^^^^^^^^^^^^^^^^^^^^^^^^^^^^^^^^^^^^^^^^^^^^^^^^^^^^^^^^^^^^^^^
> 156 |         setRows((current) => [...current, ...page.expenses]);
      | ^^^^^^^^^^^^^^^^^^^^^^^^^^^^^^^^^^^^^^^^^^^^^^^^^^^^^^^^^^^^^^^^^^^^
> 157 |       }
      | ^^^^^^^^^^^^^^^^^^^^^^^^^^^^^^^^^^^^^^^^^^^^^^^^^^^^^^^^^^^^^^^^^^^^
> 158 |     } catch (error) {
      | ^^^^^^^^^^^^^^^^^^^^^^^^^^^^^^^^^^^^^^^^^^^^^^^^^^^^^^^^^^^^^^^^^^^^
> 159 |       /*
      | ^^^^^^^^^^^^^^^^^^^^^^^^^^^^^^^^^^^^^^^^^^^^^^^^^^^^^^^^^^^^^^^^^^^^
> 160 |         Stop paging rather than looping. A failure here leaves the offset where it
      | ^^^^^^^^^^^^^^^^^^^^^^^^^^^^^^^^^^^^^^^^^^^^^^^^^^^^^^^^^^^^^^^^^^^^
> 161 |         was, so the next scroll would ask for the same page again and keep
      | ^^^^^^^^^^^^^^^^^^^^^^^^^^^^^^^^^^^^^^^^^^^^^^^^^^^^^^^^^^^^^^^^^^^^
> 162 |         failing; clearing `hasMore` turns the footer into "End of history" and
      | ^^^^^^^^^^^^^^^^^^^^^^^^^^^^^^^^^^^^^^^^^^^^^^^^^^^^^^^^^^^^^^^^^^^^
> 163 |         leaves a working part of the list rather than an endless spinner.
      | ^^^^^^^^^^^^^^^^^^^^^^^^^^^^^^^^^^^^^^^^^^^^^^^^^^^^^^^^^^^^^^^^^^^^
> 164 |       */
      | ^^^^^^^^^^^^^^^^^^^^^^^^^^^^^^^^^^^^^^^^^^^^^^^^^^^^^^^^^^^^^^^^^^^^
> 165 |       console.warn('[expenses] could not load the next page', error);
      | ^^^^^^^^^^^^^^^^^^^^^^^^^^^^^^^^^^^^^^^^^^^^^^^^^^^^^^^^^^^^^^^^^^^^
> 166 |       setHasMore(false);
      | ^^^^^^^^^^^^^^^^^^^^^^^^^^^^^^^^^^^^^^^^^^^^^^^^^^^^^^^^^^^^^^^^^^^^
> 167 |     } finally {
      | ^^^^^^^^^^^^^^^^^^^^^^^^^^^^^^^^^^^^^^^^^^^^^^^^^^^^^^^^^^^^^^^^^^^^
> 168 |       loadingMore.current = false;
      | ^^^^^^^^^^^^^^^^^^^^^^^^^^^^^^^^^^^^^^^^^^^^^^^^^^^^^^^^^^^^^^^^^^^^
> 169 |     }
      | ^^^^^^ (BuildHIR::lowerStatement) Handle TryStatement with a finalizer ('finally') clause
  170 |   }, [hasMore, rows.length]);
  171 |
  172 |   /*
    at new HIRBuilder (C:\Users\DboxAdmin\skill_projects\expense-tracker\node_modules\babel-plugin-react-compiler\dist\index.js:76126:19)
    at lower (C:\Users\DboxAdmin\skill_projects\expense-tracker\node_modules\babel-plugin-react-compiler\dist\index.js:78097:19)
    at runWithEnvironment (C:\Users\DboxAdmin\skill_projects\expense-tracker\node_modules\babel-plugin-react-compiler\dist\index.js:106368:15)
    at run (C:\Users\DboxAdmin\skill_projects\expense-tracker\node_modules\babel-plugin-react-compiler\dist\index.js:106361:10)
    at compileFn (C:\Users\DboxAdmin\skill_projects\expense-tracker\node_modules\babel-plugin-react-compiler\dist\index.js:106689:10)
    at tryCompileFunction (C:\Users\DboxAdmin\skill_projects\expense-tracker\node_modules\babel-plugin-react-compiler\dist\index.js:107289:19)
    at processFn (C:\Users\DboxAdmin\skill_projects\expense-tracker\node_modules\babel-plugin-react-compiler\dist\index.js:107226:25)
    at compileProgram (C:\Users\DboxAdmin\skill_projects\expense-tracker\node_modules\babel-plugin-react-compiler\dist\index.js:107107:22)
    at PluginPass.enter (C:\Users\DboxAdmin\skill_projects\expense-tracker\node_modules\babel-plugin-react-compiler\dist\index.js:108443:28)
    at newFn (C:\Users\DboxAdmin\skill_projects\expense-tracker\node_modules\@babel\traverse\lib\visitors.js:168:14)
    at NodePath._call (C:\Users\DboxAdmin\skill_projects\expense-tracker\node_modules\@babel\traverse\lib\path\context.js:50:20)
    at NodePath.call (C:\Users\DboxAdmin\skill_projects\expense-tracker\node_modules\@babel\traverse\lib\path\context.js:40:18)
    at NodePath.visit (C:\Users\DboxAdmin\skill_projects\expense-tracker\node_modules\@babel\traverse\lib\path\context.js:87:31)
    at TraversalContext.visitQueue (C:\Users\DboxAdmin\skill_projects\expense-tracker\node_modules\@babel\traverse\lib\context.js:96:16)
    at TraversalContext.visitSingle (C:\Users\DboxAdmin\skill_projects\expense-tracker\node_modules\@babel\traverse\lib\context.js:72:19)
    at TraversalContext.visit (C:\Users\DboxAdmin\skill_projects\expense-tracker\node_modules\@babel\traverse\lib\context.js:119:19)
    at traverseNode (C:\Users\DboxAdmin\skill_projects\expense-tracker\node_modules\@babel\traverse\lib\traverse-node.js:130:17)
    at traverse (C:\Users\DboxAdmin\skill_projects\expense-tracker\node_modules\@babel\traverse\lib\index.js:53:34)
    at transformFile (C:\Users\DboxAdmin\skill_projects\expense-tracker\node_modules\@babel\core\lib\transformation\index.js:79:29)
    at transformFile.next (<anonymous>)
    at run (C:\Users\DboxAdmin\skill_projects\expense-tracker\node_modules\@babel\core\lib\transformation\index.js:25:12)
    at run.next (<anonymous>)
    at transform (C:\Users\DboxAdmin\skill_projects\expense-tracker\node_modules\@babel\core\lib\transform.js:22:33)
    at transform.next (<anonymous>)
    at evaluateSync (C:\Users\DboxAdmin\skill_projects\expense-tracker\node_modules\gensync\index.js:251:28)
    at sync (C:\Users\DboxAdmin\skill_projects\expense-tracker\node_modules\gensync\index.js:89:14)
    at stopHiding - secret - don't use this - v1 (C:\Users\DboxAdmin\skill_projects\expense-tracker\node_modules\@babel\core\lib\errors\rewrite-stack-trace.js:47:12)
    at Object.transformSync (C:\Users\DboxAdmin\skill_projects\expense-tracker\node_modules\@babel\core\lib\transform.js:40:76)
    at parseWithBabel (C:\Users\DboxAdmin\skill_projects\expense-tracker\node_modules\@expo\metro-config\build\transformSync.js:75:18)
    at transformSync (C:\Users\DboxAdmin\skill_projects\expense-tracker\node_modules\@expo\metro-config\build\transformSync.js:54:16)
    at Object.transform (C:\Users\DboxAdmin\skill_projects\expense-tracker\node_modules\@expo\metro-config\build\babel-transformer.js:146:58)
    at transformJSWithBabel (C:\Users\DboxAdmin\skill_projects\expense-tracker\node_modules\@expo\metro-config\build\transform-worker\metro-transform-worker.js:495:47)
    at Object.transform (C:\Users\DboxAdmin\skill_projects\expense-tracker\node_modules\@expo\metro-config\build\transform-worker\metro-transform-worker.js:614:12)
    at Object.transform (C:\Users\DboxAdmin\skill_projects\expense-tracker\node_modules\@expo\metro-config\build\transform-worker\transform-worker.js:179:19)
    at transformFile (C:\Users\DboxAdmin\skill_projects\expense-tracker\node_modules\metro\src\DeltaBundler\Worker.flow.js:67:36)
    at Object.transform (C:\Users\DboxAdmin\skill_projects\expense-tracker\node_modules\metro\src\DeltaBundler\Worker.flow.js:42:10)
    at execFunction (C:\Users\DboxAdmin\skill_projects\expense-tracker\node_modules\jest-worker\build\workers\threadChild.js:167:17)
    at execHelper (C:\Users\DboxAdmin\skill_projects\expense-tracker\node_modules\jest-worker\build\workers\threadChild.js:155:5)
    at execMethod (C:\Users\DboxAdmin\skill_projects\expense-tracker\node_modules\jest-worker\build\workers\threadChild.js:158:5)
    at MessagePort.messageListener (C:\Users\DboxAdmin\skill_projects\expense-tracker\node_modules\jest-worker\build\workers\threadChild.js:52:7)
    at [nodejs.internal.kHybridDispatch] (node:internal/event_target:848:20)
 ERROR  ReactCompilerError: Found 2 errors:

Todo: (BuildHIR::lowerStatement) Handle TryStatement with a finalizer ('finally') clause

  110 |     loadingMore.current = true;
  111 |
> 112 |     try {
      |     ^^^^^
> 113 |       const repository = new ExpenseRepository(await getDatabase());
      | ^^^^^^^^^^^^^^^^^^^^^^^^^^^^^^^^^^^^^^^^^^^^^^^^^^^^^^^^^^^^^^^^^^^^
> 114 |       const page = await repository.listRecent({ limit: EXPENSE_PAGE_SIZE, offset: 0 });
      | ^^^^^^^^^^^^^^^^^^^^^^^^^^^^^^^^^^^^^^^^^^^^^^^^^^^^^^^^^^^^^^^^^^^^
> 115 |
      | ^^^^^^^^^^^^^^^^^^^^^^^^^^^^^^^^^^^^^^^^^^^^^^^^^^^^^^^^^^^^^^^^^^^^
> 116 |       setRows(page.expenses);
      | ^^^^^^^^^^^^^^^^^^^^^^^^^^^^^^^^^^^^^^^^^^^^^^^^^^^^^^^^^^^^^^^^^^^^
> 117 |       setHasMore(page.hasMore);
      | ^^^^^^^^^^^^^^^^^^^^^^^^^^^^^^^^^^^^^^^^^^^^^^^^^^^^^^^^^^^^^^^^^^^^
> 118 |       setStatus('ready');
      | ^^^^^^^^^^^^^^^^^^^^^^^^^^^^^^^^^^^^^^^^^^^^^^^^^^^^^^^^^^^^^^^^^^^^
> 119 |     } catch (error) {
      | ^^^^^^^^^^^^^^^^^^^^^^^^^^^^^^^^^^^^^^^^^^^^^^^^^^^^^^^^^^^^^^^^^^^^
> 120 |       // Rows already on screen are left alone; only a first load with nothing to
      | ^^^^^^^^^^^^^^^^^^^^^^^^^^^^^^^^^^^^^^^^^^^^^^^^^^^^^^^^^^^^^^^^^^^^
> 121 |       // show replaces them with an error.
      | ^^^^^^^^^^^^^^^^^^^^^^^^^^^^^^^^^^^^^^^^^^^^^^^^^^^^^^^^^^^^^^^^^^^^
> 122 |       console.warn('[expenses] could not load the first page', error);
      | ^^^^^^^^^^^^^^^^^^^^^^^^^^^^^^^^^^^^^^^^^^^^^^^^^^^^^^^^^^^^^^^^^^^^
> 123 |
      | ^^^^^^^^^^^^^^^^^^^^^^^^^^^^^^^^^^^^^^^^^^^^^^^^^^^^^^^^^^^^^^^^^^^^
> 124 |       if (rows.length === 0) {
      | ^^^^^^^^^^^^^^^^^^^^^^^^^^^^^^^^^^^^^^^^^^^^^^^^^^^^^^^^^^^^^^^^^^^^
> 125 |         setStatus('error');
      | ^^^^^^^^^^^^^^^^^^^^^^^^^^^^^^^^^^^^^^^^^^^^^^^^^^^^^^^^^^^^^^^^^^^^
> 126 |       }
      | ^^^^^^^^^^^^^^^^^^^^^^^^^^^^^^^^^^^^^^^^^^^^^^^^^^^^^^^^^^^^^^^^^^^^
> 127 |     } finally {
      | ^^^^^^^^^^^^^^^^^^^^^^^^^^^^^^^^^^^^^^^^^^^^^^^^^^^^^^^^^^^^^^^^^^^^
> 128 |       loadingMore.current = false;
      | ^^^^^^^^^^^^^^^^^^^^^^^^^^^^^^^^^^^^^^^^^^^^^^^^^^^^^^^^^^^^^^^^^^^^
> 129 |     }
      | ^^^^^^ (BuildHIR::lowerStatement) Handle TryStatement with a finalizer ('finally') clause
  130 |   }, [rows.length]);
  131 |
  132 |   const loadNextPage = useCallback(async () => {

Todo: (BuildHIR::lowerStatement) Handle TryStatement with a finalizer ('finally') clause

  140 |     loadingMore.current = true;
  141 |
> 142 |     try {
      |     ^^^^^
> 143 |       const repository = new ExpenseRepository(await getDatabase());
      | ^^^^^^^^^^^^^^^^^^^^^^^^^^^^^^^^^^^^^^^^^^^^^^^^^^^^^^^^^^^^^^^^^^^^
> 144 |       const page = await repository.listRecent({
      | ^^^^^^^^^^^^^^^^^^^^^^^^^^^^^^^^^^^^^^^^^^^^^^^^^^^^^^^^^^^^^^^^^^^^
> 145 |         limit: EXPENSE_PAGE_SIZE,
      | ^^^^^^^^^^^^^^^^^^^^^^^^^^^^^^^^^^^^^^^^^^^^^^^^^^^^^^^^^^^^^^^^^^^^
> 146 |         // Read against the rows on screen, not against a separate counter that
      | ^^^^^^^^^^^^^^^^^^^^^^^^^^^^^^^^^^^^^^^^^^^^^^^^^^^^^^^^^^^^^^^^^^^^
> 147 |         // could drift from them.
      | ^^^^^^^^^^^^^^^^^^^^^^^^^^^^^^^^^^^^^^^^^^^^^^^^^^^^^^^^^^^^^^^^^^^^
> 148 |         offset: rows.length,
      | ^^^^^^^^^^^^^^^^^^^^^^^^^^^^^^^^^^^^^^^^^^^^^^^^^^^^^^^^^^^^^^^^^^^^
> 149 |       });
      | ^^^^^^^^^^^^^^^^^^^^^^^^^^^^^^^^^^^^^^^^^^^^^^^^^^^^^^^^^^^^^^^^^^^^
> 150 |
      | ^^^^^^^^^^^^^^^^^^^^^^^^^^^^^^^^^^^^^^^^^^^^^^^^^^^^^^^^^^^^^^^^^^^^
> 151 |       setHasMore(page.hasMore);
      | ^^^^^^^^^^^^^^^^^^^^^^^^^^^^^^^^^^^^^^^^^^^^^^^^^^^^^^^^^^^^^^^^^^^^
> 152 |
      | ^^^^^^^^^^^^^^^^^^^^^^^^^^^^^^^^^^^^^^^^^^^^^^^^^^^^^^^^^^^^^^^^^^^^
> 153 |       if (page.expenses.length > 0) {
      | ^^^^^^^^^^^^^^^^^^^^^^^^^^^^^^^^^^^^^^^^^^^^^^^^^^^^^^^^^^^^^^^^^^^^
> 154 |         // Append. These are the same row objects the query returned, so the
      | ^^^^^^^^^^^^^^^^^^^^^^^^^^^^^^^^^^^^^^^^^^^^^^^^^^^^^^^^^^^^^^^^^^^^
> 155 |         // rows already on screen keep their identity and do not re-render.
      | ^^^^^^^^^^^^^^^^^^^^^^^^^^^^^^^^^^^^^^^^^^^^^^^^^^^^^^^^^^^^^^^^^^^^
> 156 |         setRows((current) => [...current, ...page.expenses]);
      | ^^^^^^^^^^^^^^^^^^^^^^^^^^^^^^^^^^^^^^^^^^^^^^^^^^^^^^^^^^^^^^^^^^^^
> 157 |       }
      | ^^^^^^^^^^^^^^^^^^^^^^^^^^^^^^^^^^^^^^^^^^^^^^^^^^^^^^^^^^^^^^^^^^^^
> 158 |     } catch (error) {
      | ^^^^^^^^^^^^^^^^^^^^^^^^^^^^^^^^^^^^^^^^^^^^^^^^^^^^^^^^^^^^^^^^^^^^
> 159 |       /*
      | ^^^^^^^^^^^^^^^^^^^^^^^^^^^^^^^^^^^^^^^^^^^^^^^^^^^^^^^^^^^^^^^^^^^^
> 160 |         Stop paging rather than looping. A failure here leaves the offset where it
      | ^^^^^^^^^^^^^^^^^^^^^^^^^^^^^^^^^^^^^^^^^^^^^^^^^^^^^^^^^^^^^^^^^^^^
> 161 |         was, so the next scroll would ask for the same page again and keep
      | ^^^^^^^^^^^^^^^^^^^^^^^^^^^^^^^^^^^^^^^^^^^^^^^^^^^^^^^^^^^^^^^^^^^^
> 162 |         failing; clearing `hasMore` turns the footer into "End of history" and
      | ^^^^^^^^^^^^^^^^^^^^^^^^^^^^^^^^^^^^^^^^^^^^^^^^^^^^^^^^^^^^^^^^^^^^
> 163 |         leaves a working part of the list rather than an endless spinner.
      | ^^^^^^^^^^^^^^^^^^^^^^^^^^^^^^^^^^^^^^^^^^^^^^^^^^^^^^^^^^^^^^^^^^^^
> 164 |       */
      | ^^^^^^^^^^^^^^^^^^^^^^^^^^^^^^^^^^^^^^^^^^^^^^^^^^^^^^^^^^^^^^^^^^^^
> 165 |       console.warn('[expenses] could not load the next page', error);
      | ^^^^^^^^^^^^^^^^^^^^^^^^^^^^^^^^^^^^^^^^^^^^^^^^^^^^^^^^^^^^^^^^^^^^
> 166 |       setHasMore(false);
      | ^^^^^^^^^^^^^^^^^^^^^^^^^^^^^^^^^^^^^^^^^^^^^^^^^^^^^^^^^^^^^^^^^^^^
> 167 |     } finally {
      | ^^^^^^^^^^^^^^^^^^^^^^^^^^^^^^^^^^^^^^^^^^^^^^^^^^^^^^^^^^^^^^^^^^^^
> 168 |       loadingMore.current = false;
      | ^^^^^^^^^^^^^^^^^^^^^^^^^^^^^^^^^^^^^^^^^^^^^^^^^^^^^^^^^^^^^^^^^^^^
> 169 |     }
      | ^^^^^^ (BuildHIR::lowerStatement) Handle TryStatement with a finalizer ('finally') clause
  170 |   }, [hasMore, rows.length]);
  171 |
  172 |   /*
    at new HIRBuilder (C:\Users\DboxAdmin\skill_projects\expense-tracker\node_modules\babel-plugin-react-compiler\dist\index.js:76126:19)
    at lower (C:\Users\DboxAdmin\skill_projects\expense-tracker\node_modules\babel-plugin-react-compiler\dist\index.js:78097:19)
    at runWithEnvironment (C:\Users\DboxAdmin\skill_projects\expense-tracker\node_modules\babel-plugin-react-compiler\dist\index.js:106368:15)
    at run (C:\Users\DboxAdmin\skill_projects\expense-tracker\node_modules\babel-plugin-react-compiler\dist\index.js:106361:10)
    at compileFn (C:\Users\DboxAdmin\skill_projects\expense-tracker\node_modules\babel-plugin-react-compiler\dist\index.js:106689:10)
    at tryCompileFunction (C:\Users\DboxAdmin\skill_projects\expense-tracker\node_modules\babel-plugin-react-compiler\dist\index.js:107289:19)
    at processFn (C:\Users\DboxAdmin\skill_projects\expense-tracker\node_modules\babel-plugin-react-compiler\dist\index.js:107226:25)
    at compileProgram (C:\Users\DboxAdmin\skill_projects\expense-tracker\node_modules\babel-plugin-react-compiler\dist\index.js:107107:22)
    at PluginPass.enter (C:\Users\DboxAdmin\skill_projects\expense-tracker\node_modules\babel-plugin-react-compiler\dist\index.js:108443:28)
    at newFn (C:\Users\DboxAdmin\skill_projects\expense-tracker\node_modules\@babel\traverse\lib\visitors.js:168:14)
    at NodePath._call (C:\Users\DboxAdmin\skill_projects\expense-tracker\node_modules\@babel\traverse\lib\path\context.js:50:20)
    at NodePath.call (C:\Users\DboxAdmin\skill_projects\expense-tracker\node_modules\@babel\traverse\lib\path\context.js:40:18)
    at NodePath.visit (C:\Users\DboxAdmin\skill_projects\expense-tracker\node_modules\@babel\traverse\lib\path\context.js:87:31)
    at TraversalContext.visitQueue (C:\Users\DboxAdmin\skill_projects\expense-tracker\node_modules\@babel\traverse\lib\context.js:96:16)
    at TraversalContext.visitSingle (C:\Users\DboxAdmin\skill_projects\expense-tracker\node_modules\@babel\traverse\lib\context.js:72:19)
    at TraversalContext.visit (C:\Users\DboxAdmin\skill_projects\expense-tracker\node_modules\@babel\traverse\lib\context.js:119:19)
    at traverseNode (C:\Users\DboxAdmin\skill_projects\expense-tracker\node_modules\@babel\traverse\lib\traverse-node.js:130:17)
    at traverse (C:\Users\DboxAdmin\skill_projects\expense-tracker\node_modules\@babel\traverse\lib\index.js:53:34)
    at transformFile (C:\Users\DboxAdmin\skill_projects\expense-tracker\node_modules\@babel\core\lib\transformation\index.js:79:29)
    at transformFile.next (<anonymous>)
    at run (C:\Users\DboxAdmin\skill_projects\expense-tracker\node_modules\@babel\core\lib\transformation\index.js:25:12)
    at run.next (<anonymous>)
    at transform (C:\Users\DboxAdmin\skill_projects\expense-tracker\node_modules\@babel\core\lib\transform.js:22:33)
    at transform.next (<anonymous>)
    at evaluateSync (C:\Users\DboxAdmin\skill_projects\expense-tracker\node_modules\gensync\index.js:251:28)
    at sync (C:\Users\DboxAdmin\skill_projects\expense-tracker\node_modules\gensync\index.js:89:14)
    at stopHiding - secret - don't use this - v1 (C:\Users\DboxAdmin\skill_projects\expense-tracker\node_modules\@babel\core\lib\errors\rewrite-stack-trace.js:47:12)
    at Object.transformSync (C:\Users\DboxAdmin\skill_projects\expense-tracker\node_modules\@babel\core\lib\transform.js:40:76)
    at parseWithBabel (C:\Users\DboxAdmin\skill_projects\expense-tracker\node_modules\@expo\metro-config\build\transformSync.js:75:18)
    at transformSync (C:\Users\DboxAdmin\skill_projects\expense-tracker\node_modules\@expo\metro-config\build\transformSync.js:54:16)
    at Object.transform (C:\Users\DboxAdmin\skill_projects\expense-tracker\node_modules\@expo\metro-config\build\babel-transformer.js:146:58)
    at transformJSWithBabel (C:\Users\DboxAdmin\skill_projects\expense-tracker\node_modules\@expo\metro-config\build\transform-worker\metro-transform-worker.js:495:47)
    at Object.transform (C:\Users\DboxAdmin\skill_projects\expense-tracker\node_modules\@expo\metro-config\build\transform-worker\metro-transform-worker.js:614:12)
    at Object.transform (C:\Users\DboxAdmin\skill_projects\expense-tracker\node_modules\@expo\metro-config\build\transform-worker\transform-worker.js:179:19)
    at transformFile (C:\Users\DboxAdmin\skill_projects\expense-tracker\node_modules\metro\src\DeltaBundler\Worker.flow.js:67:36)
    at Object.transform (C:\Users\DboxAdmin\skill_projects\expense-tracker\node_modules\metro\src\DeltaBundler\Worker.flow.js:42:10)
    at execFunction (C:\Users\DboxAdmin\skill_projects\expense-tracker\node_modules\jest-worker\build\workers\threadChild.js:167:17)
    at execHelper (C:\Users\DboxAdmin\skill_projects\expense-tracker\node_modules\jest-worker\build\workers\threadChild.js:155:5)
    at execMethod (C:\Users\DboxAdmin\skill_projects\expense-tracker\node_modules\jest-worker\build\workers\threadChild.js:158:5)
    at MessagePort.messageListener (C:\Users\DboxAdmin\skill_projects\expense-tracker\node_modules\jest-worker\build\workers\threadChild.js:52:7)
    at [nodejs.internal.kHybridDispatch] (node:internal/event_target:848:20)
 ERROR  ReactCompilerError: Found 2 errors:

Todo: (BuildHIR::lowerStatement) Handle TryStatement with a finalizer ('finally') clause

  110 |     loadingMore.current = true;
  111 |
> 112 |     try {
      |     ^^^^^
> 113 |       const repository = new ExpenseRepository(await getDatabase());
      | ^^^^^^^^^^^^^^^^^^^^^^^^^^^^^^^^^^^^^^^^^^^^^^^^^^^^^^^^^^^^^^^^^^^^
> 114 |       const page = await repository.listRecent({ limit: EXPENSE_PAGE_SIZE, offset: 0 });
      | ^^^^^^^^^^^^^^^^^^^^^^^^^^^^^^^^^^^^^^^^^^^^^^^^^^^^^^^^^^^^^^^^^^^^
> 115 |
      | ^^^^^^^^^^^^^^^^^^^^^^^^^^^^^^^^^^^^^^^^^^^^^^^^^^^^^^^^^^^^^^^^^^^^
> 116 |       setRows(page.expenses);
      | ^^^^^^^^^^^^^^^^^^^^^^^^^^^^^^^^^^^^^^^^^^^^^^^^^^^^^^^^^^^^^^^^^^^^
> 117 |       setHasMore(page.hasMore);
      | ^^^^^^^^^^^^^^^^^^^^^^^^^^^^^^^^^^^^^^^^^^^^^^^^^^^^^^^^^^^^^^^^^^^^
> 118 |       setStatus('ready');
      | ^^^^^^^^^^^^^^^^^^^^^^^^^^^^^^^^^^^^^^^^^^^^^^^^^^^^^^^^^^^^^^^^^^^^
> 119 |     } catch (error) {
      | ^^^^^^^^^^^^^^^^^^^^^^^^^^^^^^^^^^^^^^^^^^^^^^^^^^^^^^^^^^^^^^^^^^^^
> 120 |       // Rows already on screen are left alone; only a first load with nothing to
      | ^^^^^^^^^^^^^^^^^^^^^^^^^^^^^^^^^^^^^^^^^^^^^^^^^^^^^^^^^^^^^^^^^^^^
> 121 |       // show replaces them with an error.
      | ^^^^^^^^^^^^^^^^^^^^^^^^^^^^^^^^^^^^^^^^^^^^^^^^^^^^^^^^^^^^^^^^^^^^
> 122 |       console.warn('[expenses] could not load the first page', error);
      | ^^^^^^^^^^^^^^^^^^^^^^^^^^^^^^^^^^^^^^^^^^^^^^^^^^^^^^^^^^^^^^^^^^^^
> 123 |
      | ^^^^^^^^^^^^^^^^^^^^^^^^^^^^^^^^^^^^^^^^^^^^^^^^^^^^^^^^^^^^^^^^^^^^
> 124 |       if (rows.length === 0) {
      | ^^^^^^^^^^^^^^^^^^^^^^^^^^^^^^^^^^^^^^^^^^^^^^^^^^^^^^^^^^^^^^^^^^^^
> 125 |         setStatus('error');
      | ^^^^^^^^^^^^^^^^^^^^^^^^^^^^^^^^^^^^^^^^^^^^^^^^^^^^^^^^^^^^^^^^^^^^
> 126 |       }
      | ^^^^^^^^^^^^^^^^^^^^^^^^^^^^^^^^^^^^^^^^^^^^^^^^^^^^^^^^^^^^^^^^^^^^
> 127 |     } finally {
      | ^^^^^^^^^^^^^^^^^^^^^^^^^^^^^^^^^^^^^^^^^^^^^^^^^^^^^^^^^^^^^^^^^^^^
> 128 |       loadingMore.current = false;
      | ^^^^^^^^^^^^^^^^^^^^^^^^^^^^^^^^^^^^^^^^^^^^^^^^^^^^^^^^^^^^^^^^^^^^
> 129 |     }
      | ^^^^^^ (BuildHIR::lowerStatement) Handle TryStatement with a finalizer ('finally') clause
  130 |   }, [rows.length]);
  131 |
  132 |   const loadNextPage = useCallback(async () => {

Todo: (BuildHIR::lowerStatement) Handle TryStatement with a finalizer ('finally') clause

  140 |     loadingMore.current = true;
  141 |
> 142 |     try {
      |     ^^^^^
> 143 |       const repository = new ExpenseRepository(await getDatabase());
      | ^^^^^^^^^^^^^^^^^^^^^^^^^^^^^^^^^^^^^^^^^^^^^^^^^^^^^^^^^^^^^^^^^^^^
> 144 |       const page = await repository.listRecent({
      | ^^^^^^^^^^^^^^^^^^^^^^^^^^^^^^^^^^^^^^^^^^^^^^^^^^^^^^^^^^^^^^^^^^^^
> 145 |         limit: EXPENSE_PAGE_SIZE,
      | ^^^^^^^^^^^^^^^^^^^^^^^^^^^^^^^^^^^^^^^^^^^^^^^^^^^^^^^^^^^^^^^^^^^^
> 146 |         // Read against the rows on screen, not against a separate counter that
      | ^^^^^^^^^^^^^^^^^^^^^^^^^^^^^^^^^^^^^^^^^^^^^^^^^^^^^^^^^^^^^^^^^^^^
> 147 |         // could drift from them.
      | ^^^^^^^^^^^^^^^^^^^^^^^^^^^^^^^^^^^^^^^^^^^^^^^^^^^^^^^^^^^^^^^^^^^^
> 148 |         offset: rows.length,
      | ^^^^^^^^^^^^^^^^^^^^^^^^^^^^^^^^^^^^^^^^^^^^^^^^^^^^^^^^^^^^^^^^^^^^
> 149 |       });
      | ^^^^^^^^^^^^^^^^^^^^^^^^^^^^^^^^^^^^^^^^^^^^^^^^^^^^^^^^^^^^^^^^^^^^
> 150 |
      | ^^^^^^^^^^^^^^^^^^^^^^^^^^^^^^^^^^^^^^^^^^^^^^^^^^^^^^^^^^^^^^^^^^^^
> 151 |       setHasMore(page.hasMore);
      | ^^^^^^^^^^^^^^^^^^^^^^^^^^^^^^^^^^^^^^^^^^^^^^^^^^^^^^^^^^^^^^^^^^^^
> 152 |
      | ^^^^^^^^^^^^^^^^^^^^^^^^^^^^^^^^^^^^^^^^^^^^^^^^^^^^^^^^^^^^^^^^^^^^
> 153 |       if (page.expenses.length > 0) {
      | ^^^^^^^^^^^^^^^^^^^^^^^^^^^^^^^^^^^^^^^^^^^^^^^^^^^^^^^^^^^^^^^^^^^^
> 154 |         // Append. These are the same row objects the query returned, so the
      | ^^^^^^^^^^^^^^^^^^^^^^^^^^^^^^^^^^^^^^^^^^^^^^^^^^^^^^^^^^^^^^^^^^^^
> 155 |         // rows already on screen keep their identity and do not re-render.
      | ^^^^^^^^^^^^^^^^^^^^^^^^^^^^^^^^^^^^^^^^^^^^^^^^^^^^^^^^^^^^^^^^^^^^
> 156 |         setRows((current) => [...current, ...page.expenses]);
      | ^^^^^^^^^^^^^^^^^^^^^^^^^^^^^^^^^^^^^^^^^^^^^^^^^^^^^^^^^^^^^^^^^^^^
> 157 |       }
      | ^^^^^^^^^^^^^^^^^^^^^^^^^^^^^^^^^^^^^^^^^^^^^^^^^^^^^^^^^^^^^^^^^^^^
> 158 |     } catch (error) {
      | ^^^^^^^^^^^^^^^^^^^^^^^^^^^^^^^^^^^^^^^^^^^^^^^^^^^^^^^^^^^^^^^^^^^^
> 159 |       /*
      | ^^^^^^^^^^^^^^^^^^^^^^^^^^^^^^^^^^^^^^^^^^^^^^^^^^^^^^^^^^^^^^^^^^^^
> 160 |         Stop paging rather than looping. A failure here leaves the offset where it
      | ^^^^^^^^^^^^^^^^^^^^^^^^^^^^^^^^^^^^^^^^^^^^^^^^^^^^^^^^^^^^^^^^^^^^
> 161 |         was, so the next scroll would ask for the same page again and keep
      | ^^^^^^^^^^^^^^^^^^^^^^^^^^^^^^^^^^^^^^^^^^^^^^^^^^^^^^^^^^^^^^^^^^^^
> 162 |         failing; clearing `hasMore` turns the footer into "End of history" and
      | ^^^^^^^^^^^^^^^^^^^^^^^^^^^^^^^^^^^^^^^^^^^^^^^^^^^^^^^^^^^^^^^^^^^^
> 163 |         leaves a working part of the list rather than an endless spinner.
      | ^^^^^^^^^^^^^^^^^^^^^^^^^^^^^^^^^^^^^^^^^^^^^^^^^^^^^^^^^^^^^^^^^^^^
> 164 |       */
      | ^^^^^^^^^^^^^^^^^^^^^^^^^^^^^^^^^^^^^^^^^^^^^^^^^^^^^^^^^^^^^^^^^^^^
> 165 |       console.warn('[expenses] could not load the next page', error);
      | ^^^^^^^^^^^^^^^^^^^^^^^^^^^^^^^^^^^^^^^^^^^^^^^^^^^^^^^^^^^^^^^^^^^^
> 166 |       setHasMore(false);
      | ^^^^^^^^^^^^^^^^^^^^^^^^^^^^^^^^^^^^^^^^^^^^^^^^^^^^^^^^^^^^^^^^^^^^
> 167 |     } finally {
      | ^^^^^^^^^^^^^^^^^^^^^^^^^^^^^^^^^^^^^^^^^^^^^^^^^^^^^^^^^^^^^^^^^^^^
> 168 |       loadingMore.current = false;
      | ^^^^^^^^^^^^^^^^^^^^^^^^^^^^^^^^^^^^^^^^^^^^^^^^^^^^^^^^^^^^^^^^^^^^
> 169 |     }
      | ^^^^^^ (BuildHIR::lowerStatement) Handle TryStatement with a finalizer ('finally') clause
  170 |   }, [hasMore, rows.length]);
  171 |
  172 |   /*
    at new HIRBuilder (C:\Users\DboxAdmin\skill_projects\expense-tracker\node_modules\babel-plugin-react-compiler\dist\index.js:76126:19)
    at lower (C:\Users\DboxAdmin\skill_projects\expense-tracker\node_modules\babel-plugin-react-compiler\dist\index.js:78097:19)
    at runWithEnvironment (C:\Users\DboxAdmin\skill_projects\expense-tracker\node_modules\babel-plugin-react-compiler\dist\index.js:106368:15)
    at run (C:\Users\DboxAdmin\skill_projects\expense-tracker\node_modules\babel-plugin-react-compiler\dist\index.js:106361:10)
    at compileFn (C:\Users\DboxAdmin\skill_projects\expense-tracker\node_modules\babel-plugin-react-compiler\dist\index.js:106689:10)
    at tryCompileFunction (C:\Users\DboxAdmin\skill_projects\expense-tracker\node_modules\babel-plugin-react-compiler\dist\index.js:107289:19)
    at processFn (C:\Users\DboxAdmin\skill_projects\expense-tracker\node_modules\babel-plugin-react-compiler\dist\index.js:107226:25)
    at compileProgram (C:\Users\DboxAdmin\skill_projects\expense-tracker\node_modules\babel-plugin-react-compiler\dist\index.js:107107:22)
    at PluginPass.enter (C:\Users\DboxAdmin\skill_projects\expense-tracker\node_modules\babel-plugin-react-compiler\dist\index.js:108443:28)
    at newFn (C:\Users\DboxAdmin\skill_projects\expense-tracker\node_modules\@babel\traverse\lib\visitors.js:168:14)
    at NodePath._call (C:\Users\DboxAdmin\skill_projects\expense-tracker\node_modules\@babel\traverse\lib\path\context.js:50:20)
    at NodePath.call (C:\Users\DboxAdmin\skill_projects\expense-tracker\node_modules\@babel\traverse\lib\path\context.js:40:18)
    at NodePath.visit (C:\Users\DboxAdmin\skill_projects\expense-tracker\node_modules\@babel\traverse\lib\path\context.js:87:31)
    at TraversalContext.visitQueue (C:\Users\DboxAdmin\skill_projects\expense-tracker\node_modules\@babel\traverse\lib\context.js:96:16)
    at TraversalContext.visitSingle (C:\Users\DboxAdmin\skill_projects\expense-tracker\node_modules\@babel\traverse\lib\context.js:72:19)
    at TraversalContext.visit (C:\Users\DboxAdmin\skill_projects\expense-tracker\node_modules\@babel\traverse\lib\context.js:119:19)
    at traverseNode (C:\Users\DboxAdmin\skill_projects\expense-tracker\node_modules\@babel\traverse\lib\traverse-node.js:130:17)
    at traverse (C:\Users\DboxAdmin\skill_projects\expense-tracker\node_modules\@babel\traverse\lib\index.js:53:34)
    at transformFile (C:\Users\DboxAdmin\skill_projects\expense-tracker\node_modules\@babel\core\lib\transformation\index.js:79:29)
    at transformFile.next (<anonymous>)
    at run (C:\Users\DboxAdmin\skill_projects\expense-tracker\node_modules\@babel\core\lib\transformation\index.js:25:12)
    at run.next (<anonymous>)
    at transform (C:\Users\DboxAdmin\skill_projects\expense-tracker\node_modules\@babel\core\lib\transform.js:22:33)
    at transform.next (<anonymous>)
    at evaluateSync (C:\Users\DboxAdmin\skill_projects\expense-tracker\node_modules\gensync\index.js:251:28)
    at sync (C:\Users\DboxAdmin\skill_projects\expense-tracker\node_modules\gensync\index.js:89:14)
    at stopHiding - secret - don't use this - v1 (C:\Users\DboxAdmin\skill_projects\expense-tracker\node_modules\@babel\core\lib\errors\rewrite-stack-trace.js:47:12)
    at Object.transformSync (C:\Users\DboxAdmin\skill_projects\expense-tracker\node_modules\@babel\core\lib\transform.js:40:76)
    at parseWithBabel (C:\Users\DboxAdmin\skill_projects\expense-tracker\node_modules\@expo\metro-config\build\transformSync.js:75:18)
    at transformSync (C:\Users\DboxAdmin\skill_projects\expense-tracker\node_modules\@expo\metro-config\build\transformSync.js:54:16)
    at Object.transform (C:\Users\DboxAdmin\skill_projects\expense-tracker\node_modules\@expo\metro-config\build\babel-transformer.js:146:58)
    at transformJSWithBabel (C:\Users\DboxAdmin\skill_projects\expense-tracker\node_modules\@expo\metro-config\build\transform-worker\metro-transform-worker.js:495:47)
    at Object.transform (C:\Users\DboxAdmin\skill_projects\expense-tracker\node_modules\@expo\metro-config\build\transform-worker\metro-transform-worker.js:614:12)
    at Object.transform (C:\Users\DboxAdmin\skill_projects\expense-tracker\node_modules\@expo\metro-config\build\transform-worker\transform-worker.js:179:19)
    at transformFile (C:\Users\DboxAdmin\skill_projects\expense-tracker\node_modules\metro\src\DeltaBundler\Worker.flow.js:67:36)
    at Object.transform (C:\Users\DboxAdmin\skill_projects\expense-tracker\node_modules\metro\src\DeltaBundler\Worker.flow.js:42:10)
    at execFunction (C:\Users\DboxAdmin\skill_projects\expense-tracker\node_modules\jest-worker\build\workers\threadChild.js:167:17)
    at execHelper (C:\Users\DboxAdmin\skill_projects\expense-tracker\node_modules\jest-worker\build\workers\threadChild.js:155:5)
    at execMethod (C:\Users\DboxAdmin\skill_projects\expense-tracker\node_modules\jest-worker\build\workers\threadChild.js:158:5)
    at MessagePort.messageListener (C:\Users\DboxAdmin\skill_projects\expense-tracker\node_modules\jest-worker\build\workers\threadChild.js:52:7)
    at [nodejs.internal.kHybridDispatch] (node:internal/event_target:848:20)
 ERROR  ReactCompilerError: Found 2 errors:

Todo: (BuildHIR::lowerStatement) Handle TryStatement with a finalizer ('finally') clause

  110 |     loadingMore.current = true;
  111 |
> 112 |     try {
      |     ^^^^^
> 113 |       const repository = new ExpenseRepository(await getDatabase());
      | ^^^^^^^^^^^^^^^^^^^^^^^^^^^^^^^^^^^^^^^^^^^^^^^^^^^^^^^^^^^^^^^^^^^^
> 114 |       const page = await repository.listRecent({ limit: EXPENSE_PAGE_SIZE, offset: 0 });
      | ^^^^^^^^^^^^^^^^^^^^^^^^^^^^^^^^^^^^^^^^^^^^^^^^^^^^^^^^^^^^^^^^^^^^
> 115 |
      | ^^^^^^^^^^^^^^^^^^^^^^^^^^^^^^^^^^^^^^^^^^^^^^^^^^^^^^^^^^^^^^^^^^^^
> 116 |       setRows(page.expenses);
      | ^^^^^^^^^^^^^^^^^^^^^^^^^^^^^^^^^^^^^^^^^^^^^^^^^^^^^^^^^^^^^^^^^^^^
> 117 |       setHasMore(page.hasMore);
      | ^^^^^^^^^^^^^^^^^^^^^^^^^^^^^^^^^^^^^^^^^^^^^^^^^^^^^^^^^^^^^^^^^^^^
> 118 |       setStatus('ready');
      | ^^^^^^^^^^^^^^^^^^^^^^^^^^^^^^^^^^^^^^^^^^^^^^^^^^^^^^^^^^^^^^^^^^^^
> 119 |     } catch (error) {
      | ^^^^^^^^^^^^^^^^^^^^^^^^^^^^^^^^^^^^^^^^^^^^^^^^^^^^^^^^^^^^^^^^^^^^
> 120 |       // Rows already on screen are left alone; only a first load with nothing to
      | ^^^^^^^^^^^^^^^^^^^^^^^^^^^^^^^^^^^^^^^^^^^^^^^^^^^^^^^^^^^^^^^^^^^^
> 121 |       // show replaces them with an error.
      | ^^^^^^^^^^^^^^^^^^^^^^^^^^^^^^^^^^^^^^^^^^^^^^^^^^^^^^^^^^^^^^^^^^^^
> 122 |       console.warn('[expenses] could not load the first page', error);
      | ^^^^^^^^^^^^^^^^^^^^^^^^^^^^^^^^^^^^^^^^^^^^^^^^^^^^^^^^^^^^^^^^^^^^
> 123 |
      | ^^^^^^^^^^^^^^^^^^^^^^^^^^^^^^^^^^^^^^^^^^^^^^^^^^^^^^^^^^^^^^^^^^^^
> 124 |       if (rows.length === 0) {
      | ^^^^^^^^^^^^^^^^^^^^^^^^^^^^^^^^^^^^^^^^^^^^^^^^^^^^^^^^^^^^^^^^^^^^
> 125 |         setStatus('error');
      | ^^^^^^^^^^^^^^^^^^^^^^^^^^^^^^^^^^^^^^^^^^^^^^^^^^^^^^^^^^^^^^^^^^^^
> 126 |       }
      | ^^^^^^^^^^^^^^^^^^^^^^^^^^^^^^^^^^^^^^^^^^^^^^^^^^^^^^^^^^^^^^^^^^^^
> 127 |     } finally {
      | ^^^^^^^^^^^^^^^^^^^^^^^^^^^^^^^^^^^^^^^^^^^^^^^^^^^^^^^^^^^^^^^^^^^^
> 128 |       loadingMore.current = false;
      | ^^^^^^^^^^^^^^^^^^^^^^^^^^^^^^^^^^^^^^^^^^^^^^^^^^^^^^^^^^^^^^^^^^^^
> 129 |     }
      | ^^^^^^ (BuildHIR::lowerStatement) Handle TryStatement with a finalizer ('finally') clause
  130 |   }, [rows.length]);
  131 |
  132 |   const loadNextPage = useCallback(async () => {

Todo: (BuildHIR::lowerStatement) Handle TryStatement with a finalizer ('finally') clause

  140 |     loadingMore.current = true;
  141 |
> 142 |     try {
      |     ^^^^^
> 143 |       const repository = new ExpenseRepository(await getDatabase());
      | ^^^^^^^^^^^^^^^^^^^^^^^^^^^^^^^^^^^^^^^^^^^^^^^^^^^^^^^^^^^^^^^^^^^^
> 144 |       const page = await repository.listRecent({
      | ^^^^^^^^^^^^^^^^^^^^^^^^^^^^^^^^^^^^^^^^^^^^^^^^^^^^^^^^^^^^^^^^^^^^
> 145 |         limit: EXPENSE_PAGE_SIZE,
      | ^^^^^^^^^^^^^^^^^^^^^^^^^^^^^^^^^^^^^^^^^^^^^^^^^^^^^^^^^^^^^^^^^^^^
> 146 |         // Read against the rows on screen, not against a separate counter that
      | ^^^^^^^^^^^^^^^^^^^^^^^^^^^^^^^^^^^^^^^^^^^^^^^^^^^^^^^^^^^^^^^^^^^^
> 147 |         // could drift from them.
      | ^^^^^^^^^^^^^^^^^^^^^^^^^^^^^^^^^^^^^^^^^^^^^^^^^^^^^^^^^^^^^^^^^^^^
> 148 |         offset: rows.length,
      | ^^^^^^^^^^^^^^^^^^^^^^^^^^^^^^^^^^^^^^^^^^^^^^^^^^^^^^^^^^^^^^^^^^^^
> 149 |       });
      | ^^^^^^^^^^^^^^^^^^^^^^^^^^^^^^^^^^^^^^^^^^^^^^^^^^^^^^^^^^^^^^^^^^^^
> 150 |
      | ^^^^^^^^^^^^^^^^^^^^^^^^^^^^^^^^^^^^^^^^^^^^^^^^^^^^^^^^^^^^^^^^^^^^
> 151 |       setHasMore(page.hasMore);
      | ^^^^^^^^^^^^^^^^^^^^^^^^^^^^^^^^^^^^^^^^^^^^^^^^^^^^^^^^^^^^^^^^^^^^
> 152 |
      | ^^^^^^^^^^^^^^^^^^^^^^^^^^^^^^^^^^^^^^^^^^^^^^^^^^^^^^^^^^^^^^^^^^^^
> 153 |       if (page.expenses.length > 0) {
      | ^^^^^^^^^^^^^^^^^^^^^^^^^^^^^^^^^^^^^^^^^^^^^^^^^^^^^^^^^^^^^^^^^^^^
> 154 |         // Append. These are the same row objects the query returned, so the
      | ^^^^^^^^^^^^^^^^^^^^^^^^^^^^^^^^^^^^^^^^^^^^^^^^^^^^^^^^^^^^^^^^^^^^
> 155 |         // rows already on screen keep their identity and do not re-render.
      | ^^^^^^^^^^^^^^^^^^^^^^^^^^^^^^^^^^^^^^^^^^^^^^^^^^^^^^^^^^^^^^^^^^^^
> 156 |         setRows((current) => [...current, ...page.expenses]);
      | ^^^^^^^^^^^^^^^^^^^^^^^^^^^^^^^^^^^^^^^^^^^^^^^^^^^^^^^^^^^^^^^^^^^^
> 157 |       }
      | ^^^^^^^^^^^^^^^^^^^^^^^^^^^^^^^^^^^^^^^^^^^^^^^^^^^^^^^^^^^^^^^^^^^^
> 158 |     } catch (error) {
      | ^^^^^^^^^^^^^^^^^^^^^^^^^^^^^^^^^^^^^^^^^^^^^^^^^^^^^^^^^^^^^^^^^^^^
> 159 |       /*
      | ^^^^^^^^^^^^^^^^^^^^^^^^^^^^^^^^^^^^^^^^^^^^^^^^^^^^^^^^^^^^^^^^^^^^
> 160 |         Stop paging rather than looping. A failure here leaves the offset where it
      | ^^^^^^^^^^^^^^^^^^^^^^^^^^^^^^^^^^^^^^^^^^^^^^^^^^^^^^^^^^^^^^^^^^^^
> 161 |         was, so the next scroll would ask for the same page again and keep
      | ^^^^^^^^^^^^^^^^^^^^^^^^^^^^^^^^^^^^^^^^^^^^^^^^^^^^^^^^^^^^^^^^^^^^
> 162 |         failing; clearing `hasMore` turns the footer into "End of history" and
      | ^^^^^^^^^^^^^^^^^^^^^^^^^^^^^^^^^^^^^^^^^^^^^^^^^^^^^^^^^^^^^^^^^^^^
> 163 |         leaves a working part of the list rather than an endless spinner.
      | ^^^^^^^^^^^^^^^^^^^^^^^^^^^^^^^^^^^^^^^^^^^^^^^^^^^^^^^^^^^^^^^^^^^^
> 164 |       */
      | ^^^^^^^^^^^^^^^^^^^^^^^^^^^^^^^^^^^^^^^^^^^^^^^^^^^^^^^^^^^^^^^^^^^^
> 165 |       console.warn('[expenses] could not load the next page', error);
      | ^^^^^^^^^^^^^^^^^^^^^^^^^^^^^^^^^^^^^^^^^^^^^^^^^^^^^^^^^^^^^^^^^^^^
> 166 |       setHasMore(false);
      | ^^^^^^^^^^^^^^^^^^^^^^^^^^^^^^^^^^^^^^^^^^^^^^^^^^^^^^^^^^^^^^^^^^^^
> 167 |     } finally {
      | ^^^^^^^^^^^^^^^^^^^^^^^^^^^^^^^^^^^^^^^^^^^^^^^^^^^^^^^^^^^^^^^^^^^^
> 168 |       loadingMore.current = false;
      | ^^^^^^^^^^^^^^^^^^^^^^^^^^^^^^^^^^^^^^^^^^^^^^^^^^^^^^^^^^^^^^^^^^^^
> 169 |     }
      | ^^^^^^ (BuildHIR::lowerStatement) Handle TryStatement with a finalizer ('finally') clause
  170 |   }, [hasMore, rows.length]);
  171 |
  172 |   /*
    at new HIRBuilder (C:\Users\DboxAdmin\skill_projects\expense-tracker\node_modules\babel-plugin-react-compiler\dist\index.js:76126:19)
    at lower (C:\Users\DboxAdmin\skill_projects\expense-tracker\node_modules\babel-plugin-react-compiler\dist\index.js:78097:19)
    at runWithEnvironment (C:\Users\DboxAdmin\skill_projects\expense-tracker\node_modules\babel-plugin-react-compiler\dist\index.js:106368:15)
    at run (C:\Users\DboxAdmin\skill_projects\expense-tracker\node_modules\babel-plugin-react-compiler\dist\index.js:106361:10)
    at compileFn (C:\Users\DboxAdmin\skill_projects\expense-tracker\node_modules\babel-plugin-react-compiler\dist\index.js:106689:10)
    at tryCompileFunction (C:\Users\DboxAdmin\skill_projects\expense-tracker\node_modules\babel-plugin-react-compiler\dist\index.js:107289:19)
    at processFn (C:\Users\DboxAdmin\skill_projects\expense-tracker\node_modules\babel-plugin-react-compiler\dist\index.js:107226:25)
    at compileProgram (C:\Users\DboxAdmin\skill_projects\expense-tracker\node_modules\babel-plugin-react-compiler\dist\index.js:107107:22)
    at PluginPass.enter (C:\Users\DboxAdmin\skill_projects\expense-tracker\node_modules\babel-plugin-react-compiler\dist\index.js:108443:28)
    at newFn (C:\Users\DboxAdmin\skill_projects\expense-tracker\node_modules\@babel\traverse\lib\visitors.js:168:14)
    at NodePath._call (C:\Users\DboxAdmin\skill_projects\expense-tracker\node_modules\@babel\traverse\lib\path\context.js:50:20)
    at NodePath.call (C:\Users\DboxAdmin\skill_projects\expense-tracker\node_modules\@babel\traverse\lib\path\context.js:40:18)
    at NodePath.visit (C:\Users\DboxAdmin\skill_projects\expense-tracker\node_modules\@babel\traverse\lib\path\context.js:87:31)
    at TraversalContext.visitQueue (C:\Users\DboxAdmin\skill_projects\expense-tracker\node_modules\@babel\traverse\lib\context.js:96:16)
    at TraversalContext.visitSingle (C:\Users\DboxAdmin\skill_projects\expense-tracker\node_modules\@babel\traverse\lib\context.js:72:19)
    at TraversalContext.visit (C:\Users\DboxAdmin\skill_projects\expense-tracker\node_modules\@babel\traverse\lib\context.js:119:19)
    at traverseNode (C:\Users\DboxAdmin\skill_projects\expense-tracker\node_modules\@babel\traverse\lib\traverse-node.js:130:17)
    at traverse (C:\Users\DboxAdmin\skill_projects\expense-tracker\node_modules\@babel\traverse\lib\index.js:53:34)
    at transformFile (C:\Users\DboxAdmin\skill_projects\expense-tracker\node_modules\@babel\core\lib\transformation\index.js:79:29)
    at transformFile.next (<anonymous>)
    at run (C:\Users\DboxAdmin\skill_projects\expense-tracker\node_modules\@babel\core\lib\transformation\index.js:25:12)
    at run.next (<anonymous>)
    at transform (C:\Users\DboxAdmin\skill_projects\expense-tracker\node_modules\@babel\core\lib\transform.js:22:33)
    at transform.next (<anonymous>)
    at evaluateSync (C:\Users\DboxAdmin\skill_projects\expense-tracker\node_modules\gensync\index.js:251:28)
    at sync (C:\Users\DboxAdmin\skill_projects\expense-tracker\node_modules\gensync\index.js:89:14)
    at stopHiding - secret - don't use this - v1 (C:\Users\DboxAdmin\skill_projects\expense-tracker\node_modules\@babel\core\lib\errors\rewrite-stack-trace.js:47:12)
    at Object.transformSync (C:\Users\DboxAdmin\skill_projects\expense-tracker\node_modules\@babel\core\lib\transform.js:40:76)
    at parseWithBabel (C:\Users\DboxAdmin\skill_projects\expense-tracker\node_modules\@expo\metro-config\build\transformSync.js:75:18)
    at transformSync (C:\Users\DboxAdmin\skill_projects\expense-tracker\node_modules\@expo\metro-config\build\transformSync.js:54:16)
    at Object.transform (C:\Users\DboxAdmin\skill_projects\expense-tracker\node_modules\@expo\metro-config\build\babel-transformer.js:146:58)
    at transformJSWithBabel (C:\Users\DboxAdmin\skill_projects\expense-tracker\node_modules\@expo\metro-config\build\transform-worker\metro-transform-worker.js:495:47)
    at Object.transform (C:\Users\DboxAdmin\skill_projects\expense-tracker\node_modules\@expo\metro-config\build\transform-worker\metro-transform-worker.js:614:12)
    at Object.transform (C:\Users\DboxAdmin\skill_projects\expense-tracker\node_modules\@expo\metro-config\build\transform-worker\transform-worker.js:179:19)
    at transformFile (C:\Users\DboxAdmin\skill_projects\expense-tracker\node_modules\metro\src\DeltaBundler\Worker.flow.js:67:36)
    at Object.transform (C:\Users\DboxAdmin\skill_projects\expense-tracker\node_modules\metro\src\DeltaBundler\Worker.flow.js:42:10)
    at execFunction (C:\Users\DboxAdmin\skill_projects\expense-tracker\node_modules\jest-worker\build\workers\threadChild.js:167:17)
    at execHelper (C:\Users\DboxAdmin\skill_projects\expense-tracker\node_modules\jest-worker\build\workers\threadChild.js:155:5)
    at execMethod (C:\Users\DboxAdmin\skill_projects\expense-tracker\node_modules\jest-worker\build\workers\threadChild.js:158:5)
    at MessagePort.messageListener (C:\Users\DboxAdmin\skill_projects\expense-tracker\node_modules\jest-worker\build\workers\threadChild.js:52:7)
    at [nodejs.internal.kHybridDispatch] (node:internal/event_target:848:20)
 ERROR  ReactCompilerError: Found 2 errors:

Todo: (BuildHIR::lowerStatement) Handle TryStatement with a finalizer ('finally') clause

  110 |     loadingMore.current = true;
  111 |
> 112 |     try {
      |     ^^^^^
> 113 |       const repository = new ExpenseRepository(await getDatabase());
      | ^^^^^^^^^^^^^^^^^^^^^^^^^^^^^^^^^^^^^^^^^^^^^^^^^^^^^^^^^^^^^^^^^^^^
> 114 |       const page = await repository.listRecent({ limit: EXPENSE_PAGE_SIZE, offset: 0 });
      | ^^^^^^^^^^^^^^^^^^^^^^^^^^^^^^^^^^^^^^^^^^^^^^^^^^^^^^^^^^^^^^^^^^^^
> 115 |
      | ^^^^^^^^^^^^^^^^^^^^^^^^^^^^^^^^^^^^^^^^^^^^^^^^^^^^^^^^^^^^^^^^^^^^
> 116 |       setRows(page.expenses);
      | ^^^^^^^^^^^^^^^^^^^^^^^^^^^^^^^^^^^^^^^^^^^^^^^^^^^^^^^^^^^^^^^^^^^^
> 117 |       setHasMore(page.hasMore);
      | ^^^^^^^^^^^^^^^^^^^^^^^^^^^^^^^^^^^^^^^^^^^^^^^^^^^^^^^^^^^^^^^^^^^^
> 118 |       setStatus('ready');
      | ^^^^^^^^^^^^^^^^^^^^^^^^^^^^^^^^^^^^^^^^^^^^^^^^^^^^^^^^^^^^^^^^^^^^
> 119 |     } catch (error) {
      | ^^^^^^^^^^^^^^^^^^^^^^^^^^^^^^^^^^^^^^^^^^^^^^^^^^^^^^^^^^^^^^^^^^^^
> 120 |       // Rows already on screen are left alone; only a first load with nothing to
      | ^^^^^^^^^^^^^^^^^^^^^^^^^^^^^^^^^^^^^^^^^^^^^^^^^^^^^^^^^^^^^^^^^^^^
> 121 |       // show replaces them with an error.
      | ^^^^^^^^^^^^^^^^^^^^^^^^^^^^^^^^^^^^^^^^^^^^^^^^^^^^^^^^^^^^^^^^^^^^
> 122 |       console.warn('[expenses] could not load the first page', error);
      | ^^^^^^^^^^^^^^^^^^^^^^^^^^^^^^^^^^^^^^^^^^^^^^^^^^^^^^^^^^^^^^^^^^^^
> 123 |
      | ^^^^^^^^^^^^^^^^^^^^^^^^^^^^^^^^^^^^^^^^^^^^^^^^^^^^^^^^^^^^^^^^^^^^
> 124 |       if (rows.length === 0) {
      | ^^^^^^^^^^^^^^^^^^^^^^^^^^^^^^^^^^^^^^^^^^^^^^^^^^^^^^^^^^^^^^^^^^^^
> 125 |         setStatus('error');
      | ^^^^^^^^^^^^^^^^^^^^^^^^^^^^^^^^^^^^^^^^^^^^^^^^^^^^^^^^^^^^^^^^^^^^
> 126 |       }
      | ^^^^^^^^^^^^^^^^^^^^^^^^^^^^^^^^^^^^^^^^^^^^^^^^^^^^^^^^^^^^^^^^^^^^
> 127 |     } finally {
      | ^^^^^^^^^^^^^^^^^^^^^^^^^^^^^^^^^^^^^^^^^^^^^^^^^^^^^^^^^^^^^^^^^^^^
> 128 |       loadingMore.current = false;
      | ^^^^^^^^^^^^^^^^^^^^^^^^^^^^^^^^^^^^^^^^^^^^^^^^^^^^^^^^^^^^^^^^^^^^
> 129 |     }
      | ^^^^^^ (BuildHIR::lowerStatement) Handle TryStatement with a finalizer ('finally') clause
  130 |   }, [rows.length]);
  131 |
  132 |   const loadNextPage = useCallback(async () => {

Todo: (BuildHIR::lowerStatement) Handle TryStatement with a finalizer ('finally') clause

  140 |     loadingMore.current = true;
  141 |
> 142 |     try {
      |     ^^^^^
> 143 |       const repository = new ExpenseRepository(await getDatabase());
      | ^^^^^^^^^^^^^^^^^^^^^^^^^^^^^^^^^^^^^^^^^^^^^^^^^^^^^^^^^^^^^^^^^^^^
> 144 |       const page = await repository.listRecent({
      | ^^^^^^^^^^^^^^^^^^^^^^^^^^^^^^^^^^^^^^^^^^^^^^^^^^^^^^^^^^^^^^^^^^^^
> 145 |         limit: EXPENSE_PAGE_SIZE,
      | ^^^^^^^^^^^^^^^^^^^^^^^^^^^^^^^^^^^^^^^^^^^^^^^^^^^^^^^^^^^^^^^^^^^^
> 146 |         // Read against the rows on screen, not against a separate counter that
      | ^^^^^^^^^^^^^^^^^^^^^^^^^^^^^^^^^^^^^^^^^^^^^^^^^^^^^^^^^^^^^^^^^^^^
> 147 |         // could drift from them.
      | ^^^^^^^^^^^^^^^^^^^^^^^^^^^^^^^^^^^^^^^^^^^^^^^^^^^^^^^^^^^^^^^^^^^^
> 148 |         offset: rows.length,
      | ^^^^^^^^^^^^^^^^^^^^^^^^^^^^^^^^^^^^^^^^^^^^^^^^^^^^^^^^^^^^^^^^^^^^
> 149 |       });
      | ^^^^^^^^^^^^^^^^^^^^^^^^^^^^^^^^^^^^^^^^^^^^^^^^^^^^^^^^^^^^^^^^^^^^
> 150 |
      | ^^^^^^^^^^^^^^^^^^^^^^^^^^^^^^^^^^^^^^^^^^^^^^^^^^^^^^^^^^^^^^^^^^^^
> 151 |       setHasMore(page.hasMore);
      | ^^^^^^^^^^^^^^^^^^^^^^^^^^^^^^^^^^^^^^^^^^^^^^^^^^^^^^^^^^^^^^^^^^^^
> 152 |
      | ^^^^^^^^^^^^^^^^^^^^^^^^^^^^^^^^^^^^^^^^^^^^^^^^^^^^^^^^^^^^^^^^^^^^
> 153 |       if (page.expenses.length > 0) {
      | ^^^^^^^^^^^^^^^^^^^^^^^^^^^^^^^^^^^^^^^^^^^^^^^^^^^^^^^^^^^^^^^^^^^^
> 154 |         // Append. These are the same row objects the query returned, so the
      | ^^^^^^^^^^^^^^^^^^^^^^^^^^^^^^^^^^^^^^^^^^^^^^^^^^^^^^^^^^^^^^^^^^^^
> 155 |         // rows already on screen keep their identity and do not re-render.
      | ^^^^^^^^^^^^^^^^^^^^^^^^^^^^^^^^^^^^^^^^^^^^^^^^^^^^^^^^^^^^^^^^^^^^
> 156 |         setRows((current) => [...current, ...page.expenses]);
      | ^^^^^^^^^^^^^^^^^^^^^^^^^^^^^^^^^^^^^^^^^^^^^^^^^^^^^^^^^^^^^^^^^^^^
> 157 |       }
      | ^^^^^^^^^^^^^^^^^^^^^^^^^^^^^^^^^^^^^^^^^^^^^^^^^^^^^^^^^^^^^^^^^^^^
> 158 |     } catch (error) {
      | ^^^^^^^^^^^^^^^^^^^^^^^^^^^^^^^^^^^^^^^^^^^^^^^^^^^^^^^^^^^^^^^^^^^^
> 159 |       /*
      | ^^^^^^^^^^^^^^^^^^^^^^^^^^^^^^^^^^^^^^^^^^^^^^^^^^^^^^^^^^^^^^^^^^^^
> 160 |         Stop paging rather than looping. A failure here leaves the offset where it
      | ^^^^^^^^^^^^^^^^^^^^^^^^^^^^^^^^^^^^^^^^^^^^^^^^^^^^^^^^^^^^^^^^^^^^
> 161 |         was, so the next scroll would ask for the same page again and keep
      | ^^^^^^^^^^^^^^^^^^^^^^^^^^^^^^^^^^^^^^^^^^^^^^^^^^^^^^^^^^^^^^^^^^^^
> 162 |         failing; clearing `hasMore` turns the footer into "End of history" and
      | ^^^^^^^^^^^^^^^^^^^^^^^^^^^^^^^^^^^^^^^^^^^^^^^^^^^^^^^^^^^^^^^^^^^^
> 163 |         leaves a working part of the list rather than an endless spinner.
      | ^^^^^^^^^^^^^^^^^^^^^^^^^^^^^^^^^^^^^^^^^^^^^^^^^^^^^^^^^^^^^^^^^^^^
> 164 |       */
      | ^^^^^^^^^^^^^^^^^^^^^^^^^^^^^^^^^^^^^^^^^^^^^^^^^^^^^^^^^^^^^^^^^^^^
> 165 |       console.warn('[expenses] could not load the next page', error);
      | ^^^^^^^^^^^^^^^^^^^^^^^^^^^^^^^^^^^^^^^^^^^^^^^^^^^^^^^^^^^^^^^^^^^^
> 166 |       setHasMore(false);
      | ^^^^^^^^^^^^^^^^^^^^^^^^^^^^^^^^^^^^^^^^^^^^^^^^^^^^^^^^^^^^^^^^^^^^
> 167 |     } finally {
      | ^^^^^^^^^^^^^^^^^^^^^^^^^^^^^^^^^^^^^^^^^^^^^^^^^^^^^^^^^^^^^^^^^^^^
> 168 |       loadingMore.current = false;
      | ^^^^^^^^^^^^^^^^^^^^^^^^^^^^^^^^^^^^^^^^^^^^^^^^^^^^^^^^^^^^^^^^^^^^
> 169 |     }
      | ^^^^^^ (BuildHIR::lowerStatement) Handle TryStatement with a finalizer ('finally') clause
  170 |   }, [hasMore, rows.length]);
  171 |
  172 |   /*
    at new HIRBuilder (C:\Users\DboxAdmin\skill_projects\expense-tracker\node_modules\babel-plugin-react-compiler\dist\index.js:76126:19)
    at lower (C:\Users\DboxAdmin\skill_projects\expense-tracker\node_modules\babel-plugin-react-compiler\dist\index.js:78097:19)
    at runWithEnvironment (C:\Users\DboxAdmin\skill_projects\expense-tracker\node_modules\babel-plugin-react-compiler\dist\index.js:106368:15)
    at run (C:\Users\DboxAdmin\skill_projects\expense-tracker\node_modules\babel-plugin-react-compiler\dist\index.js:106361:10)
    at compileFn (C:\Users\DboxAdmin\skill_projects\expense-tracker\node_modules\babel-plugin-react-compiler\dist\index.js:106689:10)
    at tryCompileFunction (C:\Users\DboxAdmin\skill_projects\expense-tracker\node_modules\babel-plugin-react-compiler\dist\index.js:107289:19)
    at processFn (C:\Users\DboxAdmin\skill_projects\expense-tracker\node_modules\babel-plugin-react-compiler\dist\index.js:107226:25)
    at compileProgram (C:\Users\DboxAdmin\skill_projects\expense-tracker\node_modules\babel-plugin-react-compiler\dist\index.js:107107:22)
    at PluginPass.enter (C:\Users\DboxAdmin\skill_projects\expense-tracker\node_modules\babel-plugin-react-compiler\dist\index.js:108443:28)
    at newFn (C:\Users\DboxAdmin\skill_projects\expense-tracker\node_modules\@babel\traverse\lib\visitors.js:168:14)
    at NodePath._call (C:\Users\DboxAdmin\skill_projects\expense-tracker\node_modules\@babel\traverse\lib\path\context.js:50:20)
    at NodePath.call (C:\Users\DboxAdmin\skill_projects\expense-tracker\node_modules\@babel\traverse\lib\path\context.js:40:18)
    at NodePath.visit (C:\Users\DboxAdmin\skill_projects\expense-tracker\node_modules\@babel\traverse\lib\path\context.js:87:31)
    at TraversalContext.visitQueue (C:\Users\DboxAdmin\skill_projects\expense-tracker\node_modules\@babel\traverse\lib\context.js:96:16)
    at TraversalContext.visitSingle (C:\Users\DboxAdmin\skill_projects\expense-tracker\node_modules\@babel\traverse\lib\context.js:72:19)
    at TraversalContext.visit (C:\Users\DboxAdmin\skill_projects\expense-tracker\node_modules\@babel\traverse\lib\context.js:119:19)
    at traverseNode (C:\Users\DboxAdmin\skill_projects\expense-tracker\node_modules\@babel\traverse\lib\traverse-node.js:130:17)
    at traverse (C:\Users\DboxAdmin\skill_projects\expense-tracker\node_modules\@babel\traverse\lib\index.js:53:34)
    at transformFile (C:\Users\DboxAdmin\skill_projects\expense-tracker\node_modules\@babel\core\lib\transformation\index.js:79:29)
    at transformFile.next (<anonymous>)
    at run (C:\Users\DboxAdmin\skill_projects\expense-tracker\node_modules\@babel\core\lib\transformation\index.js:25:12)
    at run.next (<anonymous>)
    at transform (C:\Users\DboxAdmin\skill_projects\expense-tracker\node_modules\@babel\core\lib\transform.js:22:33)
    at transform.next (<anonymous>)
    at evaluateSync (C:\Users\DboxAdmin\skill_projects\expense-tracker\node_modules\gensync\index.js:251:28)
    at sync (C:\Users\DboxAdmin\skill_projects\expense-tracker\node_modules\gensync\index.js:89:14)
    at stopHiding - secret - don't use this - v1 (C:\Users\DboxAdmin\skill_projects\expense-tracker\node_modules\@babel\core\lib\errors\rewrite-stack-trace.js:47:12)
    at Object.transformSync (C:\Users\DboxAdmin\skill_projects\expense-tracker\node_modules\@babel\core\lib\transform.js:40:76)
    at parseWithBabel (C:\Users\DboxAdmin\skill_projects\expense-tracker\node_modules\@expo\metro-config\build\transformSync.js:75:18)
    at transformSync (C:\Users\DboxAdmin\skill_projects\expense-tracker\node_modules\@expo\metro-config\build\transformSync.js:54:16)
    at Object.transform (C:\Users\DboxAdmin\skill_projects\expense-tracker\node_modules\@expo\metro-config\build\babel-transformer.js:146:58)
    at transformJSWithBabel (C:\Users\DboxAdmin\skill_projects\expense-tracker\node_modules\@expo\metro-config\build\transform-worker\metro-transform-worker.js:495:47)
    at Object.transform (C:\Users\DboxAdmin\skill_projects\expense-tracker\node_modules\@expo\metro-config\build\transform-worker\metro-transform-worker.js:614:12)
    at Object.transform (C:\Users\DboxAdmin\skill_projects\expense-tracker\node_modules\@expo\metro-config\build\transform-worker\transform-worker.js:179:19)
    at transformFile (C:\Users\DboxAdmin\skill_projects\expense-tracker\node_modules\metro\src\DeltaBundler\Worker.flow.js:67:36)
    at Object.transform (C:\Users\DboxAdmin\skill_projects\expense-tracker\node_modules\metro\src\DeltaBundler\Worker.flow.js:42:10)
    at execFunction (C:\Users\DboxAdmin\skill_projects\expense-tracker\node_modules\jest-worker\build\workers\threadChild.js:167:17)
    at execHelper (C:\Users\DboxAdmin\skill_projects\expense-tracker\node_modules\jest-worker\build\workers\threadChild.js:155:5)
    at execMethod (C:\Users\DboxAdmin\skill_projects\expense-tracker\node_modules\jest-worker\build\workers\threadChild.js:158:5)
    at MessagePort.messageListener (C:\Users\DboxAdmin\skill_projects\expense-tracker\node_modules\jest-worker\build\workers\threadChild.js:52:7)
    at [nodejs.internal.kHybridDispatch] (node:internal/event_target:848:20)
 ERROR  ReactCompilerError: Found 2 errors:

Todo: (BuildHIR::lowerStatement) Handle TryStatement with a finalizer ('finally') clause

  110 |     loadingMore.current = true;
  111 |
> 112 |     try {
      |     ^^^^^
> 113 |       const repository = new ExpenseRepository(await getDatabase());
      | ^^^^^^^^^^^^^^^^^^^^^^^^^^^^^^^^^^^^^^^^^^^^^^^^^^^^^^^^^^^^^^^^^^^^
> 114 |       const page = await repository.listRecent({ limit: EXPENSE_PAGE_SIZE, offset: 0 });
      | ^^^^^^^^^^^^^^^^^^^^^^^^^^^^^^^^^^^^^^^^^^^^^^^^^^^^^^^^^^^^^^^^^^^^
> 115 |
      | ^^^^^^^^^^^^^^^^^^^^^^^^^^^^^^^^^^^^^^^^^^^^^^^^^^^^^^^^^^^^^^^^^^^^
> 116 |       setRows(page.expenses);
      | ^^^^^^^^^^^^^^^^^^^^^^^^^^^^^^^^^^^^^^^^^^^^^^^^^^^^^^^^^^^^^^^^^^^^
> 117 |       setHasMore(page.hasMore);
      | ^^^^^^^^^^^^^^^^^^^^^^^^^^^^^^^^^^^^^^^^^^^^^^^^^^^^^^^^^^^^^^^^^^^^
> 118 |       setStatus('ready');
      | ^^^^^^^^^^^^^^^^^^^^^^^^^^^^^^^^^^^^^^^^^^^^^^^^^^^^^^^^^^^^^^^^^^^^
> 119 |     } catch (error) {
      | ^^^^^^^^^^^^^^^^^^^^^^^^^^^^^^^^^^^^^^^^^^^^^^^^^^^^^^^^^^^^^^^^^^^^
> 120 |       // Rows already on screen are left alone; only a first load with nothing to
      | ^^^^^^^^^^^^^^^^^^^^^^^^^^^^^^^^^^^^^^^^^^^^^^^^^^^^^^^^^^^^^^^^^^^^
> 121 |       // show replaces them with an error.
      | ^^^^^^^^^^^^^^^^^^^^^^^^^^^^^^^^^^^^^^^^^^^^^^^^^^^^^^^^^^^^^^^^^^^^
> 122 |       console.warn('[expenses] could not load the first page', error);
      | ^^^^^^^^^^^^^^^^^^^^^^^^^^^^^^^^^^^^^^^^^^^^^^^^^^^^^^^^^^^^^^^^^^^^
> 123 |
      | ^^^^^^^^^^^^^^^^^^^^^^^^^^^^^^^^^^^^^^^^^^^^^^^^^^^^^^^^^^^^^^^^^^^^
> 124 |       if (rows.length === 0) {
      | ^^^^^^^^^^^^^^^^^^^^^^^^^^^^^^^^^^^^^^^^^^^^^^^^^^^^^^^^^^^^^^^^^^^^
> 125 |         setStatus('error');
      | ^^^^^^^^^^^^^^^^^^^^^^^^^^^^^^^^^^^^^^^^^^^^^^^^^^^^^^^^^^^^^^^^^^^^
> 126 |       }
      | ^^^^^^^^^^^^^^^^^^^^^^^^^^^^^^^^^^^^^^^^^^^^^^^^^^^^^^^^^^^^^^^^^^^^
> 127 |     } finally {
      | ^^^^^^^^^^^^^^^^^^^^^^^^^^^^^^^^^^^^^^^^^^^^^^^^^^^^^^^^^^^^^^^^^^^^
> 128 |       loadingMore.current = false;
      | ^^^^^^^^^^^^^^^^^^^^^^^^^^^^^^^^^^^^^^^^^^^^^^^^^^^^^^^^^^^^^^^^^^^^
> 129 |     }
      | ^^^^^^ (BuildHIR::lowerStatement) Handle TryStatement with a finalizer ('finally') clause
  130 |   }, [rows.length]);
  131 |
  132 |   const loadNextPage = useCallback(async () => {

Todo: (BuildHIR::lowerStatement) Handle TryStatement with a finalizer ('finally') clause

  140 |     loadingMore.current = true;
  141 |
> 142 |     try {
      |     ^^^^^
> 143 |       const repository = new ExpenseRepository(await getDatabase());
      | ^^^^^^^^^^^^^^^^^^^^^^^^^^^^^^^^^^^^^^^^^^^^^^^^^^^^^^^^^^^^^^^^^^^^
> 144 |       const page = await repository.listRecent({
      | ^^^^^^^^^^^^^^^^^^^^^^^^^^^^^^^^^^^^^^^^^^^^^^^^^^^^^^^^^^^^^^^^^^^^
> 145 |         limit: EXPENSE_PAGE_SIZE,
      | ^^^^^^^^^^^^^^^^^^^^^^^^^^^^^^^^^^^^^^^^^^^^^^^^^^^^^^^^^^^^^^^^^^^^
> 146 |         // Read against the rows on screen, not against a separate counter that
      | ^^^^^^^^^^^^^^^^^^^^^^^^^^^^^^^^^^^^^^^^^^^^^^^^^^^^^^^^^^^^^^^^^^^^
> 147 |         // could drift from them.
      | ^^^^^^^^^^^^^^^^^^^^^^^^^^^^^^^^^^^^^^^^^^^^^^^^^^^^^^^^^^^^^^^^^^^^
> 148 |         offset: rows.length,
      | ^^^^^^^^^^^^^^^^^^^^^^^^^^^^^^^^^^^^^^^^^^^^^^^^^^^^^^^^^^^^^^^^^^^^
> 149 |       });
      | ^^^^^^^^^^^^^^^^^^^^^^^^^^^^^^^^^^^^^^^^^^^^^^^^^^^^^^^^^^^^^^^^^^^^
> 150 |
      | ^^^^^^^^^^^^^^^^^^^^^^^^^^^^^^^^^^^^^^^^^^^^^^^^^^^^^^^^^^^^^^^^^^^^
> 151 |       setHasMore(page.hasMore);
      | ^^^^^^^^^^^^^^^^^^^^^^^^^^^^^^^^^^^^^^^^^^^^^^^^^^^^^^^^^^^^^^^^^^^^
> 152 |
      | ^^^^^^^^^^^^^^^^^^^^^^^^^^^^^^^^^^^^^^^^^^^^^^^^^^^^^^^^^^^^^^^^^^^^
> 153 |       if (page.expenses.length > 0) {
      | ^^^^^^^^^^^^^^^^^^^^^^^^^^^^^^^^^^^^^^^^^^^^^^^^^^^^^^^^^^^^^^^^^^^^
> 154 |         // Append. These are the same row objects the query returned, so the
      | ^^^^^^^^^^^^^^^^^^^^^^^^^^^^^^^^^^^^^^^^^^^^^^^^^^^^^^^^^^^^^^^^^^^^
> 155 |         // rows already on screen keep their identity and do not re-render.
      | ^^^^^^^^^^^^^^^^^^^^^^^^^^^^^^^^^^^^^^^^^^^^^^^^^^^^^^^^^^^^^^^^^^^^
> 156 |         setRows((current) => [...current, ...page.expenses]);
      | ^^^^^^^^^^^^^^^^^^^^^^^^^^^^^^^^^^^^^^^^^^^^^^^^^^^^^^^^^^^^^^^^^^^^
> 157 |       }
      | ^^^^^^^^^^^^^^^^^^^^^^^^^^^^^^^^^^^^^^^^^^^^^^^^^^^^^^^^^^^^^^^^^^^^
> 158 |     } catch (error) {
      | ^^^^^^^^^^^^^^^^^^^^^^^^^^^^^^^^^^^^^^^^^^^^^^^^^^^^^^^^^^^^^^^^^^^^
> 159 |       /*
      | ^^^^^^^^^^^^^^^^^^^^^^^^^^^^^^^^^^^^^^^^^^^^^^^^^^^^^^^^^^^^^^^^^^^^
> 160 |         Stop paging rather than looping. A failure here leaves the offset where it
      | ^^^^^^^^^^^^^^^^^^^^^^^^^^^^^^^^^^^^^^^^^^^^^^^^^^^^^^^^^^^^^^^^^^^^
> 161 |         was, so the next scroll would ask for the same page again and keep
      | ^^^^^^^^^^^^^^^^^^^^^^^^^^^^^^^^^^^^^^^^^^^^^^^^^^^^^^^^^^^^^^^^^^^^
> 162 |         failing; clearing `hasMore` turns the footer into "End of history" and
      | ^^^^^^^^^^^^^^^^^^^^^^^^^^^^^^^^^^^^^^^^^^^^^^^^^^^^^^^^^^^^^^^^^^^^
> 163 |         leaves a working part of the list rather than an endless spinner.
      | ^^^^^^^^^^^^^^^^^^^^^^^^^^^^^^^^^^^^^^^^^^^^^^^^^^^^^^^^^^^^^^^^^^^^
> 164 |       */
      | ^^^^^^^^^^^^^^^^^^^^^^^^^^^^^^^^^^^^^^^^^^^^^^^^^^^^^^^^^^^^^^^^^^^^
> 165 |       console.warn('[expenses] could not load the next page', error);
      | ^^^^^^^^^^^^^^^^^^^^^^^^^^^^^^^^^^^^^^^^^^^^^^^^^^^^^^^^^^^^^^^^^^^^
> 166 |       setHasMore(false);
      | ^^^^^^^^^^^^^^^^^^^^^^^^^^^^^^^^^^^^^^^^^^^^^^^^^^^^^^^^^^^^^^^^^^^^
> 167 |     } finally {
      | ^^^^^^^^^^^^^^^^^^^^^^^^^^^^^^^^^^^^^^^^^^^^^^^^^^^^^^^^^^^^^^^^^^^^
> 168 |       loadingMore.current = false;
      | ^^^^^^^^^^^^^^^^^^^^^^^^^^^^^^^^^^^^^^^^^^^^^^^^^^^^^^^^^^^^^^^^^^^^
> 169 |     }
      | ^^^^^^ (BuildHIR::lowerStatement) Handle TryStatement with a finalizer ('finally') clause
  170 |   }, [hasMore, rows.length]);
  171 |
  172 |   /*
    at new HIRBuilder (C:\Users\DboxAdmin\skill_projects\expense-tracker\node_modules\babel-plugin-react-compiler\dist\index.js:76126:19)
    at lower (C:\Users\DboxAdmin\skill_projects\expense-tracker\node_modules\babel-plugin-react-compiler\dist\index.js:78097:19)
    at runWithEnvironment (C:\Users\DboxAdmin\skill_projects\expense-tracker\node_modules\babel-plugin-react-compiler\dist\index.js:106368:15)
    at run (C:\Users\DboxAdmin\skill_projects\expense-tracker\node_modules\babel-plugin-react-compiler\dist\index.js:106361:10)
    at compileFn (C:\Users\DboxAdmin\skill_projects\expense-tracker\node_modules\babel-plugin-react-compiler\dist\index.js:106689:10)
    at tryCompileFunction (C:\Users\DboxAdmin\skill_projects\expense-tracker\node_modules\babel-plugin-react-compiler\dist\index.js:107289:19)
    at processFn (C:\Users\DboxAdmin\skill_projects\expense-tracker\node_modules\babel-plugin-react-compiler\dist\index.js:107226:25)
    at compileProgram (C:\Users\DboxAdmin\skill_projects\expense-tracker\node_modules\babel-plugin-react-compiler\dist\index.js:107107:22)
    at PluginPass.enter (C:\Users\DboxAdmin\skill_projects\expense-tracker\node_modules\babel-plugin-react-compiler\dist\index.js:108443:28)
    at newFn (C:\Users\DboxAdmin\skill_projects\expense-tracker\node_modules\@babel\traverse\lib\visitors.js:168:14)
    at NodePath._call (C:\Users\DboxAdmin\skill_projects\expense-tracker\node_modules\@babel\traverse\lib\path\context.js:50:20)
    at NodePath.call (C:\Users\DboxAdmin\skill_projects\expense-tracker\node_modules\@babel\traverse\lib\path\context.js:40:18)
    at NodePath.visit (C:\Users\DboxAdmin\skill_projects\expense-tracker\node_modules\@babel\traverse\lib\path\context.js:87:31)
    at TraversalContext.visitQueue (C:\Users\DboxAdmin\skill_projects\expense-tracker\node_modules\@babel\traverse\lib\context.js:96:16)
    at TraversalContext.visitSingle (C:\Users\DboxAdmin\skill_projects\expense-tracker\node_modules\@babel\traverse\lib\context.js:72:19)
    at TraversalContext.visit (C:\Users\DboxAdmin\skill_projects\expense-tracker\node_modules\@babel\traverse\lib\context.js:119:19)
    at traverseNode (C:\Users\DboxAdmin\skill_projects\expense-tracker\node_modules\@babel\traverse\lib\traverse-node.js:130:17)
    at traverse (C:\Users\DboxAdmin\skill_projects\expense-tracker\node_modules\@babel\traverse\lib\index.js:53:34)
    at transformFile (C:\Users\DboxAdmin\skill_projects\expense-tracker\node_modules\@babel\core\lib\transformation\index.js:79:29)
    at transformFile.next (<anonymous>)
    at run (C:\Users\DboxAdmin\skill_projects\expense-tracker\node_modules\@babel\core\lib\transformation\index.js:25:12)
    at run.next (<anonymous>)
    at transform (C:\Users\DboxAdmin\skill_projects\expense-tracker\node_modules\@babel\core\lib\transform.js:22:33)
    at transform.next (<anonymous>)
    at evaluateSync (C:\Users\DboxAdmin\skill_projects\expense-tracker\node_modules\gensync\index.js:251:28)
    at sync (C:\Users\DboxAdmin\skill_projects\expense-tracker\node_modules\gensync\index.js:89:14)
    at stopHiding - secret - don't use this - v1 (C:\Users\DboxAdmin\skill_projects\expense-tracker\node_modules\@babel\core\lib\errors\rewrite-stack-trace.js:47:12)
    at Object.transformSync (C:\Users\DboxAdmin\skill_projects\expense-tracker\node_modules\@babel\core\lib\transform.js:40:76)
    at parseWithBabel (C:\Users\DboxAdmin\skill_projects\expense-tracker\node_modules\@expo\metro-config\build\transformSync.js:75:18)
    at transformSync (C:\Users\DboxAdmin\skill_projects\expense-tracker\node_modules\@expo\metro-config\build\transformSync.js:54:16)
    at Object.transform (C:\Users\DboxAdmin\skill_projects\expense-tracker\node_modules\@expo\metro-config\build\babel-transformer.js:146:58)
    at transformJSWithBabel (C:\Users\DboxAdmin\skill_projects\expense-tracker\node_modules\@expo\metro-config\build\transform-worker\metro-transform-worker.js:495:47)
    at Object.transform (C:\Users\DboxAdmin\skill_projects\expense-tracker\node_modules\@expo\metro-config\build\transform-worker\metro-transform-worker.js:614:12)
    at Object.transform (C:\Users\DboxAdmin\skill_projects\expense-tracker\node_modules\@expo\metro-config\build\transform-worker\transform-worker.js:179:19)
    at transformFile (C:\Users\DboxAdmin\skill_projects\expense-tracker\node_modules\metro\src\DeltaBundler\Worker.flow.js:67:36)
    at Object.transform (C:\Users\DboxAdmin\skill_projects\expense-tracker\node_modules\metro\src\DeltaBundler\Worker.flow.js:42:10)
    at execFunction (C:\Users\DboxAdmin\skill_projects\expense-tracker\node_modules\jest-worker\build\workers\threadChild.js:167:17)
    at execHelper (C:\Users\DboxAdmin\skill_projects\expense-tracker\node_modules\jest-worker\build\workers\threadChild.js:155:5)
    at execMethod (C:\Users\DboxAdmin\skill_projects\expense-tracker\node_modules\jest-worker\build\workers\threadChild.js:158:5)
    at MessagePort.messageListener (C:\Users\DboxAdmin\skill_projects\expense-tracker\node_modules\jest-worker\build\workers\threadChild.js:52:7)
    at [nodejs.internal.kHybridDispatch] (node:internal/event_target:848:20)
 ERROR  ReactCompilerError: Found 2 errors:

Todo: (BuildHIR::lowerStatement) Handle TryStatement with a finalizer ('finally') clause

  110 |     loadingMore.current = true;
  111 |
> 112 |     try {
      |     ^^^^^
> 113 |       const repository = new ExpenseRepository(await getDatabase());
      | ^^^^^^^^^^^^^^^^^^^^^^^^^^^^^^^^^^^^^^^^^^^^^^^^^^^^^^^^^^^^^^^^^^^^
> 114 |       const page = await repository.listRecent({ limit: EXPENSE_PAGE_SIZE, offset: 0 });
      | ^^^^^^^^^^^^^^^^^^^^^^^^^^^^^^^^^^^^^^^^^^^^^^^^^^^^^^^^^^^^^^^^^^^^
> 115 |
      | ^^^^^^^^^^^^^^^^^^^^^^^^^^^^^^^^^^^^^^^^^^^^^^^^^^^^^^^^^^^^^^^^^^^^
> 116 |       setRows(page.expenses);
      | ^^^^^^^^^^^^^^^^^^^^^^^^^^^^^^^^^^^^^^^^^^^^^^^^^^^^^^^^^^^^^^^^^^^^
> 117 |       setHasMore(page.hasMore);
      | ^^^^^^^^^^^^^^^^^^^^^^^^^^^^^^^^^^^^^^^^^^^^^^^^^^^^^^^^^^^^^^^^^^^^
> 118 |       setStatus('ready');
      | ^^^^^^^^^^^^^^^^^^^^^^^^^^^^^^^^^^^^^^^^^^^^^^^^^^^^^^^^^^^^^^^^^^^^
> 119 |     } catch (error) {
      | ^^^^^^^^^^^^^^^^^^^^^^^^^^^^^^^^^^^^^^^^^^^^^^^^^^^^^^^^^^^^^^^^^^^^
> 120 |       // Rows already on screen are left alone; only a first load with nothing to
      | ^^^^^^^^^^^^^^^^^^^^^^^^^^^^^^^^^^^^^^^^^^^^^^^^^^^^^^^^^^^^^^^^^^^^
> 121 |       // show replaces them with an error.
      | ^^^^^^^^^^^^^^^^^^^^^^^^^^^^^^^^^^^^^^^^^^^^^^^^^^^^^^^^^^^^^^^^^^^^
> 122 |       console.warn('[expenses] could not load the first page', error);
      | ^^^^^^^^^^^^^^^^^^^^^^^^^^^^^^^^^^^^^^^^^^^^^^^^^^^^^^^^^^^^^^^^^^^^
> 123 |
      | ^^^^^^^^^^^^^^^^^^^^^^^^^^^^^^^^^^^^^^^^^^^^^^^^^^^^^^^^^^^^^^^^^^^^
> 124 |       if (rows.length === 0) {
      | ^^^^^^^^^^^^^^^^^^^^^^^^^^^^^^^^^^^^^^^^^^^^^^^^^^^^^^^^^^^^^^^^^^^^
> 125 |         setStatus('error');
      | ^^^^^^^^^^^^^^^^^^^^^^^^^^^^^^^^^^^^^^^^^^^^^^^^^^^^^^^^^^^^^^^^^^^^
> 126 |       }
      | ^^^^^^^^^^^^^^^^^^^^^^^^^^^^^^^^^^^^^^^^^^^^^^^^^^^^^^^^^^^^^^^^^^^^
> 127 |     } finally {
      | ^^^^^^^^^^^^^^^^^^^^^^^^^^^^^^^^^^^^^^^^^^^^^^^^^^^^^^^^^^^^^^^^^^^^
> 128 |       loadingMore.current = false;
      | ^^^^^^^^^^^^^^^^^^^^^^^^^^^^^^^^^^^^^^^^^^^^^^^^^^^^^^^^^^^^^^^^^^^^
> 129 |     }
      | ^^^^^^ (BuildHIR::lowerStatement) Handle TryStatement with a finalizer ('finally') clause
  130 |   }, [rows.length]);
  131 |
  132 |   const loadNextPage = useCallback(async () => {

Todo: (BuildHIR::lowerStatement) Handle TryStatement with a finalizer ('finally') clause

  140 |     loadingMore.current = true;
  141 |
> 142 |     try {
      |     ^^^^^
> 143 |       const repository = new ExpenseRepository(await getDatabase());
      | ^^^^^^^^^^^^^^^^^^^^^^^^^^^^^^^^^^^^^^^^^^^^^^^^^^^^^^^^^^^^^^^^^^^^
> 144 |       const page = await repository.listRecent({
      | ^^^^^^^^^^^^^^^^^^^^^^^^^^^^^^^^^^^^^^^^^^^^^^^^^^^^^^^^^^^^^^^^^^^^
> 145 |         limit: EXPENSE_PAGE_SIZE,
      | ^^^^^^^^^^^^^^^^^^^^^^^^^^^^^^^^^^^^^^^^^^^^^^^^^^^^^^^^^^^^^^^^^^^^
> 146 |         // Read against the rows on screen, not against a separate counter that
      | ^^^^^^^^^^^^^^^^^^^^^^^^^^^^^^^^^^^^^^^^^^^^^^^^^^^^^^^^^^^^^^^^^^^^
> 147 |         // could drift from them.
      | ^^^^^^^^^^^^^^^^^^^^^^^^^^^^^^^^^^^^^^^^^^^^^^^^^^^^^^^^^^^^^^^^^^^^
> 148 |         offset: rows.length,
      | ^^^^^^^^^^^^^^^^^^^^^^^^^^^^^^^^^^^^^^^^^^^^^^^^^^^^^^^^^^^^^^^^^^^^
> 149 |       });
      | ^^^^^^^^^^^^^^^^^^^^^^^^^^^^^^^^^^^^^^^^^^^^^^^^^^^^^^^^^^^^^^^^^^^^
> 150 |
      | ^^^^^^^^^^^^^^^^^^^^^^^^^^^^^^^^^^^^^^^^^^^^^^^^^^^^^^^^^^^^^^^^^^^^
> 151 |       setHasMore(page.hasMore);
      | ^^^^^^^^^^^^^^^^^^^^^^^^^^^^^^^^^^^^^^^^^^^^^^^^^^^^^^^^^^^^^^^^^^^^
> 152 |
      | ^^^^^^^^^^^^^^^^^^^^^^^^^^^^^^^^^^^^^^^^^^^^^^^^^^^^^^^^^^^^^^^^^^^^
> 153 |       if (page.expenses.length > 0) {
      | ^^^^^^^^^^^^^^^^^^^^^^^^^^^^^^^^^^^^^^^^^^^^^^^^^^^^^^^^^^^^^^^^^^^^
> 154 |         // Append. These are the same row objects the query returned, so the
      | ^^^^^^^^^^^^^^^^^^^^^^^^^^^^^^^^^^^^^^^^^^^^^^^^^^^^^^^^^^^^^^^^^^^^
> 155 |         // rows already on screen keep their identity and do not re-render.
      | ^^^^^^^^^^^^^^^^^^^^^^^^^^^^^^^^^^^^^^^^^^^^^^^^^^^^^^^^^^^^^^^^^^^^
> 156 |         setRows((current) => [...current, ...page.expenses]);
      | ^^^^^^^^^^^^^^^^^^^^^^^^^^^^^^^^^^^^^^^^^^^^^^^^^^^^^^^^^^^^^^^^^^^^
> 157 |       }
      | ^^^^^^^^^^^^^^^^^^^^^^^^^^^^^^^^^^^^^^^^^^^^^^^^^^^^^^^^^^^^^^^^^^^^
> 158 |     } catch (error) {
      | ^^^^^^^^^^^^^^^^^^^^^^^^^^^^^^^^^^^^^^^^^^^^^^^^^^^^^^^^^^^^^^^^^^^^
> 159 |       /*
      | ^^^^^^^^^^^^^^^^^^^^^^^^^^^^^^^^^^^^^^^^^^^^^^^^^^^^^^^^^^^^^^^^^^^^
> 160 |         Stop paging rather than looping. A failure here leaves the offset where it
      | ^^^^^^^^^^^^^^^^^^^^^^^^^^^^^^^^^^^^^^^^^^^^^^^^^^^^^^^^^^^^^^^^^^^^
> 161 |         was, so the next scroll would ask for the same page again and keep
      | ^^^^^^^^^^^^^^^^^^^^^^^^^^^^^^^^^^^^^^^^^^^^^^^^^^^^^^^^^^^^^^^^^^^^
> 162 |         failing; clearing `hasMore` turns the footer into "End of history" and
      | ^^^^^^^^^^^^^^^^^^^^^^^^^^^^^^^^^^^^^^^^^^^^^^^^^^^^^^^^^^^^^^^^^^^^
> 163 |         leaves a working part of the list rather than an endless spinner.
      | ^^^^^^^^^^^^^^^^^^^^^^^^^^^^^^^^^^^^^^^^^^^^^^^^^^^^^^^^^^^^^^^^^^^^
> 164 |       */
      | ^^^^^^^^^^^^^^^^^^^^^^^^^^^^^^^^^^^^^^^^^^^^^^^^^^^^^^^^^^^^^^^^^^^^
> 165 |       console.warn('[expenses] could not load the next page', error);
      | ^^^^^^^^^^^^^^^^^^^^^^^^^^^^^^^^^^^^^^^^^^^^^^^^^^^^^^^^^^^^^^^^^^^^
> 166 |       setHasMore(false);
      | ^^^^^^^^^^^^^^^^^^^^^^^^^^^^^^^^^^^^^^^^^^^^^^^^^^^^^^^^^^^^^^^^^^^^
> 167 |     } finally {
      | ^^^^^^^^^^^^^^^^^^^^^^^^^^^^^^^^^^^^^^^^^^^^^^^^^^^^^^^^^^^^^^^^^^^^
> 168 |       loadingMore.current = false;
      | ^^^^^^^^^^^^^^^^^^^^^^^^^^^^^^^^^^^^^^^^^^^^^^^^^^^^^^^^^^^^^^^^^^^^
> 169 |     }
      | ^^^^^^ (BuildHIR::lowerStatement) Handle TryStatement with a finalizer ('finally') clause
  170 |   }, [hasMore, rows.length]);
  171 |
  172 |   /*
    at new HIRBuilder (C:\Users\DboxAdmin\skill_projects\expense-tracker\node_modules\babel-plugin-react-compiler\dist\index.js:76126:19)
    at lower (C:\Users\DboxAdmin\skill_projects\expense-tracker\node_modules\babel-plugin-react-compiler\dist\index.js:78097:19)
    at runWithEnvironment (C:\Users\DboxAdmin\skill_projects\expense-tracker\node_modules\babel-plugin-react-compiler\dist\index.js:106368:15)
    at run (C:\Users\DboxAdmin\skill_projects\expense-tracker\node_modules\babel-plugin-react-compiler\dist\index.js:106361:10)
    at compileFn (C:\Users\DboxAdmin\skill_projects\expense-tracker\node_modules\babel-plugin-react-compiler\dist\index.js:106689:10)
    at tryCompileFunction (C:\Users\DboxAdmin\skill_projects\expense-tracker\node_modules\babel-plugin-react-compiler\dist\index.js:107289:19)
    at processFn (C:\Users\DboxAdmin\skill_projects\expense-tracker\node_modules\babel-plugin-react-compiler\dist\index.js:107226:25)
    at compileProgram (C:\Users\DboxAdmin\skill_projects\expense-tracker\node_modules\babel-plugin-react-compiler\dist\index.js:107107:22)
    at PluginPass.enter (C:\Users\DboxAdmin\skill_projects\expense-tracker\node_modules\babel-plugin-react-compiler\dist\index.js:108443:28)
    at newFn (C:\Users\DboxAdmin\skill_projects\expense-tracker\node_modules\@babel\traverse\lib\visitors.js:168:14)
    at NodePath._call (C:\Users\DboxAdmin\skill_projects\expense-tracker\node_modules\@babel\traverse\lib\path\context.js:50:20)
    at NodePath.call (C:\Users\DboxAdmin\skill_projects\expense-tracker\node_modules\@babel\traverse\lib\path\context.js:40:18)
    at NodePath.visit (C:\Users\DboxAdmin\skill_projects\expense-tracker\node_modules\@babel\traverse\lib\path\context.js:87:31)
    at TraversalContext.visitQueue (C:\Users\DboxAdmin\skill_projects\expense-tracker\node_modules\@babel\traverse\lib\context.js:96:16)
    at TraversalContext.visitSingle (C:\Users\DboxAdmin\skill_projects\expense-tracker\node_modules\@babel\traverse\lib\context.js:72:19)
    at TraversalContext.visit (C:\Users\DboxAdmin\skill_projects\expense-tracker\node_modules\@babel\traverse\lib\context.js:119:19)
    at traverseNode (C:\Users\DboxAdmin\skill_projects\expense-tracker\node_modules\@babel\traverse\lib\traverse-node.js:130:17)
    at traverse (C:\Users\DboxAdmin\skill_projects\expense-tracker\node_modules\@babel\traverse\lib\index.js:53:34)
    at transformFile (C:\Users\DboxAdmin\skill_projects\expense-tracker\node_modules\@babel\core\lib\transformation\index.js:79:29)
    at transformFile.next (<anonymous>)
    at run (C:\Users\DboxAdmin\skill_projects\expense-tracker\node_modules\@babel\core\lib\transformation\index.js:25:12)
    at run.next (<anonymous>)
    at transform (C:\Users\DboxAdmin\skill_projects\expense-tracker\node_modules\@babel\core\lib\transform.js:22:33)
    at transform.next (<anonymous>)
    at evaluateSync (C:\Users\DboxAdmin\skill_projects\expense-tracker\node_modules\gensync\index.js:251:28)
    at sync (C:\Users\DboxAdmin\skill_projects\expense-tracker\node_modules\gensync\index.js:89:14)
    at stopHiding - secret - don't use this - v1 (C:\Users\DboxAdmin\skill_projects\expense-tracker\node_modules\@babel\core\lib\errors\rewrite-stack-trace.js:47:12)
    at Object.transformSync (C:\Users\DboxAdmin\skill_projects\expense-tracker\node_modules\@babel\core\lib\transform.js:40:76)
    at parseWithBabel (C:\Users\DboxAdmin\skill_projects\expense-tracker\node_modules\@expo\metro-config\build\transformSync.js:75:18)
    at transformSync (C:\Users\DboxAdmin\skill_projects\expense-tracker\node_modules\@expo\metro-config\build\transformSync.js:54:16)
    at Object.transform (C:\Users\DboxAdmin\skill_projects\expense-tracker\node_modules\@expo\metro-config\build\babel-transformer.js:146:58)
    at transformJSWithBabel (C:\Users\DboxAdmin\skill_projects\expense-tracker\node_modules\@expo\metro-config\build\transform-worker\metro-transform-worker.js:495:47)
    at Object.transform (C:\Users\DboxAdmin\skill_projects\expense-tracker\node_modules\@expo\metro-config\build\transform-worker\metro-transform-worker.js:614:12)
    at Object.transform (C:\Users\DboxAdmin\skill_projects\expense-tracker\node_modules\@expo\metro-config\build\transform-worker\transform-worker.js:179:19)
    at transformFile (C:\Users\DboxAdmin\skill_projects\expense-tracker\node_modules\metro\src\DeltaBundler\Worker.flow.js:67:36)
    at Object.transform (C:\Users\DboxAdmin\skill_projects\expense-tracker\node_modules\metro\src\DeltaBundler\Worker.flow.js:42:10)
    at execFunction (C:\Users\DboxAdmin\skill_projects\expense-tracker\node_modules\jest-worker\build\workers\threadChild.js:167:17)
    at execHelper (C:\Users\DboxAdmin\skill_projects\expense-tracker\node_modules\jest-worker\build\workers\threadChild.js:155:5)
    at execMethod (C:\Users\DboxAdmin\skill_projects\expense-tracker\node_modules\jest-worker\build\workers\threadChild.js:158:5)
    at MessagePort.messageListener (C:\Users\DboxAdmin\skill_projects\expense-tracker\node_modules\jest-worker\build\workers\threadChild.js:52:7)
    at [nodejs.internal.kHybridDispatch] (node:internal/event_target:848:20)
 ERROR  ReactCompilerError: Found 2 errors:

Todo: (BuildHIR::lowerStatement) Handle TryStatement with a finalizer ('finally') clause

  110 |     loadingMore.current = true;
  111 |
> 112 |     try {
      |     ^^^^^
> 113 |       const repository = new ExpenseRepository(await getDatabase());
      | ^^^^^^^^^^^^^^^^^^^^^^^^^^^^^^^^^^^^^^^^^^^^^^^^^^^^^^^^^^^^^^^^^^^^
> 114 |       const page = await repository.listRecent({ limit: EXPENSE_PAGE_SIZE, offset: 0 });
      | ^^^^^^^^^^^^^^^^^^^^^^^^^^^^^^^^^^^^^^^^^^^^^^^^^^^^^^^^^^^^^^^^^^^^
> 115 |
      | ^^^^^^^^^^^^^^^^^^^^^^^^^^^^^^^^^^^^^^^^^^^^^^^^^^^^^^^^^^^^^^^^^^^^
> 116 |       setRows(page.expenses);
      | ^^^^^^^^^^^^^^^^^^^^^^^^^^^^^^^^^^^^^^^^^^^^^^^^^^^^^^^^^^^^^^^^^^^^
> 117 |       setHasMore(page.hasMore);
      | ^^^^^^^^^^^^^^^^^^^^^^^^^^^^^^^^^^^^^^^^^^^^^^^^^^^^^^^^^^^^^^^^^^^^
> 118 |       setStatus('ready');
      | ^^^^^^^^^^^^^^^^^^^^^^^^^^^^^^^^^^^^^^^^^^^^^^^^^^^^^^^^^^^^^^^^^^^^
> 119 |     } catch (error) {
      | ^^^^^^^^^^^^^^^^^^^^^^^^^^^^^^^^^^^^^^^^^^^^^^^^^^^^^^^^^^^^^^^^^^^^
> 120 |       // Rows already on screen are left alone; only a first load with nothing to
      | ^^^^^^^^^^^^^^^^^^^^^^^^^^^^^^^^^^^^^^^^^^^^^^^^^^^^^^^^^^^^^^^^^^^^
> 121 |       // show replaces them with an error.
      | ^^^^^^^^^^^^^^^^^^^^^^^^^^^^^^^^^^^^^^^^^^^^^^^^^^^^^^^^^^^^^^^^^^^^
> 122 |       console.warn('[expenses] could not load the first page', error);
      | ^^^^^^^^^^^^^^^^^^^^^^^^^^^^^^^^^^^^^^^^^^^^^^^^^^^^^^^^^^^^^^^^^^^^
> 123 |
      | ^^^^^^^^^^^^^^^^^^^^^^^^^^^^^^^^^^^^^^^^^^^^^^^^^^^^^^^^^^^^^^^^^^^^
> 124 |       if (rows.length === 0) {
      | ^^^^^^^^^^^^^^^^^^^^^^^^^^^^^^^^^^^^^^^^^^^^^^^^^^^^^^^^^^^^^^^^^^^^
> 125 |         setStatus('error');
      | ^^^^^^^^^^^^^^^^^^^^^^^^^^^^^^^^^^^^^^^^^^^^^^^^^^^^^^^^^^^^^^^^^^^^
> 126 |       }
      | ^^^^^^^^^^^^^^^^^^^^^^^^^^^^^^^^^^^^^^^^^^^^^^^^^^^^^^^^^^^^^^^^^^^^
> 127 |     } finally {
      | ^^^^^^^^^^^^^^^^^^^^^^^^^^^^^^^^^^^^^^^^^^^^^^^^^^^^^^^^^^^^^^^^^^^^
> 128 |       loadingMore.current = false;
      | ^^^^^^^^^^^^^^^^^^^^^^^^^^^^^^^^^^^^^^^^^^^^^^^^^^^^^^^^^^^^^^^^^^^^
> 129 |     }
      | ^^^^^^ (BuildHIR::lowerStatement) Handle TryStatement with a finalizer ('finally') clause
  130 |   }, [rows.length]);
  131 |
  132 |   const loadNextPage = useCallback(async () => {

Todo: (BuildHIR::lowerStatement) Handle TryStatement with a finalizer ('finally') clause

  140 |     loadingMore.current = true;
  141 |
> 142 |     try {
      |     ^^^^^
> 143 |       const repository = new ExpenseRepository(await getDatabase());
      | ^^^^^^^^^^^^^^^^^^^^^^^^^^^^^^^^^^^^^^^^^^^^^^^^^^^^^^^^^^^^^^^^^^^^
> 144 |       const page = await repository.listRecent({
      | ^^^^^^^^^^^^^^^^^^^^^^^^^^^^^^^^^^^^^^^^^^^^^^^^^^^^^^^^^^^^^^^^^^^^
> 145 |         limit: EXPENSE_PAGE_SIZE,
      | ^^^^^^^^^^^^^^^^^^^^^^^^^^^^^^^^^^^^^^^^^^^^^^^^^^^^^^^^^^^^^^^^^^^^
> 146 |         // Read against the rows on screen, not against a separate counter that
      | ^^^^^^^^^^^^^^^^^^^^^^^^^^^^^^^^^^^^^^^^^^^^^^^^^^^^^^^^^^^^^^^^^^^^
> 147 |         // could drift from them.
      | ^^^^^^^^^^^^^^^^^^^^^^^^^^^^^^^^^^^^^^^^^^^^^^^^^^^^^^^^^^^^^^^^^^^^
> 148 |         offset: rows.length,
      | ^^^^^^^^^^^^^^^^^^^^^^^^^^^^^^^^^^^^^^^^^^^^^^^^^^^^^^^^^^^^^^^^^^^^
> 149 |       });
      | ^^^^^^^^^^^^^^^^^^^^^^^^^^^^^^^^^^^^^^^^^^^^^^^^^^^^^^^^^^^^^^^^^^^^
> 150 |
      | ^^^^^^^^^^^^^^^^^^^^^^^^^^^^^^^^^^^^^^^^^^^^^^^^^^^^^^^^^^^^^^^^^^^^
> 151 |       setHasMore(page.hasMore);
      | ^^^^^^^^^^^^^^^^^^^^^^^^^^^^^^^^^^^^^^^^^^^^^^^^^^^^^^^^^^^^^^^^^^^^
> 152 |
      | ^^^^^^^^^^^^^^^^^^^^^^^^^^^^^^^^^^^^^^^^^^^^^^^^^^^^^^^^^^^^^^^^^^^^
> 153 |       if (page.expenses.length > 0) {
      | ^^^^^^^^^^^^^^^^^^^^^^^^^^^^^^^^^^^^^^^^^^^^^^^^^^^^^^^^^^^^^^^^^^^^
> 154 |         // Append. These are the same row objects the query returned, so the
      | ^^^^^^^^^^^^^^^^^^^^^^^^^^^^^^^^^^^^^^^^^^^^^^^^^^^^^^^^^^^^^^^^^^^^
> 155 |         // rows already on screen keep their identity and do not re-render.
      | ^^^^^^^^^^^^^^^^^^^^^^^^^^^^^^^^^^^^^^^^^^^^^^^^^^^^^^^^^^^^^^^^^^^^
> 156 |         setRows((current) => [...current, ...page.expenses]);
      | ^^^^^^^^^^^^^^^^^^^^^^^^^^^^^^^^^^^^^^^^^^^^^^^^^^^^^^^^^^^^^^^^^^^^
> 157 |       }
      | ^^^^^^^^^^^^^^^^^^^^^^^^^^^^^^^^^^^^^^^^^^^^^^^^^^^^^^^^^^^^^^^^^^^^
> 158 |     } catch (error) {
      | ^^^^^^^^^^^^^^^^^^^^^^^^^^^^^^^^^^^^^^^^^^^^^^^^^^^^^^^^^^^^^^^^^^^^
> 159 |       /*
      | ^^^^^^^^^^^^^^^^^^^^^^^^^^^^^^^^^^^^^^^^^^^^^^^^^^^^^^^^^^^^^^^^^^^^
> 160 |         Stop paging rather than looping. A failure here leaves the offset where it
      | ^^^^^^^^^^^^^^^^^^^^^^^^^^^^^^^^^^^^^^^^^^^^^^^^^^^^^^^^^^^^^^^^^^^^
> 161 |         was, so the next scroll would ask for the same page again and keep
      | ^^^^^^^^^^^^^^^^^^^^^^^^^^^^^^^^^^^^^^^^^^^^^^^^^^^^^^^^^^^^^^^^^^^^
> 162 |         failing; clearing `hasMore` turns the footer into "End of history" and
      | ^^^^^^^^^^^^^^^^^^^^^^^^^^^^^^^^^^^^^^^^^^^^^^^^^^^^^^^^^^^^^^^^^^^^
> 163 |         leaves a working part of the list rather than an endless spinner.
      | ^^^^^^^^^^^^^^^^^^^^^^^^^^^^^^^^^^^^^^^^^^^^^^^^^^^^^^^^^^^^^^^^^^^^
> 164 |       */
      | ^^^^^^^^^^^^^^^^^^^^^^^^^^^^^^^^^^^^^^^^^^^^^^^^^^^^^^^^^^^^^^^^^^^^
> 165 |       console.warn('[expenses] could not load the next page', error);
      | ^^^^^^^^^^^^^^^^^^^^^^^^^^^^^^^^^^^^^^^^^^^^^^^^^^^^^^^^^^^^^^^^^^^^
> 166 |       setHasMore(false);
      | ^^^^^^^^^^^^^^^^^^^^^^^^^^^^^^^^^^^^^^^^^^^^^^^^^^^^^^^^^^^^^^^^^^^^
> 167 |     } finally {
      | ^^^^^^^^^^^^^^^^^^^^^^^^^^^^^^^^^^^^^^^^^^^^^^^^^^^^^^^^^^^^^^^^^^^^
> 168 |       loadingMore.current = false;
      | ^^^^^^^^^^^^^^^^^^^^^^^^^^^^^^^^^^^^^^^^^^^^^^^^^^^^^^^^^^^^^^^^^^^^
> 169 |     }
      | ^^^^^^ (BuildHIR::lowerStatement) Handle TryStatement with a finalizer ('finally') clause
  170 |   }, [hasMore, rows.length]);
  171 |
  172 |   /*
    at new HIRBuilder (C:\Users\DboxAdmin\skill_projects\expense-tracker\node_modules\babel-plugin-react-compiler\dist\index.js:76126:19)
    at lower (C:\Users\DboxAdmin\skill_projects\expense-tracker\node_modules\babel-plugin-react-compiler\dist\index.js:78097:19)
    at runWithEnvironment (C:\Users\DboxAdmin\skill_projects\expense-tracker\node_modules\babel-plugin-react-compiler\dist\index.js:106368:15)
    at run (C:\Users\DboxAdmin\skill_projects\expense-tracker\node_modules\babel-plugin-react-compiler\dist\index.js:106361:10)
    at compileFn (C:\Users\DboxAdmin\skill_projects\expense-tracker\node_modules\babel-plugin-react-compiler\dist\index.js:106689:10)
    at tryCompileFunction (C:\Users\DboxAdmin\skill_projects\expense-tracker\node_modules\babel-plugin-react-compiler\dist\index.js:107289:19)
    at processFn (C:\Users\DboxAdmin\skill_projects\expense-tracker\node_modules\babel-plugin-react-compiler\dist\index.js:107226:25)
    at compileProgram (C:\Users\DboxAdmin\skill_projects\expense-tracker\node_modules\babel-plugin-react-compiler\dist\index.js:107107:22)
    at PluginPass.enter (C:\Users\DboxAdmin\skill_projects\expense-tracker\node_modules\babel-plugin-react-compiler\dist\index.js:108443:28)
    at newFn (C:\Users\DboxAdmin\skill_projects\expense-tracker\node_modules\@babel\traverse\lib\visitors.js:168:14)
    at NodePath._call (C:\Users\DboxAdmin\skill_projects\expense-tracker\node_modules\@babel\traverse\lib\path\context.js:50:20)
    at NodePath.call (C:\Users\DboxAdmin\skill_projects\expense-tracker\node_modules\@babel\traverse\lib\path\context.js:40:18)
    at NodePath.visit (C:\Users\DboxAdmin\skill_projects\expense-tracker\node_modules\@babel\traverse\lib\path\context.js:87:31)
    at TraversalContext.visitQueue (C:\Users\DboxAdmin\skill_projects\expense-tracker\node_modules\@babel\traverse\lib\context.js:96:16)
    at TraversalContext.visitSingle (C:\Users\DboxAdmin\skill_projects\expense-tracker\node_modules\@babel\traverse\lib\context.js:72:19)
    at TraversalContext.visit (C:\Users\DboxAdmin\skill_projects\expense-tracker\node_modules\@babel\traverse\lib\context.js:119:19)
    at traverseNode (C:\Users\DboxAdmin\skill_projects\expense-tracker\node_modules\@babel\traverse\lib\traverse-node.js:130:17)
    at traverse (C:\Users\DboxAdmin\skill_projects\expense-tracker\node_modules\@babel\traverse\lib\index.js:53:34)
    at transformFile (C:\Users\DboxAdmin\skill_projects\expense-tracker\node_modules\@babel\core\lib\transformation\index.js:79:29)
    at transformFile.next (<anonymous>)
    at run (C:\Users\DboxAdmin\skill_projects\expense-tracker\node_modules\@babel\core\lib\transformation\index.js:25:12)
    at run.next (<anonymous>)
    at transform (C:\Users\DboxAdmin\skill_projects\expense-tracker\node_modules\@babel\core\lib\transform.js:22:33)
    at transform.next (<anonymous>)
    at evaluateSync (C:\Users\DboxAdmin\skill_projects\expense-tracker\node_modules\gensync\index.js:251:28)
    at sync (C:\Users\DboxAdmin\skill_projects\expense-tracker\node_modules\gensync\index.js:89:14)
    at stopHiding - secret - don't use this - v1 (C:\Users\DboxAdmin\skill_projects\expense-tracker\node_modules\@babel\core\lib\errors\rewrite-stack-trace.js:47:12)
    at Object.transformSync (C:\Users\DboxAdmin\skill_projects\expense-tracker\node_modules\@babel\core\lib\transform.js:40:76)
    at parseWithBabel (C:\Users\DboxAdmin\skill_projects\expense-tracker\node_modules\@expo\metro-config\build\transformSync.js:75:18)
    at transformSync (C:\Users\DboxAdmin\skill_projects\expense-tracker\node_modules\@expo\metro-config\build\transformSync.js:54:16)
    at Object.transform (C:\Users\DboxAdmin\skill_projects\expense-tracker\node_modules\@expo\metro-config\build\babel-transformer.js:146:58)
    at transformJSWithBabel (C:\Users\DboxAdmin\skill_projects\expense-tracker\node_modules\@expo\metro-config\build\transform-worker\metro-transform-worker.js:495:47)
    at Object.transform (C:\Users\DboxAdmin\skill_projects\expense-tracker\node_modules\@expo\metro-config\build\transform-worker\metro-transform-worker.js:614:12)
    at Object.transform (C:\Users\DboxAdmin\skill_projects\expense-tracker\node_modules\@expo\metro-config\build\transform-worker\transform-worker.js:179:19)
    at transformFile (C:\Users\DboxAdmin\skill_projects\expense-tracker\node_modules\metro\src\DeltaBundler\Worker.flow.js:67:36)
    at Object.transform (C:\Users\DboxAdmin\skill_projects\expense-tracker\node_modules\metro\src\DeltaBundler\Worker.flow.js:42:10)
    at execFunction (C:\Users\DboxAdmin\skill_projects\expense-tracker\node_modules\jest-worker\build\workers\threadChild.js:167:17)
    at execHelper (C:\Users\DboxAdmin\skill_projects\expense-tracker\node_modules\jest-worker\build\workers\threadChild.js:155:5)
    at execMethod (C:\Users\DboxAdmin\skill_projects\expense-tracker\node_modules\jest-worker\build\workers\threadChild.js:158:5)
    at MessagePort.messageListener (C:\Users\DboxAdmin\skill_projects\expense-tracker\node_modules\jest-worker\build\workers\threadChild.js:52:7)
    at [nodejs.internal.kHybridDispatch] (node:internal/event_target:848:20)
 ERROR  ReactCompilerError: Found 2 errors:

Todo: (BuildHIR::lowerStatement) Handle TryStatement with a finalizer ('finally') clause

  110 |     loadingMore.current = true;
  111 |
> 112 |     try {
      |     ^^^^^
> 113 |       const repository = new ExpenseRepository(await getDatabase());
      | ^^^^^^^^^^^^^^^^^^^^^^^^^^^^^^^^^^^^^^^^^^^^^^^^^^^^^^^^^^^^^^^^^^^^
> 114 |       const page = await repository.listRecent({ limit: EXPENSE_PAGE_SIZE, offset: 0 });
      | ^^^^^^^^^^^^^^^^^^^^^^^^^^^^^^^^^^^^^^^^^^^^^^^^^^^^^^^^^^^^^^^^^^^^
> 115 |
      | ^^^^^^^^^^^^^^^^^^^^^^^^^^^^^^^^^^^^^^^^^^^^^^^^^^^^^^^^^^^^^^^^^^^^
> 116 |       setRows(page.expenses);
      | ^^^^^^^^^^^^^^^^^^^^^^^^^^^^^^^^^^^^^^^^^^^^^^^^^^^^^^^^^^^^^^^^^^^^
> 117 |       setHasMore(page.hasMore);
      | ^^^^^^^^^^^^^^^^^^^^^^^^^^^^^^^^^^^^^^^^^^^^^^^^^^^^^^^^^^^^^^^^^^^^
> 118 |       setStatus('ready');
      | ^^^^^^^^^^^^^^^^^^^^^^^^^^^^^^^^^^^^^^^^^^^^^^^^^^^^^^^^^^^^^^^^^^^^
> 119 |     } catch (error) {
      | ^^^^^^^^^^^^^^^^^^^^^^^^^^^^^^^^^^^^^^^^^^^^^^^^^^^^^^^^^^^^^^^^^^^^
> 120 |       // Rows already on screen are left alone; only a first load with nothing to
      | ^^^^^^^^^^^^^^^^^^^^^^^^^^^^^^^^^^^^^^^^^^^^^^^^^^^^^^^^^^^^^^^^^^^^
> 121 |       // show replaces them with an error.
      | ^^^^^^^^^^^^^^^^^^^^^^^^^^^^^^^^^^^^^^^^^^^^^^^^^^^^^^^^^^^^^^^^^^^^
> 122 |       console.warn('[expenses] could not load the first page', error);
      | ^^^^^^^^^^^^^^^^^^^^^^^^^^^^^^^^^^^^^^^^^^^^^^^^^^^^^^^^^^^^^^^^^^^^
> 123 |
      | ^^^^^^^^^^^^^^^^^^^^^^^^^^^^^^^^^^^^^^^^^^^^^^^^^^^^^^^^^^^^^^^^^^^^
> 124 |       if (rows.length === 0) {
      | ^^^^^^^^^^^^^^^^^^^^^^^^^^^^^^^^^^^^^^^^^^^^^^^^^^^^^^^^^^^^^^^^^^^^
> 125 |         setStatus('error');
      | ^^^^^^^^^^^^^^^^^^^^^^^^^^^^^^^^^^^^^^^^^^^^^^^^^^^^^^^^^^^^^^^^^^^^
> 126 |       }
      | ^^^^^^^^^^^^^^^^^^^^^^^^^^^^^^^^^^^^^^^^^^^^^^^^^^^^^^^^^^^^^^^^^^^^
> 127 |     } finally {
      | ^^^^^^^^^^^^^^^^^^^^^^^^^^^^^^^^^^^^^^^^^^^^^^^^^^^^^^^^^^^^^^^^^^^^
> 128 |       loadingMore.current = false;
      | ^^^^^^^^^^^^^^^^^^^^^^^^^^^^^^^^^^^^^^^^^^^^^^^^^^^^^^^^^^^^^^^^^^^^
> 129 |     }
      | ^^^^^^ (BuildHIR::lowerStatement) Handle TryStatement with a finalizer ('finally') clause
  130 |   }, [rows.length]);
  131 |
  132 |   const loadNextPage = useCallback(async () => {

Todo: (BuildHIR::lowerStatement) Handle TryStatement with a finalizer ('finally') clause

  140 |     loadingMore.current = true;
  141 |
> 142 |     try {
      |     ^^^^^
> 143 |       const repository = new ExpenseRepository(await getDatabase());
      | ^^^^^^^^^^^^^^^^^^^^^^^^^^^^^^^^^^^^^^^^^^^^^^^^^^^^^^^^^^^^^^^^^^^^
> 144 |       const page = await repository.listRecent({
      | ^^^^^^^^^^^^^^^^^^^^^^^^^^^^^^^^^^^^^^^^^^^^^^^^^^^^^^^^^^^^^^^^^^^^
> 145 |         limit: EXPENSE_PAGE_SIZE,
      | ^^^^^^^^^^^^^^^^^^^^^^^^^^^^^^^^^^^^^^^^^^^^^^^^^^^^^^^^^^^^^^^^^^^^
> 146 |         // Read against the rows on screen, not against a separate counter that
      | ^^^^^^^^^^^^^^^^^^^^^^^^^^^^^^^^^^^^^^^^^^^^^^^^^^^^^^^^^^^^^^^^^^^^
> 147 |         // could drift from them.
      | ^^^^^^^^^^^^^^^^^^^^^^^^^^^^^^^^^^^^^^^^^^^^^^^^^^^^^^^^^^^^^^^^^^^^
> 148 |         offset: rows.length,
      | ^^^^^^^^^^^^^^^^^^^^^^^^^^^^^^^^^^^^^^^^^^^^^^^^^^^^^^^^^^^^^^^^^^^^
> 149 |       });
      | ^^^^^^^^^^^^^^^^^^^^^^^^^^^^^^^^^^^^^^^^^^^^^^^^^^^^^^^^^^^^^^^^^^^^
> 150 |
      | ^^^^^^^^^^^^^^^^^^^^^^^^^^^^^^^^^^^^^^^^^^^^^^^^^^^^^^^^^^^^^^^^^^^^
> 151 |       setHasMore(page.hasMore);
      | ^^^^^^^^^^^^^^^^^^^^^^^^^^^^^^^^^^^^^^^^^^^^^^^^^^^^^^^^^^^^^^^^^^^^
> 152 |
      | ^^^^^^^^^^^^^^^^^^^^^^^^^^^^^^^^^^^^^^^^^^^^^^^^^^^^^^^^^^^^^^^^^^^^
> 153 |       if (page.expenses.length > 0) {
      | ^^^^^^^^^^^^^^^^^^^^^^^^^^^^^^^^^^^^^^^^^^^^^^^^^^^^^^^^^^^^^^^^^^^^
> 154 |         // Append. These are the same row objects the query returned, so the
      | ^^^^^^^^^^^^^^^^^^^^^^^^^^^^^^^^^^^^^^^^^^^^^^^^^^^^^^^^^^^^^^^^^^^^
> 155 |         // rows already on screen keep their identity and do not re-render.
      | ^^^^^^^^^^^^^^^^^^^^^^^^^^^^^^^^^^^^^^^^^^^^^^^^^^^^^^^^^^^^^^^^^^^^
> 156 |         setRows((current) => [...current, ...page.expenses]);
      | ^^^^^^^^^^^^^^^^^^^^^^^^^^^^^^^^^^^^^^^^^^^^^^^^^^^^^^^^^^^^^^^^^^^^
> 157 |       }
      | ^^^^^^^^^^^^^^^^^^^^^^^^^^^^^^^^^^^^^^^^^^^^^^^^^^^^^^^^^^^^^^^^^^^^
> 158 |     } catch (error) {
      | ^^^^^^^^^^^^^^^^^^^^^^^^^^^^^^^^^^^^^^^^^^^^^^^^^^^^^^^^^^^^^^^^^^^^
> 159 |       /*
      | ^^^^^^^^^^^^^^^^^^^^^^^^^^^^^^^^^^^^^^^^^^^^^^^^^^^^^^^^^^^^^^^^^^^^
> 160 |         Stop paging rather than looping. A failure here leaves the offset where it
      | ^^^^^^^^^^^^^^^^^^^^^^^^^^^^^^^^^^^^^^^^^^^^^^^^^^^^^^^^^^^^^^^^^^^^
> 161 |         was, so the next scroll would ask for the same page again and keep
      | ^^^^^^^^^^^^^^^^^^^^^^^^^^^^^^^^^^^^^^^^^^^^^^^^^^^^^^^^^^^^^^^^^^^^
> 162 |         failing; clearing `hasMore` turns the footer into "End of history" and
      | ^^^^^^^^^^^^^^^^^^^^^^^^^^^^^^^^^^^^^^^^^^^^^^^^^^^^^^^^^^^^^^^^^^^^
> 163 |         leaves a working part of the list rather than an endless spinner.
      | ^^^^^^^^^^^^^^^^^^^^^^^^^^^^^^^^^^^^^^^^^^^^^^^^^^^^^^^^^^^^^^^^^^^^
> 164 |       */
      | ^^^^^^^^^^^^^^^^^^^^^^^^^^^^^^^^^^^^^^^^^^^^^^^^^^^^^^^^^^^^^^^^^^^^
> 165 |       console.warn('[expenses] could not load the next page', error);
      | ^^^^^^^^^^^^^^^^^^^^^^^^^^^^^^^^^^^^^^^^^^^^^^^^^^^^^^^^^^^^^^^^^^^^
> 166 |       setHasMore(false);
      | ^^^^^^^^^^^^^^^^^^^^^^^^^^^^^^^^^^^^^^^^^^^^^^^^^^^^^^^^^^^^^^^^^^^^
> 167 |     } finally {
      | ^^^^^^^^^^^^^^^^^^^^^^^^^^^^^^^^^^^^^^^^^^^^^^^^^^^^^^^^^^^^^^^^^^^^
> 168 |       loadingMore.current = false;
      | ^^^^^^^^^^^^^^^^^^^^^^^^^^^^^^^^^^^^^^^^^^^^^^^^^^^^^^^^^^^^^^^^^^^^
> 169 |     }
      | ^^^^^^ (BuildHIR::lowerStatement) Handle TryStatement with a finalizer ('finally') clause
  170 |   }, [hasMore, rows.length]);
  171 |
  172 |   /*
    at new HIRBuilder (C:\Users\DboxAdmin\skill_projects\expense-tracker\node_modules\babel-plugin-react-compiler\dist\index.js:76126:19)
    at lower (C:\Users\DboxAdmin\skill_projects\expense-tracker\node_modules\babel-plugin-react-compiler\dist\index.js:78097:19)
    at runWithEnvironment (C:\Users\DboxAdmin\skill_projects\expense-tracker\node_modules\babel-plugin-react-compiler\dist\index.js:106368:15)
    at run (C:\Users\DboxAdmin\skill_projects\expense-tracker\node_modules\babel-plugin-react-compiler\dist\index.js:106361:10)
    at compileFn (C:\Users\DboxAdmin\skill_projects\expense-tracker\node_modules\babel-plugin-react-compiler\dist\index.js:106689:10)
    at tryCompileFunction (C:\Users\DboxAdmin\skill_projects\expense-tracker\node_modules\babel-plugin-react-compiler\dist\index.js:107289:19)
    at processFn (C:\Users\DboxAdmin\skill_projects\expense-tracker\node_modules\babel-plugin-react-compiler\dist\index.js:107226:25)
    at compileProgram (C:\Users\DboxAdmin\skill_projects\expense-tracker\node_modules\babel-plugin-react-compiler\dist\index.js:107107:22)
    at PluginPass.enter (C:\Users\DboxAdmin\skill_projects\expense-tracker\node_modules\babel-plugin-react-compiler\dist\index.js:108443:28)
    at newFn (C:\Users\DboxAdmin\skill_projects\expense-tracker\node_modules\@babel\traverse\lib\visitors.js:168:14)
    at NodePath._call (C:\Users\DboxAdmin\skill_projects\expense-tracker\node_modules\@babel\traverse\lib\path\context.js:50:20)
    at NodePath.call (C:\Users\DboxAdmin\skill_projects\expense-tracker\node_modules\@babel\traverse\lib\path\context.js:40:18)
    at NodePath.visit (C:\Users\DboxAdmin\skill_projects\expense-tracker\node_modules\@babel\traverse\lib\path\context.js:87:31)
    at TraversalContext.visitQueue (C:\Users\DboxAdmin\skill_projects\expense-tracker\node_modules\@babel\traverse\lib\context.js:96:16)
    at TraversalContext.visitSingle (C:\Users\DboxAdmin\skill_projects\expense-tracker\node_modules\@babel\traverse\lib\context.js:72:19)
    at TraversalContext.visit (C:\Users\DboxAdmin\skill_projects\expense-tracker\node_modules\@babel\traverse\lib\context.js:119:19)
    at traverseNode (C:\Users\DboxAdmin\skill_projects\expense-tracker\node_modules\@babel\traverse\lib\traverse-node.js:130:17)
    at traverse (C:\Users\DboxAdmin\skill_projects\expense-tracker\node_modules\@babel\traverse\lib\index.js:53:34)
    at transformFile (C:\Users\DboxAdmin\skill_projects\expense-tracker\node_modules\@babel\core\lib\transformation\index.js:79:29)
    at transformFile.next (<anonymous>)
    at run (C:\Users\DboxAdmin\skill_projects\expense-tracker\node_modules\@babel\core\lib\transformation\index.js:25:12)
    at run.next (<anonymous>)
    at transform (C:\Users\DboxAdmin\skill_projects\expense-tracker\node_modules\@babel\core\lib\transform.js:22:33)
    at transform.next (<anonymous>)
    at evaluateSync (C:\Users\DboxAdmin\skill_projects\expense-tracker\node_modules\gensync\index.js:251:28)
    at sync (C:\Users\DboxAdmin\skill_projects\expense-tracker\node_modules\gensync\index.js:89:14)
    at stopHiding - secret - don't use this - v1 (C:\Users\DboxAdmin\skill_projects\expense-tracker\node_modules\@babel\core\lib\errors\rewrite-stack-trace.js:47:12)
    at Object.transformSync (C:\Users\DboxAdmin\skill_projects\expense-tracker\node_modules\@babel\core\lib\transform.js:40:76)
    at parseWithBabel (C:\Users\DboxAdmin\skill_projects\expense-tracker\node_modules\@expo\metro-config\build\transformSync.js:75:18)
    at transformSync (C:\Users\DboxAdmin\skill_projects\expense-tracker\node_modules\@expo\metro-config\build\transformSync.js:54:16)
    at Object.transform (C:\Users\DboxAdmin\skill_projects\expense-tracker\node_modules\@expo\metro-config\build\babel-transformer.js:146:58)
    at transformJSWithBabel (C:\Users\DboxAdmin\skill_projects\expense-tracker\node_modules\@expo\metro-config\build\transform-worker\metro-transform-worker.js:495:47)
    at Object.transform (C:\Users\DboxAdmin\skill_projects\expense-tracker\node_modules\@expo\metro-config\build\transform-worker\metro-transform-worker.js:614:12)
    at Object.transform (C:\Users\DboxAdmin\skill_projects\expense-tracker\node_modules\@expo\metro-config\build\transform-worker\transform-worker.js:179:19)
    at transformFile (C:\Users\DboxAdmin\skill_projects\expense-tracker\node_modules\metro\src\DeltaBundler\Worker.flow.js:67:36)
    at Object.transform (C:\Users\DboxAdmin\skill_projects\expense-tracker\node_modules\metro\src\DeltaBundler\Worker.flow.js:42:10)
    at execFunction (C:\Users\DboxAdmin\skill_projects\expense-tracker\node_modules\jest-worker\build\workers\threadChild.js:167:17)
    at execHelper (C:\Users\DboxAdmin\skill_projects\expense-tracker\node_modules\jest-worker\build\workers\threadChild.js:155:5)
    at execMethod (C:\Users\DboxAdmin\skill_projects\expense-tracker\node_modules\jest-worker\build\workers\threadChild.js:158:5)
    at MessagePort.messageListener (C:\Users\DboxAdmin\skill_projects\expense-tracker\node_modules\jest-worker\build\workers\threadChild.js:52:7)
    at [nodejs.internal.kHybridDispatch] (node:internal/event_target:848:20)
 ERROR  ReactCompilerError: Found 2 errors:

Todo: (BuildHIR::lowerStatement) Handle TryStatement with a finalizer ('finally') clause

  110 |     loadingMore.current = true;
  111 |
> 112 |     try {
      |     ^^^^^
> 113 |       const repository = new ExpenseRepository(await getDatabase());
      | ^^^^^^^^^^^^^^^^^^^^^^^^^^^^^^^^^^^^^^^^^^^^^^^^^^^^^^^^^^^^^^^^^^^^
> 114 |       const page = await repository.listRecent({ limit: EXPENSE_PAGE_SIZE, offset: 0 });
      | ^^^^^^^^^^^^^^^^^^^^^^^^^^^^^^^^^^^^^^^^^^^^^^^^^^^^^^^^^^^^^^^^^^^^
> 115 |
      | ^^^^^^^^^^^^^^^^^^^^^^^^^^^^^^^^^^^^^^^^^^^^^^^^^^^^^^^^^^^^^^^^^^^^
> 116 |       setRows(page.expenses);
      | ^^^^^^^^^^^^^^^^^^^^^^^^^^^^^^^^^^^^^^^^^^^^^^^^^^^^^^^^^^^^^^^^^^^^
> 117 |       setHasMore(page.hasMore);
      | ^^^^^^^^^^^^^^^^^^^^^^^^^^^^^^^^^^^^^^^^^^^^^^^^^^^^^^^^^^^^^^^^^^^^
> 118 |       setStatus('ready');
      | ^^^^^^^^^^^^^^^^^^^^^^^^^^^^^^^^^^^^^^^^^^^^^^^^^^^^^^^^^^^^^^^^^^^^
> 119 |     } catch (error) {
      | ^^^^^^^^^^^^^^^^^^^^^^^^^^^^^^^^^^^^^^^^^^^^^^^^^^^^^^^^^^^^^^^^^^^^
> 120 |       // Rows already on screen are left alone; only a first load with nothing to
      | ^^^^^^^^^^^^^^^^^^^^^^^^^^^^^^^^^^^^^^^^^^^^^^^^^^^^^^^^^^^^^^^^^^^^
> 121 |       // show replaces them with an error.
      | ^^^^^^^^^^^^^^^^^^^^^^^^^^^^^^^^^^^^^^^^^^^^^^^^^^^^^^^^^^^^^^^^^^^^
> 122 |       console.warn('[expenses] could not load the first page', error);
      | ^^^^^^^^^^^^^^^^^^^^^^^^^^^^^^^^^^^^^^^^^^^^^^^^^^^^^^^^^^^^^^^^^^^^
> 123 |
      | ^^^^^^^^^^^^^^^^^^^^^^^^^^^^^^^^^^^^^^^^^^^^^^^^^^^^^^^^^^^^^^^^^^^^
> 124 |       if (rows.length === 0) {
      | ^^^^^^^^^^^^^^^^^^^^^^^^^^^^^^^^^^^^^^^^^^^^^^^^^^^^^^^^^^^^^^^^^^^^
> 125 |         setStatus('error');
      | ^^^^^^^^^^^^^^^^^^^^^^^^^^^^^^^^^^^^^^^^^^^^^^^^^^^^^^^^^^^^^^^^^^^^
> 126 |       }
      | ^^^^^^^^^^^^^^^^^^^^^^^^^^^^^^^^^^^^^^^^^^^^^^^^^^^^^^^^^^^^^^^^^^^^
> 127 |     } finally {
      | ^^^^^^^^^^^^^^^^^^^^^^^^^^^^^^^^^^^^^^^^^^^^^^^^^^^^^^^^^^^^^^^^^^^^
> 128 |       loadingMore.current = false;
      | ^^^^^^^^^^^^^^^^^^^^^^^^^^^^^^^^^^^^^^^^^^^^^^^^^^^^^^^^^^^^^^^^^^^^
> 129 |     }
      | ^^^^^^ (BuildHIR::lowerStatement) Handle TryStatement with a finalizer ('finally') clause
  130 |   }, [rows.length]);
  131 |
  132 |   const loadNextPage = useCallback(async () => {

Todo: (BuildHIR::lowerStatement) Handle TryStatement with a finalizer ('finally') clause

  140 |     loadingMore.current = true;
  141 |
> 142 |     try {
      |     ^^^^^
> 143 |       const repository = new ExpenseRepository(await getDatabase());
      | ^^^^^^^^^^^^^^^^^^^^^^^^^^^^^^^^^^^^^^^^^^^^^^^^^^^^^^^^^^^^^^^^^^^^
> 144 |       const page = await repository.listRecent({
      | ^^^^^^^^^^^^^^^^^^^^^^^^^^^^^^^^^^^^^^^^^^^^^^^^^^^^^^^^^^^^^^^^^^^^
> 145 |         limit: EXPENSE_PAGE_SIZE,
      | ^^^^^^^^^^^^^^^^^^^^^^^^^^^^^^^^^^^^^^^^^^^^^^^^^^^^^^^^^^^^^^^^^^^^
> 146 |         // Read against the rows on screen, not against a separate counter that
      | ^^^^^^^^^^^^^^^^^^^^^^^^^^^^^^^^^^^^^^^^^^^^^^^^^^^^^^^^^^^^^^^^^^^^
> 147 |         // could drift from them.
      | ^^^^^^^^^^^^^^^^^^^^^^^^^^^^^^^^^^^^^^^^^^^^^^^^^^^^^^^^^^^^^^^^^^^^
> 148 |         offset: rows.length,
      | ^^^^^^^^^^^^^^^^^^^^^^^^^^^^^^^^^^^^^^^^^^^^^^^^^^^^^^^^^^^^^^^^^^^^
> 149 |       });
      | ^^^^^^^^^^^^^^^^^^^^^^^^^^^^^^^^^^^^^^^^^^^^^^^^^^^^^^^^^^^^^^^^^^^^
> 150 |
      | ^^^^^^^^^^^^^^^^^^^^^^^^^^^^^^^^^^^^^^^^^^^^^^^^^^^^^^^^^^^^^^^^^^^^
> 151 |       setHasMore(page.hasMore);
      | ^^^^^^^^^^^^^^^^^^^^^^^^^^^^^^^^^^^^^^^^^^^^^^^^^^^^^^^^^^^^^^^^^^^^
> 152 |
      | ^^^^^^^^^^^^^^^^^^^^^^^^^^^^^^^^^^^^^^^^^^^^^^^^^^^^^^^^^^^^^^^^^^^^
> 153 |       if (page.expenses.length > 0) {
      | ^^^^^^^^^^^^^^^^^^^^^^^^^^^^^^^^^^^^^^^^^^^^^^^^^^^^^^^^^^^^^^^^^^^^
> 154 |         // Append. These are the same row objects the query returned, so the
      | ^^^^^^^^^^^^^^^^^^^^^^^^^^^^^^^^^^^^^^^^^^^^^^^^^^^^^^^^^^^^^^^^^^^^
> 155 |         // rows already on screen keep their identity and do not re-render.
      | ^^^^^^^^^^^^^^^^^^^^^^^^^^^^^^^^^^^^^^^^^^^^^^^^^^^^^^^^^^^^^^^^^^^^
> 156 |         setRows((current) => [...current, ...page.expenses]);
      | ^^^^^^^^^^^^^^^^^^^^^^^^^^^^^^^^^^^^^^^^^^^^^^^^^^^^^^^^^^^^^^^^^^^^
> 157 |       }
      | ^^^^^^^^^^^^^^^^^^^^^^^^^^^^^^^^^^^^^^^^^^^^^^^^^^^^^^^^^^^^^^^^^^^^
> 158 |     } catch (error) {
      | ^^^^^^^^^^^^^^^^^^^^^^^^^^^^^^^^^^^^^^^^^^^^^^^^^^^^^^^^^^^^^^^^^^^^
> 159 |       /*
      | ^^^^^^^^^^^^^^^^^^^^^^^^^^^^^^^^^^^^^^^^^^^^^^^^^^^^^^^^^^^^^^^^^^^^
> 160 |         Stop paging rather than looping. A failure here leaves the offset where it
      | ^^^^^^^^^^^^^^^^^^^^^^^^^^^^^^^^^^^^^^^^^^^^^^^^^^^^^^^^^^^^^^^^^^^^
> 161 |         was, so the next scroll would ask for the same page again and keep
      | ^^^^^^^^^^^^^^^^^^^^^^^^^^^^^^^^^^^^^^^^^^^^^^^^^^^^^^^^^^^^^^^^^^^^
> 162 |         failing; clearing `hasMore` turns the footer into "End of history" and
      | ^^^^^^^^^^^^^^^^^^^^^^^^^^^^^^^^^^^^^^^^^^^^^^^^^^^^^^^^^^^^^^^^^^^^
> 163 |         leaves a working part of the list rather than an endless spinner.
      | ^^^^^^^^^^^^^^^^^^^^^^^^^^^^^^^^^^^^^^^^^^^^^^^^^^^^^^^^^^^^^^^^^^^^
> 164 |       */
      | ^^^^^^^^^^^^^^^^^^^^^^^^^^^^^^^^^^^^^^^^^^^^^^^^^^^^^^^^^^^^^^^^^^^^
> 165 |       console.warn('[expenses] could not load the next page', error);
      | ^^^^^^^^^^^^^^^^^^^^^^^^^^^^^^^^^^^^^^^^^^^^^^^^^^^^^^^^^^^^^^^^^^^^
> 166 |       setHasMore(false);
      | ^^^^^^^^^^^^^^^^^^^^^^^^^^^^^^^^^^^^^^^^^^^^^^^^^^^^^^^^^^^^^^^^^^^^
> 167 |     } finally {
      | ^^^^^^^^^^^^^^^^^^^^^^^^^^^^^^^^^^^^^^^^^^^^^^^^^^^^^^^^^^^^^^^^^^^^
> 168 |       loadingMore.current = false;
      | ^^^^^^^^^^^^^^^^^^^^^^^^^^^^^^^^^^^^^^^^^^^^^^^^^^^^^^^^^^^^^^^^^^^^
> 169 |     }
      | ^^^^^^ (BuildHIR::lowerStatement) Handle TryStatement with a finalizer ('finally') clause
  170 |   }, [hasMore, rows.length]);
  171 |
  172 |   /*
    at new HIRBuilder (C:\Users\DboxAdmin\skill_projects\expense-tracker\node_modules\babel-plugin-react-compiler\dist\index.js:76126:19)
    at lower (C:\Users\DboxAdmin\skill_projects\expense-tracker\node_modules\babel-plugin-react-compiler\dist\index.js:78097:19)
    at runWithEnvironment (C:\Users\DboxAdmin\skill_projects\expense-tracker\node_modules\babel-plugin-react-compiler\dist\index.js:106368:15)
    at run (C:\Users\DboxAdmin\skill_projects\expense-tracker\node_modules\babel-plugin-react-compiler\dist\index.js:106361:10)
    at compileFn (C:\Users\DboxAdmin\skill_projects\expense-tracker\node_modules\babel-plugin-react-compiler\dist\index.js:106689:10)
    at tryCompileFunction (C:\Users\DboxAdmin\skill_projects\expense-tracker\node_modules\babel-plugin-react-compiler\dist\index.js:107289:19)
    at processFn (C:\Users\DboxAdmin\skill_projects\expense-tracker\node_modules\babel-plugin-react-compiler\dist\index.js:107226:25)
    at compileProgram (C:\Users\DboxAdmin\skill_projects\expense-tracker\node_modules\babel-plugin-react-compiler\dist\index.js:107107:22)
    at PluginPass.enter (C:\Users\DboxAdmin\skill_projects\expense-tracker\node_modules\babel-plugin-react-compiler\dist\index.js:108443:28)
    at newFn (C:\Users\DboxAdmin\skill_projects\expense-tracker\node_modules\@babel\traverse\lib\visitors.js:168:14)
    at NodePath._call (C:\Users\DboxAdmin\skill_projects\expense-tracker\node_modules\@babel\traverse\lib\path\context.js:50:20)
    at NodePath.call (C:\Users\DboxAdmin\skill_projects\expense-tracker\node_modules\@babel\traverse\lib\path\context.js:40:18)
    at NodePath.visit (C:\Users\DboxAdmin\skill_projects\expense-tracker\node_modules\@babel\traverse\lib\path\context.js:87:31)
    at TraversalContext.visitQueue (C:\Users\DboxAdmin\skill_projects\expense-tracker\node_modules\@babel\traverse\lib\context.js:96:16)
    at TraversalContext.visitSingle (C:\Users\DboxAdmin\skill_projects\expense-tracker\node_modules\@babel\traverse\lib\context.js:72:19)
    at TraversalContext.visit (C:\Users\DboxAdmin\skill_projects\expense-tracker\node_modules\@babel\traverse\lib\context.js:119:19)
    at traverseNode (C:\Users\DboxAdmin\skill_projects\expense-tracker\node_modules\@babel\traverse\lib\traverse-node.js:130:17)
    at traverse (C:\Users\DboxAdmin\skill_projects\expense-tracker\node_modules\@babel\traverse\lib\index.js:53:34)
    at transformFile (C:\Users\DboxAdmin\skill_projects\expense-tracker\node_modules\@babel\core\lib\transformation\index.js:79:29)
    at transformFile.next (<anonymous>)
    at run (C:\Users\DboxAdmin\skill_projects\expense-tracker\node_modules\@babel\core\lib\transformation\index.js:25:12)
    at run.next (<anonymous>)
    at transform (C:\Users\DboxAdmin\skill_projects\expense-tracker\node_modules\@babel\core\lib\transform.js:22:33)
    at transform.next (<anonymous>)
    at evaluateSync (C:\Users\DboxAdmin\skill_projects\expense-tracker\node_modules\gensync\index.js:251:28)
    at sync (C:\Users\DboxAdmin\skill_projects\expense-tracker\node_modules\gensync\index.js:89:14)
    at stopHiding - secret - don't use this - v1 (C:\Users\DboxAdmin\skill_projects\expense-tracker\node_modules\@babel\core\lib\errors\rewrite-stack-trace.js:47:12)
    at Object.transformSync (C:\Users\DboxAdmin\skill_projects\expense-tracker\node_modules\@babel\core\lib\transform.js:40:76)
    at parseWithBabel (C:\Users\DboxAdmin\skill_projects\expense-tracker\node_modules\@expo\metro-config\build\transformSync.js:75:18)
    at transformSync (C:\Users\DboxAdmin\skill_projects\expense-tracker\node_modules\@expo\metro-config\build\transformSync.js:54:16)
    at Object.transform (C:\Users\DboxAdmin\skill_projects\expense-tracker\node_modules\@expo\metro-config\build\babel-transformer.js:146:58)
    at transformJSWithBabel (C:\Users\DboxAdmin\skill_projects\expense-tracker\node_modules\@expo\metro-config\build\transform-worker\metro-transform-worker.js:495:47)
    at Object.transform (C:\Users\DboxAdmin\skill_projects\expense-tracker\node_modules\@expo\metro-config\build\transform-worker\metro-transform-worker.js:614:12)
    at Object.transform (C:\Users\DboxAdmin\skill_projects\expense-tracker\node_modules\@expo\metro-config\build\transform-worker\transform-worker.js:179:19)
    at transformFile (C:\Users\DboxAdmin\skill_projects\expense-tracker\node_modules\metro\src\DeltaBundler\Worker.flow.js:67:36)
    at Object.transform (C:\Users\DboxAdmin\skill_projects\expense-tracker\node_modules\metro\src\DeltaBundler\Worker.flow.js:42:10)
    at execFunction (C:\Users\DboxAdmin\skill_projects\expense-tracker\node_modules\jest-worker\build\workers\threadChild.js:167:17)
    at execHelper (C:\Users\DboxAdmin\skill_projects\expense-tracker\node_modules\jest-worker\build\workers\threadChild.js:155:5)
    at execMethod (C:\Users\DboxAdmin\skill_projects\expense-tracker\node_modules\jest-worker\build\workers\threadChild.js:158:5)
    at MessagePort.messageListener (C:\Users\DboxAdmin\skill_projects\expense-tracker\node_modules\jest-worker\build\workers\threadChild.js:52:7)
    at [nodejs.internal.kHybridDispatch] (node:internal/event_target:848:20)
 ERROR  ReactCompilerError: Found 2 errors:

Todo: (BuildHIR::lowerStatement) Handle TryStatement with a finalizer ('finally') clause

  110 |     loadingMore.current = true;
  111 |
> 112 |     try {
      |     ^^^^^
> 113 |       const repository = new ExpenseRepository(await getDatabase());
      | ^^^^^^^^^^^^^^^^^^^^^^^^^^^^^^^^^^^^^^^^^^^^^^^^^^^^^^^^^^^^^^^^^^^^
> 114 |       const page = await repository.listRecent({ limit: EXPENSE_PAGE_SIZE, offset: 0 });
      | ^^^^^^^^^^^^^^^^^^^^^^^^^^^^^^^^^^^^^^^^^^^^^^^^^^^^^^^^^^^^^^^^^^^^
> 115 |
      | ^^^^^^^^^^^^^^^^^^^^^^^^^^^^^^^^^^^^^^^^^^^^^^^^^^^^^^^^^^^^^^^^^^^^
> 116 |       setRows(page.expenses);
      | ^^^^^^^^^^^^^^^^^^^^^^^^^^^^^^^^^^^^^^^^^^^^^^^^^^^^^^^^^^^^^^^^^^^^
> 117 |       setHasMore(page.hasMore);
      | ^^^^^^^^^^^^^^^^^^^^^^^^^^^^^^^^^^^^^^^^^^^^^^^^^^^^^^^^^^^^^^^^^^^^
> 118 |       setStatus('ready');
      | ^^^^^^^^^^^^^^^^^^^^^^^^^^^^^^^^^^^^^^^^^^^^^^^^^^^^^^^^^^^^^^^^^^^^
> 119 |     } catch (error) {
      | ^^^^^^^^^^^^^^^^^^^^^^^^^^^^^^^^^^^^^^^^^^^^^^^^^^^^^^^^^^^^^^^^^^^^
> 120 |       // Rows already on screen are left alone; only a first load with nothing to
      | ^^^^^^^^^^^^^^^^^^^^^^^^^^^^^^^^^^^^^^^^^^^^^^^^^^^^^^^^^^^^^^^^^^^^
> 121 |       // show replaces them with an error.
      | ^^^^^^^^^^^^^^^^^^^^^^^^^^^^^^^^^^^^^^^^^^^^^^^^^^^^^^^^^^^^^^^^^^^^
> 122 |       console.warn('[expenses] could not load the first page', error);
      | ^^^^^^^^^^^^^^^^^^^^^^^^^^^^^^^^^^^^^^^^^^^^^^^^^^^^^^^^^^^^^^^^^^^^
> 123 |
      | ^^^^^^^^^^^^^^^^^^^^^^^^^^^^^^^^^^^^^^^^^^^^^^^^^^^^^^^^^^^^^^^^^^^^
> 124 |       if (rows.length === 0) {
      | ^^^^^^^^^^^^^^^^^^^^^^^^^^^^^^^^^^^^^^^^^^^^^^^^^^^^^^^^^^^^^^^^^^^^
> 125 |         setStatus('error');
      | ^^^^^^^^^^^^^^^^^^^^^^^^^^^^^^^^^^^^^^^^^^^^^^^^^^^^^^^^^^^^^^^^^^^^
> 126 |       }
      | ^^^^^^^^^^^^^^^^^^^^^^^^^^^^^^^^^^^^^^^^^^^^^^^^^^^^^^^^^^^^^^^^^^^^
> 127 |     } finally {
      | ^^^^^^^^^^^^^^^^^^^^^^^^^^^^^^^^^^^^^^^^^^^^^^^^^^^^^^^^^^^^^^^^^^^^
> 128 |       loadingMore.current = false;
      | ^^^^^^^^^^^^^^^^^^^^^^^^^^^^^^^^^^^^^^^^^^^^^^^^^^^^^^^^^^^^^^^^^^^^
> 129 |     }
      | ^^^^^^ (BuildHIR::lowerStatement) Handle TryStatement with a finalizer ('finally') clause
  130 |   }, [rows.length]);
  131 |
  132 |   const loadNextPage = useCallback(async () => {

Todo: (BuildHIR::lowerStatement) Handle TryStatement with a finalizer ('finally') clause

  140 |     loadingMore.current = true;
  141 |
> 142 |     try {
      |     ^^^^^
> 143 |       const repository = new ExpenseRepository(await getDatabase());
      | ^^^^^^^^^^^^^^^^^^^^^^^^^^^^^^^^^^^^^^^^^^^^^^^^^^^^^^^^^^^^^^^^^^^^
> 144 |       const page = await repository.listRecent({
      | ^^^^^^^^^^^^^^^^^^^^^^^^^^^^^^^^^^^^^^^^^^^^^^^^^^^^^^^^^^^^^^^^^^^^
> 145 |         limit: EXPENSE_PAGE_SIZE,
      | ^^^^^^^^^^^^^^^^^^^^^^^^^^^^^^^^^^^^^^^^^^^^^^^^^^^^^^^^^^^^^^^^^^^^
> 146 |         // Read against the rows on screen, not against a separate counter that
      | ^^^^^^^^^^^^^^^^^^^^^^^^^^^^^^^^^^^^^^^^^^^^^^^^^^^^^^^^^^^^^^^^^^^^
> 147 |         // could drift from them.
      | ^^^^^^^^^^^^^^^^^^^^^^^^^^^^^^^^^^^^^^^^^^^^^^^^^^^^^^^^^^^^^^^^^^^^
> 148 |         offset: rows.length,
      | ^^^^^^^^^^^^^^^^^^^^^^^^^^^^^^^^^^^^^^^^^^^^^^^^^^^^^^^^^^^^^^^^^^^^
> 149 |       });
      | ^^^^^^^^^^^^^^^^^^^^^^^^^^^^^^^^^^^^^^^^^^^^^^^^^^^^^^^^^^^^^^^^^^^^
> 150 |
      | ^^^^^^^^^^^^^^^^^^^^^^^^^^^^^^^^^^^^^^^^^^^^^^^^^^^^^^^^^^^^^^^^^^^^
> 151 |       setHasMore(page.hasMore);
      | ^^^^^^^^^^^^^^^^^^^^^^^^^^^^^^^^^^^^^^^^^^^^^^^^^^^^^^^^^^^^^^^^^^^^
> 152 |
      | ^^^^^^^^^^^^^^^^^^^^^^^^^^^^^^^^^^^^^^^^^^^^^^^^^^^^^^^^^^^^^^^^^^^^
> 153 |       if (page.expenses.length > 0) {
      | ^^^^^^^^^^^^^^^^^^^^^^^^^^^^^^^^^^^^^^^^^^^^^^^^^^^^^^^^^^^^^^^^^^^^
> 154 |         // Append. These are the same row objects the query returned, so the
      | ^^^^^^^^^^^^^^^^^^^^^^^^^^^^^^^^^^^^^^^^^^^^^^^^^^^^^^^^^^^^^^^^^^^^
> 155 |         // rows already on screen keep their identity and do not re-render.
      | ^^^^^^^^^^^^^^^^^^^^^^^^^^^^^^^^^^^^^^^^^^^^^^^^^^^^^^^^^^^^^^^^^^^^
> 156 |         setRows((current) => [...current, ...page.expenses]);
      | ^^^^^^^^^^^^^^^^^^^^^^^^^^^^^^^^^^^^^^^^^^^^^^^^^^^^^^^^^^^^^^^^^^^^
> 157 |       }
      | ^^^^^^^^^^^^^^^^^^^^^^^^^^^^^^^^^^^^^^^^^^^^^^^^^^^^^^^^^^^^^^^^^^^^
> 158 |     } catch (error) {
      | ^^^^^^^^^^^^^^^^^^^^^^^^^^^^^^^^^^^^^^^^^^^^^^^^^^^^^^^^^^^^^^^^^^^^
> 159 |       /*
      | ^^^^^^^^^^^^^^^^^^^^^^^^^^^^^^^^^^^^^^^^^^^^^^^^^^^^^^^^^^^^^^^^^^^^
> 160 |         Stop paging rather than looping. A failure here leaves the offset where it
      | ^^^^^^^^^^^^^^^^^^^^^^^^^^^^^^^^^^^^^^^^^^^^^^^^^^^^^^^^^^^^^^^^^^^^
> 161 |         was, so the next scroll would ask for the same page again and keep
      | ^^^^^^^^^^^^^^^^^^^^^^^^^^^^^^^^^^^^^^^^^^^^^^^^^^^^^^^^^^^^^^^^^^^^
> 162 |         failing; clearing `hasMore` turns the footer into "End of history" and
      | ^^^^^^^^^^^^^^^^^^^^^^^^^^^^^^^^^^^^^^^^^^^^^^^^^^^^^^^^^^^^^^^^^^^^
> 163 |         leaves a working part of the list rather than an endless spinner.
      | ^^^^^^^^^^^^^^^^^^^^^^^^^^^^^^^^^^^^^^^^^^^^^^^^^^^^^^^^^^^^^^^^^^^^
> 164 |       */
      | ^^^^^^^^^^^^^^^^^^^^^^^^^^^^^^^^^^^^^^^^^^^^^^^^^^^^^^^^^^^^^^^^^^^^
> 165 |       console.warn('[expenses] could not load the next page', error);
      | ^^^^^^^^^^^^^^^^^^^^^^^^^^^^^^^^^^^^^^^^^^^^^^^^^^^^^^^^^^^^^^^^^^^^
> 166 |       setHasMore(false);
      | ^^^^^^^^^^^^^^^^^^^^^^^^^^^^^^^^^^^^^^^^^^^^^^^^^^^^^^^^^^^^^^^^^^^^
> 167 |     } finally {
      | ^^^^^^^^^^^^^^^^^^^^^^^^^^^^^^^^^^^^^^^^^^^^^^^^^^^^^^^^^^^^^^^^^^^^
> 168 |       loadingMore.current = false;
      | ^^^^^^^^^^^^^^^^^^^^^^^^^^^^^^^^^^^^^^^^^^^^^^^^^^^^^^^^^^^^^^^^^^^^
> 169 |     }
      | ^^^^^^ (BuildHIR::lowerStatement) Handle TryStatement with a finalizer ('finally') clause
  170 |   }, [hasMore, rows.length]);
  171 |
  172 |   /*
    at new HIRBuilder (C:\Users\DboxAdmin\skill_projects\expense-tracker\node_modules\babel-plugin-react-compiler\dist\index.js:76126:19)
    at lower (C:\Users\DboxAdmin\skill_projects\expense-tracker\node_modules\babel-plugin-react-compiler\dist\index.js:78097:19)
    at runWithEnvironment (C:\Users\DboxAdmin\skill_projects\expense-tracker\node_modules\babel-plugin-react-compiler\dist\index.js:106368:15)
    at run (C:\Users\DboxAdmin\skill_projects\expense-tracker\node_modules\babel-plugin-react-compiler\dist\index.js:106361:10)
    at compileFn (C:\Users\DboxAdmin\skill_projects\expense-tracker\node_modules\babel-plugin-react-compiler\dist\index.js:106689:10)
    at tryCompileFunction (C:\Users\DboxAdmin\skill_projects\expense-tracker\node_modules\babel-plugin-react-compiler\dist\index.js:107289:19)
    at processFn (C:\Users\DboxAdmin\skill_projects\expense-tracker\node_modules\babel-plugin-react-compiler\dist\index.js:107226:25)
    at compileProgram (C:\Users\DboxAdmin\skill_projects\expense-tracker\node_modules\babel-plugin-react-compiler\dist\index.js:107107:22)
    at PluginPass.enter (C:\Users\DboxAdmin\skill_projects\expense-tracker\node_modules\babel-plugin-react-compiler\dist\index.js:108443:28)
    at newFn (C:\Users\DboxAdmin\skill_projects\expense-tracker\node_modules\@babel\traverse\lib\visitors.js:168:14)
    at NodePath._call (C:\Users\DboxAdmin\skill_projects\expense-tracker\node_modules\@babel\traverse\lib\path\context.js:50:20)
    at NodePath.call (C:\Users\DboxAdmin\skill_projects\expense-tracker\node_modules\@babel\traverse\lib\path\context.js:40:18)
    at NodePath.visit (C:\Users\DboxAdmin\skill_projects\expense-tracker\node_modules\@babel\traverse\lib\path\context.js:87:31)
    at TraversalContext.visitQueue (C:\Users\DboxAdmin\skill_projects\expense-tracker\node_modules\@babel\traverse\lib\context.js:96:16)
    at TraversalContext.visitSingle (C:\Users\DboxAdmin\skill_projects\expense-tracker\node_modules\@babel\traverse\lib\context.js:72:19)
    at TraversalContext.visit (C:\Users\DboxAdmin\skill_projects\expense-tracker\node_modules\@babel\traverse\lib\context.js:119:19)
    at traverseNode (C:\Users\DboxAdmin\skill_projects\expense-tracker\node_modules\@babel\traverse\lib\traverse-node.js:130:17)
    at traverse (C:\Users\DboxAdmin\skill_projects\expense-tracker\node_modules\@babel\traverse\lib\index.js:53:34)
    at transformFile (C:\Users\DboxAdmin\skill_projects\expense-tracker\node_modules\@babel\core\lib\transformation\index.js:79:29)
    at transformFile.next (<anonymous>)
    at run (C:\Users\DboxAdmin\skill_projects\expense-tracker\node_modules\@babel\core\lib\transformation\index.js:25:12)
    at run.next (<anonymous>)
    at transform (C:\Users\DboxAdmin\skill_projects\expense-tracker\node_modules\@babel\core\lib\transform.js:22:33)
    at transform.next (<anonymous>)
    at evaluateSync (C:\Users\DboxAdmin\skill_projects\expense-tracker\node_modules\gensync\index.js:251:28)
    at sync (C:\Users\DboxAdmin\skill_projects\expense-tracker\node_modules\gensync\index.js:89:14)
    at stopHiding - secret - don't use this - v1 (C:\Users\DboxAdmin\skill_projects\expense-tracker\node_modules\@babel\core\lib\errors\rewrite-stack-trace.js:47:12)
    at Object.transformSync (C:\Users\DboxAdmin\skill_projects\expense-tracker\node_modules\@babel\core\lib\transform.js:40:76)
    at parseWithBabel (C:\Users\DboxAdmin\skill_projects\expense-tracker\node_modules\@expo\metro-config\build\transformSync.js:75:18)
    at transformSync (C:\Users\DboxAdmin\skill_projects\expense-tracker\node_modules\@expo\metro-config\build\transformSync.js:54:16)
    at Object.transform (C:\Users\DboxAdmin\skill_projects\expense-tracker\node_modules\@expo\metro-config\build\babel-transformer.js:146:58)
    at transformJSWithBabel (C:\Users\DboxAdmin\skill_projects\expense-tracker\node_modules\@expo\metro-config\build\transform-worker\metro-transform-worker.js:495:47)
    at Object.transform (C:\Users\DboxAdmin\skill_projects\expense-tracker\node_modules\@expo\metro-config\build\transform-worker\metro-transform-worker.js:614:12)
    at Object.transform (C:\Users\DboxAdmin\skill_projects\expense-tracker\node_modules\@expo\metro-config\build\transform-worker\transform-worker.js:179:19)
    at transformFile (C:\Users\DboxAdmin\skill_projects\expense-tracker\node_modules\metro\src\DeltaBundler\Worker.flow.js:67:36)
    at Object.transform (C:\Users\DboxAdmin\skill_projects\expense-tracker\node_modules\metro\src\DeltaBundler\Worker.flow.js:42:10)
    at execFunction (C:\Users\DboxAdmin\skill_projects\expense-tracker\node_modules\jest-worker\build\workers\threadChild.js:167:17)
    at execHelper (C:\Users\DboxAdmin\skill_projects\expense-tracker\node_modules\jest-worker\build\workers\threadChild.js:155:5)
    at execMethod (C:\Users\DboxAdmin\skill_projects\expense-tracker\node_modules\jest-worker\build\workers\threadChild.js:158:5)
    at MessagePort.messageListener (C:\Users\DboxAdmin\skill_projects\expense-tracker\node_modules\jest-worker\build\workers\threadChild.js:52:7)
    at [nodejs.internal.kHybridDispatch] (node:internal/event_target:848:20)
 ERROR  ReactCompilerError: Found 2 errors:

Todo: (BuildHIR::lowerStatement) Handle TryStatement with a finalizer ('finally') clause

  110 |     loadingMore.current = true;
  111 |
> 112 |     try {
      |     ^^^^^
> 113 |       const repository = new ExpenseRepository(await getDatabase());
      | ^^^^^^^^^^^^^^^^^^^^^^^^^^^^^^^^^^^^^^^^^^^^^^^^^^^^^^^^^^^^^^^^^^^^
> 114 |       const page = await repository.listRecent({ limit: EXPENSE_PAGE_SIZE, offset: 0 });
      | ^^^^^^^^^^^^^^^^^^^^^^^^^^^^^^^^^^^^^^^^^^^^^^^^^^^^^^^^^^^^^^^^^^^^
> 115 |
      | ^^^^^^^^^^^^^^^^^^^^^^^^^^^^^^^^^^^^^^^^^^^^^^^^^^^^^^^^^^^^^^^^^^^^
> 116 |       setRows(page.expenses);
      | ^^^^^^^^^^^^^^^^^^^^^^^^^^^^^^^^^^^^^^^^^^^^^^^^^^^^^^^^^^^^^^^^^^^^
> 117 |       setHasMore(page.hasMore);
      | ^^^^^^^^^^^^^^^^^^^^^^^^^^^^^^^^^^^^^^^^^^^^^^^^^^^^^^^^^^^^^^^^^^^^
> 118 |       setStatus('ready');
      | ^^^^^^^^^^^^^^^^^^^^^^^^^^^^^^^^^^^^^^^^^^^^^^^^^^^^^^^^^^^^^^^^^^^^
> 119 |     } catch (error) {
      | ^^^^^^^^^^^^^^^^^^^^^^^^^^^^^^^^^^^^^^^^^^^^^^^^^^^^^^^^^^^^^^^^^^^^
> 120 |       // Rows already on screen are left alone; only a first load with nothing to
      | ^^^^^^^^^^^^^^^^^^^^^^^^^^^^^^^^^^^^^^^^^^^^^^^^^^^^^^^^^^^^^^^^^^^^
> 121 |       // show replaces them with an error.
      | ^^^^^^^^^^^^^^^^^^^^^^^^^^^^^^^^^^^^^^^^^^^^^^^^^^^^^^^^^^^^^^^^^^^^
> 122 |       console.warn('[expenses] could not load the first page', error);
      | ^^^^^^^^^^^^^^^^^^^^^^^^^^^^^^^^^^^^^^^^^^^^^^^^^^^^^^^^^^^^^^^^^^^^
> 123 |
      | ^^^^^^^^^^^^^^^^^^^^^^^^^^^^^^^^^^^^^^^^^^^^^^^^^^^^^^^^^^^^^^^^^^^^
> 124 |       if (rows.length === 0) {
      | ^^^^^^^^^^^^^^^^^^^^^^^^^^^^^^^^^^^^^^^^^^^^^^^^^^^^^^^^^^^^^^^^^^^^
> 125 |         setStatus('error');
      | ^^^^^^^^^^^^^^^^^^^^^^^^^^^^^^^^^^^^^^^^^^^^^^^^^^^^^^^^^^^^^^^^^^^^
> 126 |       }
      | ^^^^^^^^^^^^^^^^^^^^^^^^^^^^^^^^^^^^^^^^^^^^^^^^^^^^^^^^^^^^^^^^^^^^
> 127 |     } finally {
      | ^^^^^^^^^^^^^^^^^^^^^^^^^^^^^^^^^^^^^^^^^^^^^^^^^^^^^^^^^^^^^^^^^^^^
> 128 |       loadingMore.current = false;
      | ^^^^^^^^^^^^^^^^^^^^^^^^^^^^^^^^^^^^^^^^^^^^^^^^^^^^^^^^^^^^^^^^^^^^
> 129 |     }
      | ^^^^^^ (BuildHIR::lowerStatement) Handle TryStatement with a finalizer ('finally') clause
  130 |   }, [rows.length]);
  131 |
  132 |   const loadNextPage = useCallback(async () => {

Todo: (BuildHIR::lowerStatement) Handle TryStatement with a finalizer ('finally') clause

  140 |     loadingMore.current = true;
  141 |
> 142 |     try {
      |     ^^^^^
> 143 |       const repository = new ExpenseRepository(await getDatabase());
      | ^^^^^^^^^^^^^^^^^^^^^^^^^^^^^^^^^^^^^^^^^^^^^^^^^^^^^^^^^^^^^^^^^^^^
> 144 |       const page = await repository.listRecent({
      | ^^^^^^^^^^^^^^^^^^^^^^^^^^^^^^^^^^^^^^^^^^^^^^^^^^^^^^^^^^^^^^^^^^^^
> 145 |         limit: EXPENSE_PAGE_SIZE,
      | ^^^^^^^^^^^^^^^^^^^^^^^^^^^^^^^^^^^^^^^^^^^^^^^^^^^^^^^^^^^^^^^^^^^^
> 146 |         // Read against the rows on screen, not against a separate counter that
      | ^^^^^^^^^^^^^^^^^^^^^^^^^^^^^^^^^^^^^^^^^^^^^^^^^^^^^^^^^^^^^^^^^^^^
> 147 |         // could drift from them.
      | ^^^^^^^^^^^^^^^^^^^^^^^^^^^^^^^^^^^^^^^^^^^^^^^^^^^^^^^^^^^^^^^^^^^^
> 148 |         offset: rows.length,
      | ^^^^^^^^^^^^^^^^^^^^^^^^^^^^^^^^^^^^^^^^^^^^^^^^^^^^^^^^^^^^^^^^^^^^
> 149 |       });
      | ^^^^^^^^^^^^^^^^^^^^^^^^^^^^^^^^^^^^^^^^^^^^^^^^^^^^^^^^^^^^^^^^^^^^
> 150 |
      | ^^^^^^^^^^^^^^^^^^^^^^^^^^^^^^^^^^^^^^^^^^^^^^^^^^^^^^^^^^^^^^^^^^^^
> 151 |       setHasMore(page.hasMore);
      | ^^^^^^^^^^^^^^^^^^^^^^^^^^^^^^^^^^^^^^^^^^^^^^^^^^^^^^^^^^^^^^^^^^^^
> 152 |
      | ^^^^^^^^^^^^^^^^^^^^^^^^^^^^^^^^^^^^^^^^^^^^^^^^^^^^^^^^^^^^^^^^^^^^
> 153 |       if (page.expenses.length > 0) {
      | ^^^^^^^^^^^^^^^^^^^^^^^^^^^^^^^^^^^^^^^^^^^^^^^^^^^^^^^^^^^^^^^^^^^^
> 154 |         // Append. These are the same row objects the query returned, so the
      | ^^^^^^^^^^^^^^^^^^^^^^^^^^^^^^^^^^^^^^^^^^^^^^^^^^^^^^^^^^^^^^^^^^^^
> 155 |         // rows already on screen keep their identity and do not re-render.
      | ^^^^^^^^^^^^^^^^^^^^^^^^^^^^^^^^^^^^^^^^^^^^^^^^^^^^^^^^^^^^^^^^^^^^
> 156 |         setRows((current) => [...current, ...page.expenses]);
      | ^^^^^^^^^^^^^^^^^^^^^^^^^^^^^^^^^^^^^^^^^^^^^^^^^^^^^^^^^^^^^^^^^^^^
> 157 |       }
      | ^^^^^^^^^^^^^^^^^^^^^^^^^^^^^^^^^^^^^^^^^^^^^^^^^^^^^^^^^^^^^^^^^^^^
> 158 |     } catch (error) {
      | ^^^^^^^^^^^^^^^^^^^^^^^^^^^^^^^^^^^^^^^^^^^^^^^^^^^^^^^^^^^^^^^^^^^^
> 159 |       /*
      | ^^^^^^^^^^^^^^^^^^^^^^^^^^^^^^^^^^^^^^^^^^^^^^^^^^^^^^^^^^^^^^^^^^^^
> 160 |         Stop paging rather than looping. A failure here leaves the offset where it
      | ^^^^^^^^^^^^^^^^^^^^^^^^^^^^^^^^^^^^^^^^^^^^^^^^^^^^^^^^^^^^^^^^^^^^
> 161 |         was, so the next scroll would ask for the same page again and keep
      | ^^^^^^^^^^^^^^^^^^^^^^^^^^^^^^^^^^^^^^^^^^^^^^^^^^^^^^^^^^^^^^^^^^^^
> 162 |         failing; clearing `hasMore` turns the footer into "End of history" and
      | ^^^^^^^^^^^^^^^^^^^^^^^^^^^^^^^^^^^^^^^^^^^^^^^^^^^^^^^^^^^^^^^^^^^^
> 163 |         leaves a working part of the list rather than an endless spinner.
      | ^^^^^^^^^^^^^^^^^^^^^^^^^^^^^^^^^^^^^^^^^^^^^^^^^^^^^^^^^^^^^^^^^^^^
> 164 |       */
      | ^^^^^^^^^^^^^^^^^^^^^^^^^^^^^^^^^^^^^^^^^^^^^^^^^^^^^^^^^^^^^^^^^^^^
> 165 |       console.warn('[expenses] could not load the next page', error);
      | ^^^^^^^^^^^^^^^^^^^^^^^^^^^^^^^^^^^^^^^^^^^^^^^^^^^^^^^^^^^^^^^^^^^^
> 166 |       setHasMore(false);
      | ^^^^^^^^^^^^^^^^^^^^^^^^^^^^^^^^^^^^^^^^^^^^^^^^^^^^^^^^^^^^^^^^^^^^
> 167 |     } finally {
      | ^^^^^^^^^^^^^^^^^^^^^^^^^^^^^^^^^^^^^^^^^^^^^^^^^^^^^^^^^^^^^^^^^^^^
> 168 |       loadingMore.current = false;
      | ^^^^^^^^^^^^^^^^^^^^^^^^^^^^^^^^^^^^^^^^^^^^^^^^^^^^^^^^^^^^^^^^^^^^
> 169 |     }
      | ^^^^^^ (BuildHIR::lowerStatement) Handle TryStatement with a finalizer ('finally') clause
  170 |   }, [hasMore, rows.length]);
  171 |
  172 |   /*
    at new HIRBuilder (C:\Users\DboxAdmin\skill_projects\expense-tracker\node_modules\babel-plugin-react-compiler\dist\index.js:76126:19)
    at lower (C:\Users\DboxAdmin\skill_projects\expense-tracker\node_modules\babel-plugin-react-compiler\dist\index.js:78097:19)
    at runWithEnvironment (C:\Users\DboxAdmin\skill_projects\expense-tracker\node_modules\babel-plugin-react-compiler\dist\index.js:106368:15)
    at run (C:\Users\DboxAdmin\skill_projects\expense-tracker\node_modules\babel-plugin-react-compiler\dist\index.js:106361:10)
    at compileFn (C:\Users\DboxAdmin\skill_projects\expense-tracker\node_modules\babel-plugin-react-compiler\dist\index.js:106689:10)
    at tryCompileFunction (C:\Users\DboxAdmin\skill_projects\expense-tracker\node_modules\babel-plugin-react-compiler\dist\index.js:107289:19)
    at processFn (C:\Users\DboxAdmin\skill_projects\expense-tracker\node_modules\babel-plugin-react-compiler\dist\index.js:107226:25)
    at compileProgram (C:\Users\DboxAdmin\skill_projects\expense-tracker\node_modules\babel-plugin-react-compiler\dist\index.js:107107:22)
    at PluginPass.enter (C:\Users\DboxAdmin\skill_projects\expense-tracker\node_modules\babel-plugin-react-compiler\dist\index.js:108443:28)
    at newFn (C:\Users\DboxAdmin\skill_projects\expense-tracker\node_modules\@babel\traverse\lib\visitors.js:168:14)
    at NodePath._call (C:\Users\DboxAdmin\skill_projects\expense-tracker\node_modules\@babel\traverse\lib\path\context.js:50:20)
    at NodePath.call (C:\Users\DboxAdmin\skill_projects\expense-tracker\node_modules\@babel\traverse\lib\path\context.js:40:18)
    at NodePath.visit (C:\Users\DboxAdmin\skill_projects\expense-tracker\node_modules\@babel\traverse\lib\path\context.js:87:31)
    at TraversalContext.visitQueue (C:\Users\DboxAdmin\skill_projects\expense-tracker\node_modules\@babel\traverse\lib\context.js:96:16)
    at TraversalContext.visitSingle (C:\Users\DboxAdmin\skill_projects\expense-tracker\node_modules\@babel\traverse\lib\context.js:72:19)
    at TraversalContext.visit (C:\Users\DboxAdmin\skill_projects\expense-tracker\node_modules\@babel\traverse\lib\context.js:119:19)
    at traverseNode (C:\Users\DboxAdmin\skill_projects\expense-tracker\node_modules\@babel\traverse\lib\traverse-node.js:130:17)
    at traverse (C:\Users\DboxAdmin\skill_projects\expense-tracker\node_modules\@babel\traverse\lib\index.js:53:34)
    at transformFile (C:\Users\DboxAdmin\skill_projects\expense-tracker\node_modules\@babel\core\lib\transformation\index.js:79:29)
    at transformFile.next (<anonymous>)
    at run (C:\Users\DboxAdmin\skill_projects\expense-tracker\node_modules\@babel\core\lib\transformation\index.js:25:12)
    at run.next (<anonymous>)
    at transform (C:\Users\DboxAdmin\skill_projects\expense-tracker\node_modules\@babel\core\lib\transform.js:22:33)
    at transform.next (<anonymous>)
    at evaluateSync (C:\Users\DboxAdmin\skill_projects\expense-tracker\node_modules\gensync\index.js:251:28)
    at sync (C:\Users\DboxAdmin\skill_projects\expense-tracker\node_modules\gensync\index.js:89:14)
    at stopHiding - secret - don't use this - v1 (C:\Users\DboxAdmin\skill_projects\expense-tracker\node_modules\@babel\core\lib\errors\rewrite-stack-trace.js:47:12)
    at Object.transformSync (C:\Users\DboxAdmin\skill_projects\expense-tracker\node_modules\@babel\core\lib\transform.js:40:76)
    at parseWithBabel (C:\Users\DboxAdmin\skill_projects\expense-tracker\node_modules\@expo\metro-config\build\transformSync.js:75:18)
    at transformSync (C:\Users\DboxAdmin\skill_projects\expense-tracker\node_modules\@expo\metro-config\build\transformSync.js:54:16)
    at Object.transform (C:\Users\DboxAdmin\skill_projects\expense-tracker\node_modules\@expo\metro-config\build\babel-transformer.js:146:58)
    at transformJSWithBabel (C:\Users\DboxAdmin\skill_projects\expense-tracker\node_modules\@expo\metro-config\build\transform-worker\metro-transform-worker.js:495:47)
    at Object.transform (C:\Users\DboxAdmin\skill_projects\expense-tracker\node_modules\@expo\metro-config\build\transform-worker\metro-transform-worker.js:614:12)
    at Object.transform (C:\Users\DboxAdmin\skill_projects\expense-tracker\node_modules\@expo\metro-config\build\transform-worker\transform-worker.js:179:19)
    at transformFile (C:\Users\DboxAdmin\skill_projects\expense-tracker\node_modules\metro\src\DeltaBundler\Worker.flow.js:67:36)
    at Object.transform (C:\Users\DboxAdmin\skill_projects\expense-tracker\node_modules\metro\src\DeltaBundler\Worker.flow.js:42:10)
    at execFunction (C:\Users\DboxAdmin\skill_projects\expense-tracker\node_modules\jest-worker\build\workers\threadChild.js:167:17)
    at execHelper (C:\Users\DboxAdmin\skill_projects\expense-tracker\node_modules\jest-worker\build\workers\threadChild.js:155:5)
    at execMethod (C:\Users\DboxAdmin\skill_projects\expense-tracker\node_modules\jest-worker\build\workers\threadChild.js:158:5)
    at MessagePort.messageListener (C:\Users\DboxAdmin\skill_projects\expense-tracker\node_modules\jest-worker\build\workers\threadChild.js:52:7)
    at [nodejs.internal.kHybridDispatch] (node:internal/event_target:848:20)
 ERROR  ReactCompilerError: Found 2 errors:

Todo: (BuildHIR::lowerStatement) Handle TryStatement with a finalizer ('finally') clause

  110 |     loadingMore.current = true;
  111 |
> 112 |     try {
      |     ^^^^^
> 113 |       const repository = new ExpenseRepository(await getDatabase());
      | ^^^^^^^^^^^^^^^^^^^^^^^^^^^^^^^^^^^^^^^^^^^^^^^^^^^^^^^^^^^^^^^^^^^^
> 114 |       const page = await repository.listRecent({ limit: EXPENSE_PAGE_SIZE, offset: 0 });
      | ^^^^^^^^^^^^^^^^^^^^^^^^^^^^^^^^^^^^^^^^^^^^^^^^^^^^^^^^^^^^^^^^^^^^
> 115 |
      | ^^^^^^^^^^^^^^^^^^^^^^^^^^^^^^^^^^^^^^^^^^^^^^^^^^^^^^^^^^^^^^^^^^^^
> 116 |       setRows(page.expenses);
      | ^^^^^^^^^^^^^^^^^^^^^^^^^^^^^^^^^^^^^^^^^^^^^^^^^^^^^^^^^^^^^^^^^^^^
> 117 |       setHasMore(page.hasMore);
      | ^^^^^^^^^^^^^^^^^^^^^^^^^^^^^^^^^^^^^^^^^^^^^^^^^^^^^^^^^^^^^^^^^^^^
> 118 |       setStatus('ready');
      | ^^^^^^^^^^^^^^^^^^^^^^^^^^^^^^^^^^^^^^^^^^^^^^^^^^^^^^^^^^^^^^^^^^^^
> 119 |     } catch (error) {
      | ^^^^^^^^^^^^^^^^^^^^^^^^^^^^^^^^^^^^^^^^^^^^^^^^^^^^^^^^^^^^^^^^^^^^
> 120 |       // Rows already on screen are left alone; only a first load with nothing to
      | ^^^^^^^^^^^^^^^^^^^^^^^^^^^^^^^^^^^^^^^^^^^^^^^^^^^^^^^^^^^^^^^^^^^^
> 121 |       // show replaces them with an error.
      | ^^^^^^^^^^^^^^^^^^^^^^^^^^^^^^^^^^^^^^^^^^^^^^^^^^^^^^^^^^^^^^^^^^^^
> 122 |       console.warn('[expenses] could not load the first page', error);
      | ^^^^^^^^^^^^^^^^^^^^^^^^^^^^^^^^^^^^^^^^^^^^^^^^^^^^^^^^^^^^^^^^^^^^
> 123 |
      | ^^^^^^^^^^^^^^^^^^^^^^^^^^^^^^^^^^^^^^^^^^^^^^^^^^^^^^^^^^^^^^^^^^^^
> 124 |       if (rows.length === 0) {
      | ^^^^^^^^^^^^^^^^^^^^^^^^^^^^^^^^^^^^^^^^^^^^^^^^^^^^^^^^^^^^^^^^^^^^
> 125 |         setStatus('error');
      | ^^^^^^^^^^^^^^^^^^^^^^^^^^^^^^^^^^^^^^^^^^^^^^^^^^^^^^^^^^^^^^^^^^^^
> 126 |       }
      | ^^^^^^^^^^^^^^^^^^^^^^^^^^^^^^^^^^^^^^^^^^^^^^^^^^^^^^^^^^^^^^^^^^^^
> 127 |     } finally {
      | ^^^^^^^^^^^^^^^^^^^^^^^^^^^^^^^^^^^^^^^^^^^^^^^^^^^^^^^^^^^^^^^^^^^^
> 128 |       loadingMore.current = false;
      | ^^^^^^^^^^^^^^^^^^^^^^^^^^^^^^^^^^^^^^^^^^^^^^^^^^^^^^^^^^^^^^^^^^^^
> 129 |     }
      | ^^^^^^ (BuildHIR::lowerStatement) Handle TryStatement with a finalizer ('finally') clause
  130 |   }, [rows.length]);
  131 |
  132 |   const loadNextPage = useCallback(async () => {

Todo: (BuildHIR::lowerStatement) Handle TryStatement with a finalizer ('finally') clause

  140 |     loadingMore.current = true;
  141 |
> 142 |     try {
      |     ^^^^^
> 143 |       const repository = new ExpenseRepository(await getDatabase());
      | ^^^^^^^^^^^^^^^^^^^^^^^^^^^^^^^^^^^^^^^^^^^^^^^^^^^^^^^^^^^^^^^^^^^^
> 144 |       const page = await repository.listRecent({
      | ^^^^^^^^^^^^^^^^^^^^^^^^^^^^^^^^^^^^^^^^^^^^^^^^^^^^^^^^^^^^^^^^^^^^
> 145 |         limit: EXPENSE_PAGE_SIZE,
      | ^^^^^^^^^^^^^^^^^^^^^^^^^^^^^^^^^^^^^^^^^^^^^^^^^^^^^^^^^^^^^^^^^^^^
> 146 |         // Read against the rows on screen, not against a separate counter that
      | ^^^^^^^^^^^^^^^^^^^^^^^^^^^^^^^^^^^^^^^^^^^^^^^^^^^^^^^^^^^^^^^^^^^^
> 147 |         // could drift from them.
      | ^^^^^^^^^^^^^^^^^^^^^^^^^^^^^^^^^^^^^^^^^^^^^^^^^^^^^^^^^^^^^^^^^^^^
> 148 |         offset: rows.length,
      | ^^^^^^^^^^^^^^^^^^^^^^^^^^^^^^^^^^^^^^^^^^^^^^^^^^^^^^^^^^^^^^^^^^^^
> 149 |       });
      | ^^^^^^^^^^^^^^^^^^^^^^^^^^^^^^^^^^^^^^^^^^^^^^^^^^^^^^^^^^^^^^^^^^^^
> 150 |
      | ^^^^^^^^^^^^^^^^^^^^^^^^^^^^^^^^^^^^^^^^^^^^^^^^^^^^^^^^^^^^^^^^^^^^
> 151 |       setHasMore(page.hasMore);
      | ^^^^^^^^^^^^^^^^^^^^^^^^^^^^^^^^^^^^^^^^^^^^^^^^^^^^^^^^^^^^^^^^^^^^
> 152 |
      | ^^^^^^^^^^^^^^^^^^^^^^^^^^^^^^^^^^^^^^^^^^^^^^^^^^^^^^^^^^^^^^^^^^^^
> 153 |       if (page.expenses.length > 0) {
      | ^^^^^^^^^^^^^^^^^^^^^^^^^^^^^^^^^^^^^^^^^^^^^^^^^^^^^^^^^^^^^^^^^^^^
> 154 |         // Append. These are the same row objects the query returned, so the
      | ^^^^^^^^^^^^^^^^^^^^^^^^^^^^^^^^^^^^^^^^^^^^^^^^^^^^^^^^^^^^^^^^^^^^
> 155 |         // rows already on screen keep their identity and do not re-render.
      | ^^^^^^^^^^^^^^^^^^^^^^^^^^^^^^^^^^^^^^^^^^^^^^^^^^^^^^^^^^^^^^^^^^^^
> 156 |         setRows((current) => [...current, ...page.expenses]);
      | ^^^^^^^^^^^^^^^^^^^^^^^^^^^^^^^^^^^^^^^^^^^^^^^^^^^^^^^^^^^^^^^^^^^^
> 157 |       }
      | ^^^^^^^^^^^^^^^^^^^^^^^^^^^^^^^^^^^^^^^^^^^^^^^^^^^^^^^^^^^^^^^^^^^^
> 158 |     } catch (error) {
      | ^^^^^^^^^^^^^^^^^^^^^^^^^^^^^^^^^^^^^^^^^^^^^^^^^^^^^^^^^^^^^^^^^^^^
> 159 |       /*
      | ^^^^^^^^^^^^^^^^^^^^^^^^^^^^^^^^^^^^^^^^^^^^^^^^^^^^^^^^^^^^^^^^^^^^
> 160 |         Stop paging rather than looping. A failure here leaves the offset where it
      | ^^^^^^^^^^^^^^^^^^^^^^^^^^^^^^^^^^^^^^^^^^^^^^^^^^^^^^^^^^^^^^^^^^^^
> 161 |         was, so the next scroll would ask for the same page again and keep
      | ^^^^^^^^^^^^^^^^^^^^^^^^^^^^^^^^^^^^^^^^^^^^^^^^^^^^^^^^^^^^^^^^^^^^
> 162 |         failing; clearing `hasMore` turns the footer into "End of history" and
      | ^^^^^^^^^^^^^^^^^^^^^^^^^^^^^^^^^^^^^^^^^^^^^^^^^^^^^^^^^^^^^^^^^^^^
> 163 |         leaves a working part of the list rather than an endless spinner.
      | ^^^^^^^^^^^^^^^^^^^^^^^^^^^^^^^^^^^^^^^^^^^^^^^^^^^^^^^^^^^^^^^^^^^^
> 164 |       */
      | ^^^^^^^^^^^^^^^^^^^^^^^^^^^^^^^^^^^^^^^^^^^^^^^^^^^^^^^^^^^^^^^^^^^^
> 165 |       console.warn('[expenses] could not load the next page', error);
      | ^^^^^^^^^^^^^^^^^^^^^^^^^^^^^^^^^^^^^^^^^^^^^^^^^^^^^^^^^^^^^^^^^^^^
> 166 |       setHasMore(false);
      | ^^^^^^^^^^^^^^^^^^^^^^^^^^^^^^^^^^^^^^^^^^^^^^^^^^^^^^^^^^^^^^^^^^^^
> 167 |     } finally {
      | ^^^^^^^^^^^^^^^^^^^^^^^^^^^^^^^^^^^^^^^^^^^^^^^^^^^^^^^^^^^^^^^^^^^^
> 168 |       loadingMore.current = false;
      | ^^^^^^^^^^^^^^^^^^^^^^^^^^^^^^^^^^^^^^^^^^^^^^^^^^^^^^^^^^^^^^^^^^^^
> 169 |     }
      | ^^^^^^ (BuildHIR::lowerStatement) Handle TryStatement with a finalizer ('finally') clause
  170 |   }, [hasMore, rows.length]);
  171 |
  172 |   /*
    at new HIRBuilder (C:\Users\DboxAdmin\skill_projects\expense-tracker\node_modules\babel-plugin-react-compiler\dist\index.js:76126:19)
    at lower (C:\Users\DboxAdmin\skill_projects\expense-tracker\node_modules\babel-plugin-react-compiler\dist\index.js:78097:19)
    at runWithEnvironment (C:\Users\DboxAdmin\skill_projects\expense-tracker\node_modules\babel-plugin-react-compiler\dist\index.js:106368:15)
    at run (C:\Users\DboxAdmin\skill_projects\expense-tracker\node_modules\babel-plugin-react-compiler\dist\index.js:106361:10)
    at compileFn (C:\Users\DboxAdmin\skill_projects\expense-tracker\node_modules\babel-plugin-react-compiler\dist\index.js:106689:10)
    at tryCompileFunction (C:\Users\DboxAdmin\skill_projects\expense-tracker\node_modules\babel-plugin-react-compiler\dist\index.js:107289:19)
    at processFn (C:\Users\DboxAdmin\skill_projects\expense-tracker\node_modules\babel-plugin-react-compiler\dist\index.js:107226:25)
    at compileProgram (C:\Users\DboxAdmin\skill_projects\expense-tracker\node_modules\babel-plugin-react-compiler\dist\index.js:107107:22)
    at PluginPass.enter (C:\Users\DboxAdmin\skill_projects\expense-tracker\node_modules\babel-plugin-react-compiler\dist\index.js:108443:28)
    at newFn (C:\Users\DboxAdmin\skill_projects\expense-tracker\node_modules\@babel\traverse\lib\visitors.js:168:14)
    at NodePath._call (C:\Users\DboxAdmin\skill_projects\expense-tracker\node_modules\@babel\traverse\lib\path\context.js:50:20)
    at NodePath.call (C:\Users\DboxAdmin\skill_projects\expense-tracker\node_modules\@babel\traverse\lib\path\context.js:40:18)
    at NodePath.visit (C:\Users\DboxAdmin\skill_projects\expense-tracker\node_modules\@babel\traverse\lib\path\context.js:87:31)
    at TraversalContext.visitQueue (C:\Users\DboxAdmin\skill_projects\expense-tracker\node_modules\@babel\traverse\lib\context.js:96:16)
    at TraversalContext.visitSingle (C:\Users\DboxAdmin\skill_projects\expense-tracker\node_modules\@babel\traverse\lib\context.js:72:19)
    at TraversalContext.visit (C:\Users\DboxAdmin\skill_projects\expense-tracker\node_modules\@babel\traverse\lib\context.js:119:19)
    at traverseNode (C:\Users\DboxAdmin\skill_projects\expense-tracker\node_modules\@babel\traverse\lib\traverse-node.js:130:17)
    at traverse (C:\Users\DboxAdmin\skill_projects\expense-tracker\node_modules\@babel\traverse\lib\index.js:53:34)
    at transformFile (C:\Users\DboxAdmin\skill_projects\expense-tracker\node_modules\@babel\core\lib\transformation\index.js:79:29)
    at transformFile.next (<anonymous>)
    at run (C:\Users\DboxAdmin\skill_projects\expense-tracker\node_modules\@babel\core\lib\transformation\index.js:25:12)
    at run.next (<anonymous>)
    at transform (C:\Users\DboxAdmin\skill_projects\expense-tracker\node_modules\@babel\core\lib\transform.js:22:33)
    at transform.next (<anonymous>)
    at evaluateSync (C:\Users\DboxAdmin\skill_projects\expense-tracker\node_modules\gensync\index.js:251:28)
    at sync (C:\Users\DboxAdmin\skill_projects\expense-tracker\node_modules\gensync\index.js:89:14)
    at stopHiding - secret - don't use this - v1 (C:\Users\DboxAdmin\skill_projects\expense-tracker\node_modules\@babel\core\lib\errors\rewrite-stack-trace.js:47:12)
    at Object.transformSync (C:\Users\DboxAdmin\skill_projects\expense-tracker\node_modules\@babel\core\lib\transform.js:40:76)
    at parseWithBabel (C:\Users\DboxAdmin\skill_projects\expense-tracker\node_modules\@expo\metro-config\build\transformSync.js:75:18)
    at transformSync (C:\Users\DboxAdmin\skill_projects\expense-tracker\node_modules\@expo\metro-config\build\transformSync.js:54:16)
    at Object.transform (C:\Users\DboxAdmin\skill_projects\expense-tracker\node_modules\@expo\metro-config\build\babel-transformer.js:146:58)
    at transformJSWithBabel (C:\Users\DboxAdmin\skill_projects\expense-tracker\node_modules\@expo\metro-config\build\transform-worker\metro-transform-worker.js:495:47)
    at Object.transform (C:\Users\DboxAdmin\skill_projects\expense-tracker\node_modules\@expo\metro-config\build\transform-worker\metro-transform-worker.js:614:12)
    at Object.transform (C:\Users\DboxAdmin\skill_projects\expense-tracker\node_modules\@expo\metro-config\build\transform-worker\transform-worker.js:179:19)
    at transformFile (C:\Users\DboxAdmin\skill_projects\expense-tracker\node_modules\metro\src\DeltaBundler\Worker.flow.js:67:36)
    at Object.transform (C:\Users\DboxAdmin\skill_projects\expense-tracker\node_modules\metro\src\DeltaBundler\Worker.flow.js:42:10)
    at execFunction (C:\Users\DboxAdmin\skill_projects\expense-tracker\node_modules\jest-worker\build\workers\threadChild.js:167:17)
    at execHelper (C:\Users\DboxAdmin\skill_projects\expense-tracker\node_modules\jest-worker\build\workers\threadChild.js:155:5)
    at execMethod (C:\Users\DboxAdmin\skill_projects\expense-tracker\node_modules\jest-worker\build\workers\threadChild.js:158:5)
    at MessagePort.messageListener (C:\Users\DboxAdmin\skill_projects\expense-tracker\node_modules\jest-worker\build\workers\threadChild.js:52:7)
    at [nodejs.internal.kHybridDispatch] (node:internal/event_target:848:20)
 ERROR  ReactCompilerError: Found 2 errors:

Todo: (BuildHIR::lowerStatement) Handle TryStatement with a finalizer ('finally') clause

  110 |     loadingMore.current = true;
  111 |
> 112 |     try {
      |     ^^^^^
> 113 |       const repository = new ExpenseRepository(await getDatabase());
      | ^^^^^^^^^^^^^^^^^^^^^^^^^^^^^^^^^^^^^^^^^^^^^^^^^^^^^^^^^^^^^^^^^^^^
> 114 |       const page = await repository.listRecent({ limit: EXPENSE_PAGE_SIZE, offset: 0 });
      | ^^^^^^^^^^^^^^^^^^^^^^^^^^^^^^^^^^^^^^^^^^^^^^^^^^^^^^^^^^^^^^^^^^^^
> 115 |
      | ^^^^^^^^^^^^^^^^^^^^^^^^^^^^^^^^^^^^^^^^^^^^^^^^^^^^^^^^^^^^^^^^^^^^
> 116 |       setRows(page.expenses);
      | ^^^^^^^^^^^^^^^^^^^^^^^^^^^^^^^^^^^^^^^^^^^^^^^^^^^^^^^^^^^^^^^^^^^^
> 117 |       setHasMore(page.hasMore);
      | ^^^^^^^^^^^^^^^^^^^^^^^^^^^^^^^^^^^^^^^^^^^^^^^^^^^^^^^^^^^^^^^^^^^^
> 118 |       setStatus('ready');
      | ^^^^^^^^^^^^^^^^^^^^^^^^^^^^^^^^^^^^^^^^^^^^^^^^^^^^^^^^^^^^^^^^^^^^
> 119 |     } catch (error) {
      | ^^^^^^^^^^^^^^^^^^^^^^^^^^^^^^^^^^^^^^^^^^^^^^^^^^^^^^^^^^^^^^^^^^^^
> 120 |       // Rows already on screen are left alone; only a first load with nothing to
      | ^^^^^^^^^^^^^^^^^^^^^^^^^^^^^^^^^^^^^^^^^^^^^^^^^^^^^^^^^^^^^^^^^^^^
> 121 |       // show replaces them with an error.
      | ^^^^^^^^^^^^^^^^^^^^^^^^^^^^^^^^^^^^^^^^^^^^^^^^^^^^^^^^^^^^^^^^^^^^
> 122 |       console.warn('[expenses] could not load the first page', error);
      | ^^^^^^^^^^^^^^^^^^^^^^^^^^^^^^^^^^^^^^^^^^^^^^^^^^^^^^^^^^^^^^^^^^^^
> 123 |
      | ^^^^^^^^^^^^^^^^^^^^^^^^^^^^^^^^^^^^^^^^^^^^^^^^^^^^^^^^^^^^^^^^^^^^
> 124 |       if (rows.length === 0) {
      | ^^^^^^^^^^^^^^^^^^^^^^^^^^^^^^^^^^^^^^^^^^^^^^^^^^^^^^^^^^^^^^^^^^^^
> 125 |         setStatus('error');
      | ^^^^^^^^^^^^^^^^^^^^^^^^^^^^^^^^^^^^^^^^^^^^^^^^^^^^^^^^^^^^^^^^^^^^
> 126 |       }
      | ^^^^^^^^^^^^^^^^^^^^^^^^^^^^^^^^^^^^^^^^^^^^^^^^^^^^^^^^^^^^^^^^^^^^
> 127 |     } finally {
      | ^^^^^^^^^^^^^^^^^^^^^^^^^^^^^^^^^^^^^^^^^^^^^^^^^^^^^^^^^^^^^^^^^^^^
> 128 |       loadingMore.current = false;
      | ^^^^^^^^^^^^^^^^^^^^^^^^^^^^^^^^^^^^^^^^^^^^^^^^^^^^^^^^^^^^^^^^^^^^
> 129 |     }
      | ^^^^^^ (BuildHIR::lowerStatement) Handle TryStatement with a finalizer ('finally') clause
  130 |   }, [rows.length]);
  131 |
  132 |   const loadNextPage = useCallback(async () => {

Todo: (BuildHIR::lowerStatement) Handle TryStatement with a finalizer ('finally') clause

  140 |     loadingMore.current = true;
  141 |
> 142 |     try {
      |     ^^^^^
> 143 |       const repository = new ExpenseRepository(await getDatabase());
      | ^^^^^^^^^^^^^^^^^^^^^^^^^^^^^^^^^^^^^^^^^^^^^^^^^^^^^^^^^^^^^^^^^^^^
> 144 |       const page = await repository.listRecent({
      | ^^^^^^^^^^^^^^^^^^^^^^^^^^^^^^^^^^^^^^^^^^^^^^^^^^^^^^^^^^^^^^^^^^^^
> 145 |         limit: EXPENSE_PAGE_SIZE,
      | ^^^^^^^^^^^^^^^^^^^^^^^^^^^^^^^^^^^^^^^^^^^^^^^^^^^^^^^^^^^^^^^^^^^^
> 146 |         // Read against the rows on screen, not against a separate counter that
      | ^^^^^^^^^^^^^^^^^^^^^^^^^^^^^^^^^^^^^^^^^^^^^^^^^^^^^^^^^^^^^^^^^^^^
> 147 |         // could drift from them.
      | ^^^^^^^^^^^^^^^^^^^^^^^^^^^^^^^^^^^^^^^^^^^^^^^^^^^^^^^^^^^^^^^^^^^^
> 148 |         offset: rows.length,
      | ^^^^^^^^^^^^^^^^^^^^^^^^^^^^^^^^^^^^^^^^^^^^^^^^^^^^^^^^^^^^^^^^^^^^
> 149 |       });
      | ^^^^^^^^^^^^^^^^^^^^^^^^^^^^^^^^^^^^^^^^^^^^^^^^^^^^^^^^^^^^^^^^^^^^
> 150 |
      | ^^^^^^^^^^^^^^^^^^^^^^^^^^^^^^^^^^^^^^^^^^^^^^^^^^^^^^^^^^^^^^^^^^^^
> 151 |       setHasMore(page.hasMore);
      | ^^^^^^^^^^^^^^^^^^^^^^^^^^^^^^^^^^^^^^^^^^^^^^^^^^^^^^^^^^^^^^^^^^^^
> 152 |
      | ^^^^^^^^^^^^^^^^^^^^^^^^^^^^^^^^^^^^^^^^^^^^^^^^^^^^^^^^^^^^^^^^^^^^
> 153 |       if (page.expenses.length > 0) {
      | ^^^^^^^^^^^^^^^^^^^^^^^^^^^^^^^^^^^^^^^^^^^^^^^^^^^^^^^^^^^^^^^^^^^^
> 154 |         // Append. These are the same row objects the query returned, so the
      | ^^^^^^^^^^^^^^^^^^^^^^^^^^^^^^^^^^^^^^^^^^^^^^^^^^^^^^^^^^^^^^^^^^^^
> 155 |         // rows already on screen keep their identity and do not re-render.
      | ^^^^^^^^^^^^^^^^^^^^^^^^^^^^^^^^^^^^^^^^^^^^^^^^^^^^^^^^^^^^^^^^^^^^
> 156 |         setRows((current) => [...current, ...page.expenses]);
      | ^^^^^^^^^^^^^^^^^^^^^^^^^^^^^^^^^^^^^^^^^^^^^^^^^^^^^^^^^^^^^^^^^^^^
> 157 |       }
      | ^^^^^^^^^^^^^^^^^^^^^^^^^^^^^^^^^^^^^^^^^^^^^^^^^^^^^^^^^^^^^^^^^^^^
> 158 |     } catch (error) {
      | ^^^^^^^^^^^^^^^^^^^^^^^^^^^^^^^^^^^^^^^^^^^^^^^^^^^^^^^^^^^^^^^^^^^^
> 159 |       /*
      | ^^^^^^^^^^^^^^^^^^^^^^^^^^^^^^^^^^^^^^^^^^^^^^^^^^^^^^^^^^^^^^^^^^^^
> 160 |         Stop paging rather than looping. A failure here leaves the offset where it
      | ^^^^^^^^^^^^^^^^^^^^^^^^^^^^^^^^^^^^^^^^^^^^^^^^^^^^^^^^^^^^^^^^^^^^
> 161 |         was, so the next scroll would ask for the same page again and keep
      | ^^^^^^^^^^^^^^^^^^^^^^^^^^^^^^^^^^^^^^^^^^^^^^^^^^^^^^^^^^^^^^^^^^^^
> 162 |         failing; clearing `hasMore` turns the footer into "End of history" and
      | ^^^^^^^^^^^^^^^^^^^^^^^^^^^^^^^^^^^^^^^^^^^^^^^^^^^^^^^^^^^^^^^^^^^^
> 163 |         leaves a working part of the list rather than an endless spinner.
      | ^^^^^^^^^^^^^^^^^^^^^^^^^^^^^^^^^^^^^^^^^^^^^^^^^^^^^^^^^^^^^^^^^^^^
> 164 |       */
      | ^^^^^^^^^^^^^^^^^^^^^^^^^^^^^^^^^^^^^^^^^^^^^^^^^^^^^^^^^^^^^^^^^^^^
> 165 |       console.warn('[expenses] could not load the next page', error);
      | ^^^^^^^^^^^^^^^^^^^^^^^^^^^^^^^^^^^^^^^^^^^^^^^^^^^^^^^^^^^^^^^^^^^^
> 166 |       setHasMore(false);
      | ^^^^^^^^^^^^^^^^^^^^^^^^^^^^^^^^^^^^^^^^^^^^^^^^^^^^^^^^^^^^^^^^^^^^
> 167 |     } finally {
      | ^^^^^^^^^^^^^^^^^^^^^^^^^^^^^^^^^^^^^^^^^^^^^^^^^^^^^^^^^^^^^^^^^^^^
> 168 |       loadingMore.current = false;
      | ^^^^^^^^^^^^^^^^^^^^^^^^^^^^^^^^^^^^^^^^^^^^^^^^^^^^^^^^^^^^^^^^^^^^
> 169 |     }
      | ^^^^^^ (BuildHIR::lowerStatement) Handle TryStatement with a finalizer ('finally') clause
  170 |   }, [hasMore, rows.length]);
  171 |
  172 |   /*
    at new HIRBuilder (C:\Users\DboxAdmin\skill_projects\expense-tracker\node_modules\babel-plugin-react-compiler\dist\index.js:76126:19)
    at lower (C:\Users\DboxAdmin\skill_projects\expense-tracker\node_modules\babel-plugin-react-compiler\dist\index.js:78097:19)
    at runWithEnvironment (C:\Users\DboxAdmin\skill_projects\expense-tracker\node_modules\babel-plugin-react-compiler\dist\index.js:106368:15)
    at run (C:\Users\DboxAdmin\skill_projects\expense-tracker\node_modules\babel-plugin-react-compiler\dist\index.js:106361:10)
    at compileFn (C:\Users\DboxAdmin\skill_projects\expense-tracker\node_modules\babel-plugin-react-compiler\dist\index.js:106689:10)
    at tryCompileFunction (C:\Users\DboxAdmin\skill_projects\expense-tracker\node_modules\babel-plugin-react-compiler\dist\index.js:107289:19)
    at processFn (C:\Users\DboxAdmin\skill_projects\expense-tracker\node_modules\babel-plugin-react-compiler\dist\index.js:107226:25)
    at compileProgram (C:\Users\DboxAdmin\skill_projects\expense-tracker\node_modules\babel-plugin-react-compiler\dist\index.js:107107:22)
    at PluginPass.enter (C:\Users\DboxAdmin\skill_projects\expense-tracker\node_modules\babel-plugin-react-compiler\dist\index.js:108443:28)
    at newFn (C:\Users\DboxAdmin\skill_projects\expense-tracker\node_modules\@babel\traverse\lib\visitors.js:168:14)
    at NodePath._call (C:\Users\DboxAdmin\skill_projects\expense-tracker\node_modules\@babel\traverse\lib\path\context.js:50:20)
    at NodePath.call (C:\Users\DboxAdmin\skill_projects\expense-tracker\node_modules\@babel\traverse\lib\path\context.js:40:18)
    at NodePath.visit (C:\Users\DboxAdmin\skill_projects\expense-tracker\node_modules\@babel\traverse\lib\path\context.js:87:31)
    at TraversalContext.visitQueue (C:\Users\DboxAdmin\skill_projects\expense-tracker\node_modules\@babel\traverse\lib\context.js:96:16)
    at TraversalContext.visitSingle (C:\Users\DboxAdmin\skill_projects\expense-tracker\node_modules\@babel\traverse\lib\context.js:72:19)
    at TraversalContext.visit (C:\Users\DboxAdmin\skill_projects\expense-tracker\node_modules\@babel\traverse\lib\context.js:119:19)
    at traverseNode (C:\Users\DboxAdmin\skill_projects\expense-tracker\node_modules\@babel\traverse\lib\traverse-node.js:130:17)
    at traverse (C:\Users\DboxAdmin\skill_projects\expense-tracker\node_modules\@babel\traverse\lib\index.js:53:34)
    at transformFile (C:\Users\DboxAdmin\skill_projects\expense-tracker\node_modules\@babel\core\lib\transformation\index.js:79:29)
    at transformFile.next (<anonymous>)
    at run (C:\Users\DboxAdmin\skill_projects\expense-tracker\node_modules\@babel\core\lib\transformation\index.js:25:12)
    at run.next (<anonymous>)
    at transform (C:\Users\DboxAdmin\skill_projects\expense-tracker\node_modules\@babel\core\lib\transform.js:22:33)
    at transform.next (<anonymous>)
    at evaluateSync (C:\Users\DboxAdmin\skill_projects\expense-tracker\node_modules\gensync\index.js:251:28)
    at sync (C:\Users\DboxAdmin\skill_projects\expense-tracker\node_modules\gensync\index.js:89:14)
    at stopHiding - secret - don't use this - v1 (C:\Users\DboxAdmin\skill_projects\expense-tracker\node_modules\@babel\core\lib\errors\rewrite-stack-trace.js:47:12)
    at Object.transformSync (C:\Users\DboxAdmin\skill_projects\expense-tracker\node_modules\@babel\core\lib\transform.js:40:76)
    at parseWithBabel (C:\Users\DboxAdmin\skill_projects\expense-tracker\node_modules\@expo\metro-config\build\transformSync.js:75:18)
    at transformSync (C:\Users\DboxAdmin\skill_projects\expense-tracker\node_modules\@expo\metro-config\build\transformSync.js:54:16)
    at Object.transform (C:\Users\DboxAdmin\skill_projects\expense-tracker\node_modules\@expo\metro-config\build\babel-transformer.js:146:58)
    at transformJSWithBabel (C:\Users\DboxAdmin\skill_projects\expense-tracker\node_modules\@expo\metro-config\build\transform-worker\metro-transform-worker.js:495:47)
    at Object.transform (C:\Users\DboxAdmin\skill_projects\expense-tracker\node_modules\@expo\metro-config\build\transform-worker\metro-transform-worker.js:614:12)
    at Object.transform (C:\Users\DboxAdmin\skill_projects\expense-tracker\node_modules\@expo\metro-config\build\transform-worker\transform-worker.js:179:19)
    at transformFile (C:\Users\DboxAdmin\skill_projects\expense-tracker\node_modules\metro\src\DeltaBundler\Worker.flow.js:67:36)
    at Object.transform (C:\Users\DboxAdmin\skill_projects\expense-tracker\node_modules\metro\src\DeltaBundler\Worker.flow.js:42:10)
    at execFunction (C:\Users\DboxAdmin\skill_projects\expense-tracker\node_modules\jest-worker\build\workers\threadChild.js:167:17)
    at execHelper (C:\Users\DboxAdmin\skill_projects\expense-tracker\node_modules\jest-worker\build\workers\threadChild.js:155:5)
    at execMethod (C:\Users\DboxAdmin\skill_projects\expense-tracker\node_modules\jest-worker\build\workers\threadChild.js:158:5)
    at MessagePort.messageListener (C:\Users\DboxAdmin\skill_projects\expense-tracker\node_modules\jest-worker\build\workers\threadChild.js:52:7)
    at [nodejs.internal.kHybridDispatch] (node:internal/event_target:848:20)
 ERROR  ReactCompilerError: Found 2 errors:

Todo: (BuildHIR::lowerStatement) Handle TryStatement with a finalizer ('finally') clause

  110 |     loadingMore.current = true;
  111 |
> 112 |     try {
      |     ^^^^^
> 113 |       const repository = new ExpenseRepository(await getDatabase());
      | ^^^^^^^^^^^^^^^^^^^^^^^^^^^^^^^^^^^^^^^^^^^^^^^^^^^^^^^^^^^^^^^^^^^^
> 114 |       const page = await repository.listRecent({ limit: EXPENSE_PAGE_SIZE, offset: 0 });
      | ^^^^^^^^^^^^^^^^^^^^^^^^^^^^^^^^^^^^^^^^^^^^^^^^^^^^^^^^^^^^^^^^^^^^
> 115 |
      | ^^^^^^^^^^^^^^^^^^^^^^^^^^^^^^^^^^^^^^^^^^^^^^^^^^^^^^^^^^^^^^^^^^^^
> 116 |       setRows(page.expenses);
      | ^^^^^^^^^^^^^^^^^^^^^^^^^^^^^^^^^^^^^^^^^^^^^^^^^^^^^^^^^^^^^^^^^^^^
> 117 |       setHasMore(page.hasMore);
      | ^^^^^^^^^^^^^^^^^^^^^^^^^^^^^^^^^^^^^^^^^^^^^^^^^^^^^^^^^^^^^^^^^^^^
> 118 |       setStatus('ready');
      | ^^^^^^^^^^^^^^^^^^^^^^^^^^^^^^^^^^^^^^^^^^^^^^^^^^^^^^^^^^^^^^^^^^^^
> 119 |     } catch (error) {
      | ^^^^^^^^^^^^^^^^^^^^^^^^^^^^^^^^^^^^^^^^^^^^^^^^^^^^^^^^^^^^^^^^^^^^
> 120 |       // Rows already on screen are left alone; only a first load with nothing to
      | ^^^^^^^^^^^^^^^^^^^^^^^^^^^^^^^^^^^^^^^^^^^^^^^^^^^^^^^^^^^^^^^^^^^^
> 121 |       // show replaces them with an error.
      | ^^^^^^^^^^^^^^^^^^^^^^^^^^^^^^^^^^^^^^^^^^^^^^^^^^^^^^^^^^^^^^^^^^^^
> 122 |       console.warn('[expenses] could not load the first page', error);
      | ^^^^^^^^^^^^^^^^^^^^^^^^^^^^^^^^^^^^^^^^^^^^^^^^^^^^^^^^^^^^^^^^^^^^
> 123 |
      | ^^^^^^^^^^^^^^^^^^^^^^^^^^^^^^^^^^^^^^^^^^^^^^^^^^^^^^^^^^^^^^^^^^^^
> 124 |       if (rows.length === 0) {
      | ^^^^^^^^^^^^^^^^^^^^^^^^^^^^^^^^^^^^^^^^^^^^^^^^^^^^^^^^^^^^^^^^^^^^
> 125 |         setStatus('error');
      | ^^^^^^^^^^^^^^^^^^^^^^^^^^^^^^^^^^^^^^^^^^^^^^^^^^^^^^^^^^^^^^^^^^^^
> 126 |       }
      | ^^^^^^^^^^^^^^^^^^^^^^^^^^^^^^^^^^^^^^^^^^^^^^^^^^^^^^^^^^^^^^^^^^^^
> 127 |     } finally {
      | ^^^^^^^^^^^^^^^^^^^^^^^^^^^^^^^^^^^^^^^^^^^^^^^^^^^^^^^^^^^^^^^^^^^^
> 128 |       loadingMore.current = false;
      | ^^^^^^^^^^^^^^^^^^^^^^^^^^^^^^^^^^^^^^^^^^^^^^^^^^^^^^^^^^^^^^^^^^^^
> 129 |     }
      | ^^^^^^ (BuildHIR::lowerStatement) Handle TryStatement with a finalizer ('finally') clause
  130 |   }, [rows.length]);
  131 |
  132 |   const loadNextPage = useCallback(async () => {

Todo: (BuildHIR::lowerStatement) Handle TryStatement with a finalizer ('finally') clause

  140 |     loadingMore.current = true;
  141 |
> 142 |     try {
      |     ^^^^^
> 143 |       const repository = new ExpenseRepository(await getDatabase());
      | ^^^^^^^^^^^^^^^^^^^^^^^^^^^^^^^^^^^^^^^^^^^^^^^^^^^^^^^^^^^^^^^^^^^^
> 144 |       const page = await repository.listRecent({
      | ^^^^^^^^^^^^^^^^^^^^^^^^^^^^^^^^^^^^^^^^^^^^^^^^^^^^^^^^^^^^^^^^^^^^
> 145 |         limit: EXPENSE_PAGE_SIZE,
      | ^^^^^^^^^^^^^^^^^^^^^^^^^^^^^^^^^^^^^^^^^^^^^^^^^^^^^^^^^^^^^^^^^^^^
> 146 |         // Read against the rows on screen, not against a separate counter that
      | ^^^^^^^^^^^^^^^^^^^^^^^^^^^^^^^^^^^^^^^^^^^^^^^^^^^^^^^^^^^^^^^^^^^^
> 147 |         // could drift from them.
      | ^^^^^^^^^^^^^^^^^^^^^^^^^^^^^^^^^^^^^^^^^^^^^^^^^^^^^^^^^^^^^^^^^^^^
> 148 |         offset: rows.length,
      | ^^^^^^^^^^^^^^^^^^^^^^^^^^^^^^^^^^^^^^^^^^^^^^^^^^^^^^^^^^^^^^^^^^^^
> 149 |       });
      | ^^^^^^^^^^^^^^^^^^^^^^^^^^^^^^^^^^^^^^^^^^^^^^^^^^^^^^^^^^^^^^^^^^^^
> 150 |
      | ^^^^^^^^^^^^^^^^^^^^^^^^^^^^^^^^^^^^^^^^^^^^^^^^^^^^^^^^^^^^^^^^^^^^
> 151 |       setHasMore(page.hasMore);
      | ^^^^^^^^^^^^^^^^^^^^^^^^^^^^^^^^^^^^^^^^^^^^^^^^^^^^^^^^^^^^^^^^^^^^
> 152 |
      | ^^^^^^^^^^^^^^^^^^^^^^^^^^^^^^^^^^^^^^^^^^^^^^^^^^^^^^^^^^^^^^^^^^^^
> 153 |       if (page.expenses.length > 0) {
      | ^^^^^^^^^^^^^^^^^^^^^^^^^^^^^^^^^^^^^^^^^^^^^^^^^^^^^^^^^^^^^^^^^^^^
> 154 |         // Append. These are the same row objects the query returned, so the
      | ^^^^^^^^^^^^^^^^^^^^^^^^^^^^^^^^^^^^^^^^^^^^^^^^^^^^^^^^^^^^^^^^^^^^
> 155 |         // rows already on screen keep their identity and do not re-render.
      | ^^^^^^^^^^^^^^^^^^^^^^^^^^^^^^^^^^^^^^^^^^^^^^^^^^^^^^^^^^^^^^^^^^^^
> 156 |         setRows((current) => [...current, ...page.expenses]);
      | ^^^^^^^^^^^^^^^^^^^^^^^^^^^^^^^^^^^^^^^^^^^^^^^^^^^^^^^^^^^^^^^^^^^^
> 157 |       }
      | ^^^^^^^^^^^^^^^^^^^^^^^^^^^^^^^^^^^^^^^^^^^^^^^^^^^^^^^^^^^^^^^^^^^^
> 158 |     } catch (error) {
      | ^^^^^^^^^^^^^^^^^^^^^^^^^^^^^^^^^^^^^^^^^^^^^^^^^^^^^^^^^^^^^^^^^^^^
> 159 |       /*
      | ^^^^^^^^^^^^^^^^^^^^^^^^^^^^^^^^^^^^^^^^^^^^^^^^^^^^^^^^^^^^^^^^^^^^
> 160 |         Stop paging rather than looping. A failure here leaves the offset where it
      | ^^^^^^^^^^^^^^^^^^^^^^^^^^^^^^^^^^^^^^^^^^^^^^^^^^^^^^^^^^^^^^^^^^^^
> 161 |         was, so the next scroll would ask for the same page again and keep
      | ^^^^^^^^^^^^^^^^^^^^^^^^^^^^^^^^^^^^^^^^^^^^^^^^^^^^^^^^^^^^^^^^^^^^
> 162 |         failing; clearing `hasMore` turns the footer into "End of history" and
      | ^^^^^^^^^^^^^^^^^^^^^^^^^^^^^^^^^^^^^^^^^^^^^^^^^^^^^^^^^^^^^^^^^^^^
> 163 |         leaves a working part of the list rather than an endless spinner.
      | ^^^^^^^^^^^^^^^^^^^^^^^^^^^^^^^^^^^^^^^^^^^^^^^^^^^^^^^^^^^^^^^^^^^^
> 164 |       */
      | ^^^^^^^^^^^^^^^^^^^^^^^^^^^^^^^^^^^^^^^^^^^^^^^^^^^^^^^^^^^^^^^^^^^^
> 165 |       console.warn('[expenses] could not load the next page', error);
      | ^^^^^^^^^^^^^^^^^^^^^^^^^^^^^^^^^^^^^^^^^^^^^^^^^^^^^^^^^^^^^^^^^^^^
> 166 |       setHasMore(false);
      | ^^^^^^^^^^^^^^^^^^^^^^^^^^^^^^^^^^^^^^^^^^^^^^^^^^^^^^^^^^^^^^^^^^^^
> 167 |     } finally {
      | ^^^^^^^^^^^^^^^^^^^^^^^^^^^^^^^^^^^^^^^^^^^^^^^^^^^^^^^^^^^^^^^^^^^^
> 168 |       loadingMore.current = false;
      | ^^^^^^^^^^^^^^^^^^^^^^^^^^^^^^^^^^^^^^^^^^^^^^^^^^^^^^^^^^^^^^^^^^^^
> 169 |     }
      | ^^^^^^ (BuildHIR::lowerStatement) Handle TryStatement with a finalizer ('finally') clause
  170 |   }, [hasMore, rows.length]);
  171 |
  172 |   /*
    at new HIRBuilder (C:\Users\DboxAdmin\skill_projects\expense-tracker\node_modules\babel-plugin-react-compiler\dist\index.js:76126:19)
    at lower (C:\Users\DboxAdmin\skill_projects\expense-tracker\node_modules\babel-plugin-react-compiler\dist\index.js:78097:19)
    at runWithEnvironment (C:\Users\DboxAdmin\skill_projects\expense-tracker\node_modules\babel-plugin-react-compiler\dist\index.js:106368:15)
    at run (C:\Users\DboxAdmin\skill_projects\expense-tracker\node_modules\babel-plugin-react-compiler\dist\index.js:106361:10)
    at compileFn (C:\Users\DboxAdmin\skill_projects\expense-tracker\node_modules\babel-plugin-react-compiler\dist\index.js:106689:10)
    at tryCompileFunction (C:\Users\DboxAdmin\skill_projects\expense-tracker\node_modules\babel-plugin-react-compiler\dist\index.js:107289:19)
    at processFn (C:\Users\DboxAdmin\skill_projects\expense-tracker\node_modules\babel-plugin-react-compiler\dist\index.js:107226:25)
    at compileProgram (C:\Users\DboxAdmin\skill_projects\expense-tracker\node_modules\babel-plugin-react-compiler\dist\index.js:107107:22)
    at PluginPass.enter (C:\Users\DboxAdmin\skill_projects\expense-tracker\node_modules\babel-plugin-react-compiler\dist\index.js:108443:28)
    at newFn (C:\Users\DboxAdmin\skill_projects\expense-tracker\node_modules\@babel\traverse\lib\visitors.js:168:14)
    at NodePath._call (C:\Users\DboxAdmin\skill_projects\expense-tracker\node_modules\@babel\traverse\lib\path\context.js:50:20)
    at NodePath.call (C:\Users\DboxAdmin\skill_projects\expense-tracker\node_modules\@babel\traverse\lib\path\context.js:40:18)
    at NodePath.visit (C:\Users\DboxAdmin\skill_projects\expense-tracker\node_modules\@babel\traverse\lib\path\context.js:87:31)
    at TraversalContext.visitQueue (C:\Users\DboxAdmin\skill_projects\expense-tracker\node_modules\@babel\traverse\lib\context.js:96:16)
    at TraversalContext.visitSingle (C:\Users\DboxAdmin\skill_projects\expense-tracker\node_modules\@babel\traverse\lib\context.js:72:19)
    at TraversalContext.visit (C:\Users\DboxAdmin\skill_projects\expense-tracker\node_modules\@babel\traverse\lib\context.js:119:19)
    at traverseNode (C:\Users\DboxAdmin\skill_projects\expense-tracker\node_modules\@babel\traverse\lib\traverse-node.js:130:17)
    at traverse (C:\Users\DboxAdmin\skill_projects\expense-tracker\node_modules\@babel\traverse\lib\index.js:53:34)
    at transformFile (C:\Users\DboxAdmin\skill_projects\expense-tracker\node_modules\@babel\core\lib\transformation\index.js:79:29)
    at transformFile.next (<anonymous>)
    at run (C:\Users\DboxAdmin\skill_projects\expense-tracker\node_modules\@babel\core\lib\transformation\index.js:25:12)
    at run.next (<anonymous>)
    at transform (C:\Users\DboxAdmin\skill_projects\expense-tracker\node_modules\@babel\core\lib\transform.js:22:33)
    at transform.next (<anonymous>)
    at evaluateSync (C:\Users\DboxAdmin\skill_projects\expense-tracker\node_modules\gensync\index.js:251:28)
    at sync (C:\Users\DboxAdmin\skill_projects\expense-tracker\node_modules\gensync\index.js:89:14)
    at stopHiding - secret - don't use this - v1 (C:\Users\DboxAdmin\skill_projects\expense-tracker\node_modules\@babel\core\lib\errors\rewrite-stack-trace.js:47:12)
    at Object.transformSync (C:\Users\DboxAdmin\skill_projects\expense-tracker\node_modules\@babel\core\lib\transform.js:40:76)
    at parseWithBabel (C:\Users\DboxAdmin\skill_projects\expense-tracker\node_modules\@expo\metro-config\build\transformSync.js:75:18)
    at transformSync (C:\Users\DboxAdmin\skill_projects\expense-tracker\node_modules\@expo\metro-config\build\transformSync.js:54:16)
    at Object.transform (C:\Users\DboxAdmin\skill_projects\expense-tracker\node_modules\@expo\metro-config\build\babel-transformer.js:146:58)
    at transformJSWithBabel (C:\Users\DboxAdmin\skill_projects\expense-tracker\node_modules\@expo\metro-config\build\transform-worker\metro-transform-worker.js:495:47)
    at Object.transform (C:\Users\DboxAdmin\skill_projects\expense-tracker\node_modules\@expo\metro-config\build\transform-worker\metro-transform-worker.js:614:12)
    at Object.transform (C:\Users\DboxAdmin\skill_projects\expense-tracker\node_modules\@expo\metro-config\build\transform-worker\transform-worker.js:179:19)
    at transformFile (C:\Users\DboxAdmin\skill_projects\expense-tracker\node_modules\metro\src\DeltaBundler\Worker.flow.js:67:36)
    at Object.transform (C:\Users\DboxAdmin\skill_projects\expense-tracker\node_modules\metro\src\DeltaBundler\Worker.flow.js:42:10)
    at execFunction (C:\Users\DboxAdmin\skill_projects\expense-tracker\node_modules\jest-worker\build\workers\threadChild.js:167:17)
    at execHelper (C:\Users\DboxAdmin\skill_projects\expense-tracker\node_modules\jest-worker\build\workers\threadChild.js:155:5)
    at execMethod (C:\Users\DboxAdmin\skill_projects\expense-tracker\node_modules\jest-worker\build\workers\threadChild.js:158:5)
    at MessagePort.messageListener (C:\Users\DboxAdmin\skill_projects\expense-tracker\node_modules\jest-worker\build\workers\threadChild.js:52:7)
    at [nodejs.internal.kHybridDispatch] (node:internal/event_target:848:20)
 ERROR  ReactCompilerError: Found 2 errors:

Todo: (BuildHIR::lowerStatement) Handle TryStatement with a finalizer ('finally') clause

  110 |     loadingMore.current = true;
  111 |
> 112 |     try {
      |     ^^^^^
> 113 |       const repository = new ExpenseRepository(await getDatabase());
      | ^^^^^^^^^^^^^^^^^^^^^^^^^^^^^^^^^^^^^^^^^^^^^^^^^^^^^^^^^^^^^^^^^^^^
> 114 |       const page = await repository.listRecent({ limit: EXPENSE_PAGE_SIZE, offset: 0 });
      | ^^^^^^^^^^^^^^^^^^^^^^^^^^^^^^^^^^^^^^^^^^^^^^^^^^^^^^^^^^^^^^^^^^^^
> 115 |
      | ^^^^^^^^^^^^^^^^^^^^^^^^^^^^^^^^^^^^^^^^^^^^^^^^^^^^^^^^^^^^^^^^^^^^
> 116 |       setRows(page.expenses);
      | ^^^^^^^^^^^^^^^^^^^^^^^^^^^^^^^^^^^^^^^^^^^^^^^^^^^^^^^^^^^^^^^^^^^^
> 117 |       setHasMore(page.hasMore);
      | ^^^^^^^^^^^^^^^^^^^^^^^^^^^^^^^^^^^^^^^^^^^^^^^^^^^^^^^^^^^^^^^^^^^^
> 118 |       setStatus('ready');
      | ^^^^^^^^^^^^^^^^^^^^^^^^^^^^^^^^^^^^^^^^^^^^^^^^^^^^^^^^^^^^^^^^^^^^
> 119 |     } catch (error) {
      | ^^^^^^^^^^^^^^^^^^^^^^^^^^^^^^^^^^^^^^^^^^^^^^^^^^^^^^^^^^^^^^^^^^^^
> 120 |       // Rows already on screen are left alone; only a first load with nothing to
      | ^^^^^^^^^^^^^^^^^^^^^^^^^^^^^^^^^^^^^^^^^^^^^^^^^^^^^^^^^^^^^^^^^^^^
> 121 |       // show replaces them with an error.
      | ^^^^^^^^^^^^^^^^^^^^^^^^^^^^^^^^^^^^^^^^^^^^^^^^^^^^^^^^^^^^^^^^^^^^
> 122 |       console.warn('[expenses] could not load the first page', error);
      | ^^^^^^^^^^^^^^^^^^^^^^^^^^^^^^^^^^^^^^^^^^^^^^^^^^^^^^^^^^^^^^^^^^^^
> 123 |
      | ^^^^^^^^^^^^^^^^^^^^^^^^^^^^^^^^^^^^^^^^^^^^^^^^^^^^^^^^^^^^^^^^^^^^
> 124 |       if (rows.length === 0) {
      | ^^^^^^^^^^^^^^^^^^^^^^^^^^^^^^^^^^^^^^^^^^^^^^^^^^^^^^^^^^^^^^^^^^^^
> 125 |         setStatus('error');
      | ^^^^^^^^^^^^^^^^^^^^^^^^^^^^^^^^^^^^^^^^^^^^^^^^^^^^^^^^^^^^^^^^^^^^
> 126 |       }
      | ^^^^^^^^^^^^^^^^^^^^^^^^^^^^^^^^^^^^^^^^^^^^^^^^^^^^^^^^^^^^^^^^^^^^
> 127 |     } finally {
      | ^^^^^^^^^^^^^^^^^^^^^^^^^^^^^^^^^^^^^^^^^^^^^^^^^^^^^^^^^^^^^^^^^^^^
> 128 |       loadingMore.current = false;
      | ^^^^^^^^^^^^^^^^^^^^^^^^^^^^^^^^^^^^^^^^^^^^^^^^^^^^^^^^^^^^^^^^^^^^
> 129 |     }
      | ^^^^^^ (BuildHIR::lowerStatement) Handle TryStatement with a finalizer ('finally') clause
  130 |   }, [rows.length]);
  131 |
  132 |   const loadNextPage = useCallback(async () => {

Todo: (BuildHIR::lowerStatement) Handle TryStatement with a finalizer ('finally') clause

  140 |     loadingMore.current = true;
  141 |
> 142 |     try {
      |     ^^^^^
> 143 |       const repository = new ExpenseRepository(await getDatabase());
      | ^^^^^^^^^^^^^^^^^^^^^^^^^^^^^^^^^^^^^^^^^^^^^^^^^^^^^^^^^^^^^^^^^^^^
> 144 |       const page = await repository.listRecent({
      | ^^^^^^^^^^^^^^^^^^^^^^^^^^^^^^^^^^^^^^^^^^^^^^^^^^^^^^^^^^^^^^^^^^^^
> 145 |         limit: EXPENSE_PAGE_SIZE,
      | ^^^^^^^^^^^^^^^^^^^^^^^^^^^^^^^^^^^^^^^^^^^^^^^^^^^^^^^^^^^^^^^^^^^^
> 146 |         // Read against the rows on screen, not against a separate counter that
      | ^^^^^^^^^^^^^^^^^^^^^^^^^^^^^^^^^^^^^^^^^^^^^^^^^^^^^^^^^^^^^^^^^^^^
> 147 |         // could drift from them.
      | ^^^^^^^^^^^^^^^^^^^^^^^^^^^^^^^^^^^^^^^^^^^^^^^^^^^^^^^^^^^^^^^^^^^^
> 148 |         offset: rows.length,
      | ^^^^^^^^^^^^^^^^^^^^^^^^^^^^^^^^^^^^^^^^^^^^^^^^^^^^^^^^^^^^^^^^^^^^
> 149 |       });
      | ^^^^^^^^^^^^^^^^^^^^^^^^^^^^^^^^^^^^^^^^^^^^^^^^^^^^^^^^^^^^^^^^^^^^
> 150 |
      | ^^^^^^^^^^^^^^^^^^^^^^^^^^^^^^^^^^^^^^^^^^^^^^^^^^^^^^^^^^^^^^^^^^^^
> 151 |       setHasMore(page.hasMore);
      | ^^^^^^^^^^^^^^^^^^^^^^^^^^^^^^^^^^^^^^^^^^^^^^^^^^^^^^^^^^^^^^^^^^^^
> 152 |
      | ^^^^^^^^^^^^^^^^^^^^^^^^^^^^^^^^^^^^^^^^^^^^^^^^^^^^^^^^^^^^^^^^^^^^
> 153 |       if (page.expenses.length > 0) {
      | ^^^^^^^^^^^^^^^^^^^^^^^^^^^^^^^^^^^^^^^^^^^^^^^^^^^^^^^^^^^^^^^^^^^^
> 154 |         // Append. These are the same row objects the query returned, so the
      | ^^^^^^^^^^^^^^^^^^^^^^^^^^^^^^^^^^^^^^^^^^^^^^^^^^^^^^^^^^^^^^^^^^^^
> 155 |         // rows already on screen keep their identity and do not re-render.
      | ^^^^^^^^^^^^^^^^^^^^^^^^^^^^^^^^^^^^^^^^^^^^^^^^^^^^^^^^^^^^^^^^^^^^
> 156 |         setRows((current) => [...current, ...page.expenses]);
      | ^^^^^^^^^^^^^^^^^^^^^^^^^^^^^^^^^^^^^^^^^^^^^^^^^^^^^^^^^^^^^^^^^^^^
> 157 |       }
      | ^^^^^^^^^^^^^^^^^^^^^^^^^^^^^^^^^^^^^^^^^^^^^^^^^^^^^^^^^^^^^^^^^^^^
> 158 |     } catch (error) {
      | ^^^^^^^^^^^^^^^^^^^^^^^^^^^^^^^^^^^^^^^^^^^^^^^^^^^^^^^^^^^^^^^^^^^^
> 159 |       /*
      | ^^^^^^^^^^^^^^^^^^^^^^^^^^^^^^^^^^^^^^^^^^^^^^^^^^^^^^^^^^^^^^^^^^^^
> 160 |         Stop paging rather than looping. A failure here leaves the offset where it
      | ^^^^^^^^^^^^^^^^^^^^^^^^^^^^^^^^^^^^^^^^^^^^^^^^^^^^^^^^^^^^^^^^^^^^
> 161 |         was, so the next scroll would ask for the same page again and keep
      | ^^^^^^^^^^^^^^^^^^^^^^^^^^^^^^^^^^^^^^^^^^^^^^^^^^^^^^^^^^^^^^^^^^^^
> 162 |         failing; clearing `hasMore` turns the footer into "End of history" and
      | ^^^^^^^^^^^^^^^^^^^^^^^^^^^^^^^^^^^^^^^^^^^^^^^^^^^^^^^^^^^^^^^^^^^^
> 163 |         leaves a working part of the list rather than an endless spinner.
      | ^^^^^^^^^^^^^^^^^^^^^^^^^^^^^^^^^^^^^^^^^^^^^^^^^^^^^^^^^^^^^^^^^^^^
> 164 |       */
      | ^^^^^^^^^^^^^^^^^^^^^^^^^^^^^^^^^^^^^^^^^^^^^^^^^^^^^^^^^^^^^^^^^^^^
> 165 |       console.warn('[expenses] could not load the next page', error);
      | ^^^^^^^^^^^^^^^^^^^^^^^^^^^^^^^^^^^^^^^^^^^^^^^^^^^^^^^^^^^^^^^^^^^^
> 166 |       setHasMore(false);
      | ^^^^^^^^^^^^^^^^^^^^^^^^^^^^^^^^^^^^^^^^^^^^^^^^^^^^^^^^^^^^^^^^^^^^
> 167 |     } finally {
      | ^^^^^^^^^^^^^^^^^^^^^^^^^^^^^^^^^^^^^^^^^^^^^^^^^^^^^^^^^^^^^^^^^^^^
> 168 |       loadingMore.current = false;
      | ^^^^^^^^^^^^^^^^^^^^^^^^^^^^^^^^^^^^^^^^^^^^^^^^^^^^^^^^^^^^^^^^^^^^
> 169 |     }
      | ^^^^^^ (BuildHIR::lowerStatement) Handle TryStatement with a finalizer ('finally') clause
  170 |   }, [hasMore, rows.length]);
  171 |
  172 |   /*
    at new HIRBuilder (C:\Users\DboxAdmin\skill_projects\expense-tracker\node_modules\babel-plugin-react-compiler\dist\index.js:76126:19)
    at lower (C:\Users\DboxAdmin\skill_projects\expense-tracker\node_modules\babel-plugin-react-compiler\dist\index.js:78097:19)
    at runWithEnvironment (C:\Users\DboxAdmin\skill_projects\expense-tracker\node_modules\babel-plugin-react-compiler\dist\index.js:106368:15)
    at run (C:\Users\DboxAdmin\skill_projects\expense-tracker\node_modules\babel-plugin-react-compiler\dist\index.js:106361:10)
    at compileFn (C:\Users\DboxAdmin\skill_projects\expense-tracker\node_modules\babel-plugin-react-compiler\dist\index.js:106689:10)
    at tryCompileFunction (C:\Users\DboxAdmin\skill_projects\expense-tracker\node_modules\babel-plugin-react-compiler\dist\index.js:107289:19)
    at processFn (C:\Users\DboxAdmin\skill_projects\expense-tracker\node_modules\babel-plugin-react-compiler\dist\index.js:107226:25)
    at compileProgram (C:\Users\DboxAdmin\skill_projects\expense-tracker\node_modules\babel-plugin-react-compiler\dist\index.js:107107:22)
    at PluginPass.enter (C:\Users\DboxAdmin\skill_projects\expense-tracker\node_modules\babel-plugin-react-compiler\dist\index.js:108443:28)
    at newFn (C:\Users\DboxAdmin\skill_projects\expense-tracker\node_modules\@babel\traverse\lib\visitors.js:168:14)
    at NodePath._call (C:\Users\DboxAdmin\skill_projects\expense-tracker\node_modules\@babel\traverse\lib\path\context.js:50:20)
    at NodePath.call (C:\Users\DboxAdmin\skill_projects\expense-tracker\node_modules\@babel\traverse\lib\path\context.js:40:18)
    at NodePath.visit (C:\Users\DboxAdmin\skill_projects\expense-tracker\node_modules\@babel\traverse\lib\path\context.js:87:31)
    at TraversalContext.visitQueue (C:\Users\DboxAdmin\skill_projects\expense-tracker\node_modules\@babel\traverse\lib\context.js:96:16)
    at TraversalContext.visitSingle (C:\Users\DboxAdmin\skill_projects\expense-tracker\node_modules\@babel\traverse\lib\context.js:72:19)
    at TraversalContext.visit (C:\Users\DboxAdmin\skill_projects\expense-tracker\node_modules\@babel\traverse\lib\context.js:119:19)
    at traverseNode (C:\Users\DboxAdmin\skill_projects\expense-tracker\node_modules\@babel\traverse\lib\traverse-node.js:130:17)
    at traverse (C:\Users\DboxAdmin\skill_projects\expense-tracker\node_modules\@babel\traverse\lib\index.js:53:34)
    at transformFile (C:\Users\DboxAdmin\skill_projects\expense-tracker\node_modules\@babel\core\lib\transformation\index.js:79:29)
    at transformFile.next (<anonymous>)
    at run (C:\Users\DboxAdmin\skill_projects\expense-tracker\node_modules\@babel\core\lib\transformation\index.js:25:12)
    at run.next (<anonymous>)
    at transform (C:\Users\DboxAdmin\skill_projects\expense-tracker\node_modules\@babel\core\lib\transform.js:22:33)
    at transform.next (<anonymous>)
    at evaluateSync (C:\Users\DboxAdmin\skill_projects\expense-tracker\node_modules\gensync\index.js:251:28)
    at sync (C:\Users\DboxAdmin\skill_projects\expense-tracker\node_modules\gensync\index.js:89:14)
    at stopHiding - secret - don't use this - v1 (C:\Users\DboxAdmin\skill_projects\expense-tracker\node_modules\@babel\core\lib\errors\rewrite-stack-trace.js:47:12)
    at Object.transformSync (C:\Users\DboxAdmin\skill_projects\expense-tracker\node_modules\@babel\core\lib\transform.js:40:76)
    at parseWithBabel (C:\Users\DboxAdmin\skill_projects\expense-tracker\node_modules\@expo\metro-config\build\transformSync.js:75:18)
    at transformSync (C:\Users\DboxAdmin\skill_projects\expense-tracker\node_modules\@expo\metro-config\build\transformSync.js:54:16)
    at Object.transform (C:\Users\DboxAdmin\skill_projects\expense-tracker\node_modules\@expo\metro-config\build\babel-transformer.js:146:58)
    at transformJSWithBabel (C:\Users\DboxAdmin\skill_projects\expense-tracker\node_modules\@expo\metro-config\build\transform-worker\metro-transform-worker.js:495:47)
    at Object.transform (C:\Users\DboxAdmin\skill_projects\expense-tracker\node_modules\@expo\metro-config\build\transform-worker\metro-transform-worker.js:614:12)
    at Object.transform (C:\Users\DboxAdmin\skill_projects\expense-tracker\node_modules\@expo\metro-config\build\transform-worker\transform-worker.js:179:19)
    at transformFile (C:\Users\DboxAdmin\skill_projects\expense-tracker\node_modules\metro\src\DeltaBundler\Worker.flow.js:67:36)
    at Object.transform (C:\Users\DboxAdmin\skill_projects\expense-tracker\node_modules\metro\src\DeltaBundler\Worker.flow.js:42:10)
    at execFunction (C:\Users\DboxAdmin\skill_projects\expense-tracker\node_modules\jest-worker\build\workers\threadChild.js:167:17)
    at execHelper (C:\Users\DboxAdmin\skill_projects\expense-tracker\node_modules\jest-worker\build\workers\threadChild.js:155:5)
    at execMethod (C:\Users\DboxAdmin\skill_projects\expense-tracker\node_modules\jest-worker\build\workers\threadChild.js:158:5)
    at MessagePort.messageListener (C:\Users\DboxAdmin\skill_projects\expense-tracker\node_modules\jest-worker\build\workers\threadChild.js:52:7)
    at [nodejs.internal.kHybridDispatch] (node:internal/event_target:848:20)
 ERROR  ReactCompilerError: Found 2 errors:

Todo: (BuildHIR::lowerStatement) Handle TryStatement with a finalizer ('finally') clause

  110 |     loadingMore.current = true;
  111 |
> 112 |     try {
      |     ^^^^^
> 113 |       const repository = new ExpenseRepository(await getDatabase());
      | ^^^^^^^^^^^^^^^^^^^^^^^^^^^^^^^^^^^^^^^^^^^^^^^^^^^^^^^^^^^^^^^^^^^^
> 114 |       const page = await repository.listRecent({ limit: EXPENSE_PAGE_SIZE, offset: 0 });
      | ^^^^^^^^^^^^^^^^^^^^^^^^^^^^^^^^^^^^^^^^^^^^^^^^^^^^^^^^^^^^^^^^^^^^
> 115 |
      | ^^^^^^^^^^^^^^^^^^^^^^^^^^^^^^^^^^^^^^^^^^^^^^^^^^^^^^^^^^^^^^^^^^^^
> 116 |       setRows(page.expenses);
      | ^^^^^^^^^^^^^^^^^^^^^^^^^^^^^^^^^^^^^^^^^^^^^^^^^^^^^^^^^^^^^^^^^^^^
> 117 |       setHasMore(page.hasMore);
      | ^^^^^^^^^^^^^^^^^^^^^^^^^^^^^^^^^^^^^^^^^^^^^^^^^^^^^^^^^^^^^^^^^^^^
> 118 |       setStatus('ready');
      | ^^^^^^^^^^^^^^^^^^^^^^^^^^^^^^^^^^^^^^^^^^^^^^^^^^^^^^^^^^^^^^^^^^^^
> 119 |     } catch (error) {
      | ^^^^^^^^^^^^^^^^^^^^^^^^^^^^^^^^^^^^^^^^^^^^^^^^^^^^^^^^^^^^^^^^^^^^
> 120 |       // Rows already on screen are left alone; only a first load with nothing to
      | ^^^^^^^^^^^^^^^^^^^^^^^^^^^^^^^^^^^^^^^^^^^^^^^^^^^^^^^^^^^^^^^^^^^^
> 121 |       // show replaces them with an error.
      | ^^^^^^^^^^^^^^^^^^^^^^^^^^^^^^^^^^^^^^^^^^^^^^^^^^^^^^^^^^^^^^^^^^^^
> 122 |       console.warn('[expenses] could not load the first page', error);
      | ^^^^^^^^^^^^^^^^^^^^^^^^^^^^^^^^^^^^^^^^^^^^^^^^^^^^^^^^^^^^^^^^^^^^
> 123 |
      | ^^^^^^^^^^^^^^^^^^^^^^^^^^^^^^^^^^^^^^^^^^^^^^^^^^^^^^^^^^^^^^^^^^^^
> 124 |       if (rows.length === 0) {
      | ^^^^^^^^^^^^^^^^^^^^^^^^^^^^^^^^^^^^^^^^^^^^^^^^^^^^^^^^^^^^^^^^^^^^
> 125 |         setStatus('error');
      | ^^^^^^^^^^^^^^^^^^^^^^^^^^^^^^^^^^^^^^^^^^^^^^^^^^^^^^^^^^^^^^^^^^^^
> 126 |       }
      | ^^^^^^^^^^^^^^^^^^^^^^^^^^^^^^^^^^^^^^^^^^^^^^^^^^^^^^^^^^^^^^^^^^^^
> 127 |     } finally {
      | ^^^^^^^^^^^^^^^^^^^^^^^^^^^^^^^^^^^^^^^^^^^^^^^^^^^^^^^^^^^^^^^^^^^^
> 128 |       loadingMore.current = false;
      | ^^^^^^^^^^^^^^^^^^^^^^^^^^^^^^^^^^^^^^^^^^^^^^^^^^^^^^^^^^^^^^^^^^^^
> 129 |     }
      | ^^^^^^ (BuildHIR::lowerStatement) Handle TryStatement with a finalizer ('finally') clause
  130 |   }, [rows.length]);
  131 |
  132 |   const loadNextPage = useCallback(async () => {

Todo: (BuildHIR::lowerStatement) Handle TryStatement with a finalizer ('finally') clause

  140 |     loadingMore.current = true;
  141 |
> 142 |     try {
      |     ^^^^^
> 143 |       const repository = new ExpenseRepository(await getDatabase());
      | ^^^^^^^^^^^^^^^^^^^^^^^^^^^^^^^^^^^^^^^^^^^^^^^^^^^^^^^^^^^^^^^^^^^^
> 144 |       const page = await repository.listRecent({
      | ^^^^^^^^^^^^^^^^^^^^^^^^^^^^^^^^^^^^^^^^^^^^^^^^^^^^^^^^^^^^^^^^^^^^
> 145 |         limit: EXPENSE_PAGE_SIZE,
      | ^^^^^^^^^^^^^^^^^^^^^^^^^^^^^^^^^^^^^^^^^^^^^^^^^^^^^^^^^^^^^^^^^^^^
> 146 |         // Read against the rows on screen, not against a separate counter that
      | ^^^^^^^^^^^^^^^^^^^^^^^^^^^^^^^^^^^^^^^^^^^^^^^^^^^^^^^^^^^^^^^^^^^^
> 147 |         // could drift from them.
      | ^^^^^^^^^^^^^^^^^^^^^^^^^^^^^^^^^^^^^^^^^^^^^^^^^^^^^^^^^^^^^^^^^^^^
> 148 |         offset: rows.length,
      | ^^^^^^^^^^^^^^^^^^^^^^^^^^^^^^^^^^^^^^^^^^^^^^^^^^^^^^^^^^^^^^^^^^^^
> 149 |       });
      | ^^^^^^^^^^^^^^^^^^^^^^^^^^^^^^^^^^^^^^^^^^^^^^^^^^^^^^^^^^^^^^^^^^^^
> 150 |
      | ^^^^^^^^^^^^^^^^^^^^^^^^^^^^^^^^^^^^^^^^^^^^^^^^^^^^^^^^^^^^^^^^^^^^
> 151 |       setHasMore(page.hasMore);
      | ^^^^^^^^^^^^^^^^^^^^^^^^^^^^^^^^^^^^^^^^^^^^^^^^^^^^^^^^^^^^^^^^^^^^
> 152 |
      | ^^^^^^^^^^^^^^^^^^^^^^^^^^^^^^^^^^^^^^^^^^^^^^^^^^^^^^^^^^^^^^^^^^^^
> 153 |       if (page.expenses.length > 0) {
      | ^^^^^^^^^^^^^^^^^^^^^^^^^^^^^^^^^^^^^^^^^^^^^^^^^^^^^^^^^^^^^^^^^^^^
> 154 |         // Append. These are the same row objects the query returned, so the
      | ^^^^^^^^^^^^^^^^^^^^^^^^^^^^^^^^^^^^^^^^^^^^^^^^^^^^^^^^^^^^^^^^^^^^
> 155 |         // rows already on screen keep their identity and do not re-render.
      | ^^^^^^^^^^^^^^^^^^^^^^^^^^^^^^^^^^^^^^^^^^^^^^^^^^^^^^^^^^^^^^^^^^^^
> 156 |         setRows((current) => [...current, ...page.expenses]);
      | ^^^^^^^^^^^^^^^^^^^^^^^^^^^^^^^^^^^^^^^^^^^^^^^^^^^^^^^^^^^^^^^^^^^^
> 157 |       }
      | ^^^^^^^^^^^^^^^^^^^^^^^^^^^^^^^^^^^^^^^^^^^^^^^^^^^^^^^^^^^^^^^^^^^^
> 158 |     } catch (error) {
      | ^^^^^^^^^^^^^^^^^^^^^^^^^^^^^^^^^^^^^^^^^^^^^^^^^^^^^^^^^^^^^^^^^^^^
> 159 |       /*
      | ^^^^^^^^^^^^^^^^^^^^^^^^^^^^^^^^^^^^^^^^^^^^^^^^^^^^^^^^^^^^^^^^^^^^
> 160 |         Stop paging rather than looping. A failure here leaves the offset where it
      | ^^^^^^^^^^^^^^^^^^^^^^^^^^^^^^^^^^^^^^^^^^^^^^^^^^^^^^^^^^^^^^^^^^^^
> 161 |         was, so the next scroll would ask for the same page again and keep
      | ^^^^^^^^^^^^^^^^^^^^^^^^^^^^^^^^^^^^^^^^^^^^^^^^^^^^^^^^^^^^^^^^^^^^
> 162 |         failing; clearing `hasMore` turns the footer into "End of history" and
      | ^^^^^^^^^^^^^^^^^^^^^^^^^^^^^^^^^^^^^^^^^^^^^^^^^^^^^^^^^^^^^^^^^^^^
> 163 |         leaves a working part of the list rather than an endless spinner.
      | ^^^^^^^^^^^^^^^^^^^^^^^^^^^^^^^^^^^^^^^^^^^^^^^^^^^^^^^^^^^^^^^^^^^^
> 164 |       */
      | ^^^^^^^^^^^^^^^^^^^^^^^^^^^^^^^^^^^^^^^^^^^^^^^^^^^^^^^^^^^^^^^^^^^^
> 165 |       console.warn('[expenses] could not load the next page', error);
      | ^^^^^^^^^^^^^^^^^^^^^^^^^^^^^^^^^^^^^^^^^^^^^^^^^^^^^^^^^^^^^^^^^^^^
> 166 |       setHasMore(false);
      | ^^^^^^^^^^^^^^^^^^^^^^^^^^^^^^^^^^^^^^^^^^^^^^^^^^^^^^^^^^^^^^^^^^^^
> 167 |     } finally {
      | ^^^^^^^^^^^^^^^^^^^^^^^^^^^^^^^^^^^^^^^^^^^^^^^^^^^^^^^^^^^^^^^^^^^^
> 168 |       loadingMore.current = false;
      | ^^^^^^^^^^^^^^^^^^^^^^^^^^^^^^^^^^^^^^^^^^^^^^^^^^^^^^^^^^^^^^^^^^^^
> 169 |     }
      | ^^^^^^ (BuildHIR::lowerStatement) Handle TryStatement with a finalizer ('finally') clause
  170 |   }, [hasMore, rows.length]);
  171 |
  172 |   /*
    at new HIRBuilder (C:\Users\DboxAdmin\skill_projects\expense-tracker\node_modules\babel-plugin-react-compiler\dist\index.js:76126:19)
    at lower (C:\Users\DboxAdmin\skill_projects\expense-tracker\node_modules\babel-plugin-react-compiler\dist\index.js:78097:19)
    at runWithEnvironment (C:\Users\DboxAdmin\skill_projects\expense-tracker\node_modules\babel-plugin-react-compiler\dist\index.js:106368:15)
    at run (C:\Users\DboxAdmin\skill_projects\expense-tracker\node_modules\babel-plugin-react-compiler\dist\index.js:106361:10)
    at compileFn (C:\Users\DboxAdmin\skill_projects\expense-tracker\node_modules\babel-plugin-react-compiler\dist\index.js:106689:10)
    at tryCompileFunction (C:\Users\DboxAdmin\skill_projects\expense-tracker\node_modules\babel-plugin-react-compiler\dist\index.js:107289:19)
    at processFn (C:\Users\DboxAdmin\skill_projects\expense-tracker\node_modules\babel-plugin-react-compiler\dist\index.js:107226:25)
    at compileProgram (C:\Users\DboxAdmin\skill_projects\expense-tracker\node_modules\babel-plugin-react-compiler\dist\index.js:107107:22)
    at PluginPass.enter (C:\Users\DboxAdmin\skill_projects\expense-tracker\node_modules\babel-plugin-react-compiler\dist\index.js:108443:28)
    at newFn (C:\Users\DboxAdmin\skill_projects\expense-tracker\node_modules\@babel\traverse\lib\visitors.js:168:14)
    at NodePath._call (C:\Users\DboxAdmin\skill_projects\expense-tracker\node_modules\@babel\traverse\lib\path\context.js:50:20)
    at NodePath.call (C:\Users\DboxAdmin\skill_projects\expense-tracker\node_modules\@babel\traverse\lib\path\context.js:40:18)
    at NodePath.visit (C:\Users\DboxAdmin\skill_projects\expense-tracker\node_modules\@babel\traverse\lib\path\context.js:87:31)
    at TraversalContext.visitQueue (C:\Users\DboxAdmin\skill_projects\expense-tracker\node_modules\@babel\traverse\lib\context.js:96:16)
    at TraversalContext.visitSingle (C:\Users\DboxAdmin\skill_projects\expense-tracker\node_modules\@babel\traverse\lib\context.js:72:19)
    at TraversalContext.visit (C:\Users\DboxAdmin\skill_projects\expense-tracker\node_modules\@babel\traverse\lib\context.js:119:19)
    at traverseNode (C:\Users\DboxAdmin\skill_projects\expense-tracker\node_modules\@babel\traverse\lib\traverse-node.js:130:17)
    at traverse (C:\Users\DboxAdmin\skill_projects\expense-tracker\node_modules\@babel\traverse\lib\index.js:53:34)
    at transformFile (C:\Users\DboxAdmin\skill_projects\expense-tracker\node_modules\@babel\core\lib\transformation\index.js:79:29)
    at transformFile.next (<anonymous>)
    at run (C:\Users\DboxAdmin\skill_projects\expense-tracker\node_modules\@babel\core\lib\transformation\index.js:25:12)
    at run.next (<anonymous>)
    at transform (C:\Users\DboxAdmin\skill_projects\expense-tracker\node_modules\@babel\core\lib\transform.js:22:33)
    at transform.next (<anonymous>)
    at evaluateSync (C:\Users\DboxAdmin\skill_projects\expense-tracker\node_modules\gensync\index.js:251:28)
    at sync (C:\Users\DboxAdmin\skill_projects\expense-tracker\node_modules\gensync\index.js:89:14)
    at stopHiding - secret - don't use this - v1 (C:\Users\DboxAdmin\skill_projects\expense-tracker\node_modules\@babel\core\lib\errors\rewrite-stack-trace.js:47:12)
    at Object.transformSync (C:\Users\DboxAdmin\skill_projects\expense-tracker\node_modules\@babel\core\lib\transform.js:40:76)
    at parseWithBabel (C:\Users\DboxAdmin\skill_projects\expense-tracker\node_modules\@expo\metro-config\build\transformSync.js:75:18)
    at transformSync (C:\Users\DboxAdmin\skill_projects\expense-tracker\node_modules\@expo\metro-config\build\transformSync.js:54:16)
    at Object.transform (C:\Users\DboxAdmin\skill_projects\expense-tracker\node_modules\@expo\metro-config\build\babel-transformer.js:146:58)
    at transformJSWithBabel (C:\Users\DboxAdmin\skill_projects\expense-tracker\node_modules\@expo\metro-config\build\transform-worker\metro-transform-worker.js:495:47)
    at Object.transform (C:\Users\DboxAdmin\skill_projects\expense-tracker\node_modules\@expo\metro-config\build\transform-worker\metro-transform-worker.js:614:12)
    at Object.transform (C:\Users\DboxAdmin\skill_projects\expense-tracker\node_modules\@expo\metro-config\build\transform-worker\transform-worker.js:179:19)
    at transformFile (C:\Users\DboxAdmin\skill_projects\expense-tracker\node_modules\metro\src\DeltaBundler\Worker.flow.js:67:36)
    at Object.transform (C:\Users\DboxAdmin\skill_projects\expense-tracker\node_modules\metro\src\DeltaBundler\Worker.flow.js:42:10)
    at execFunction (C:\Users\DboxAdmin\skill_projects\expense-tracker\node_modules\jest-worker\build\workers\threadChild.js:167:17)
    at execHelper (C:\Users\DboxAdmin\skill_projects\expense-tracker\node_modules\jest-worker\build\workers\threadChild.js:155:5)
    at execMethod (C:\Users\DboxAdmin\skill_projects\expense-tracker\node_modules\jest-worker\build\workers\threadChild.js:158:5)
    at MessagePort.messageListener (C:\Users\DboxAdmin\skill_projects\expense-tracker\node_modules\jest-worker\build\workers\threadChild.js:52:7)
    at [nodejs.internal.kHybridDispatch] (node:internal/event_target:848:20)
 ERROR  ReactCompilerError: Found 2 errors:

Todo: (BuildHIR::lowerStatement) Handle TryStatement with a finalizer ('finally') clause

  110 |     loadingMore.current = true;
  111 |
> 112 |     try {
      |     ^^^^^
> 113 |       const repository = new ExpenseRepository(await getDatabase());
      | ^^^^^^^^^^^^^^^^^^^^^^^^^^^^^^^^^^^^^^^^^^^^^^^^^^^^^^^^^^^^^^^^^^^^
> 114 |       const page = await repository.listRecent({ limit: EXPENSE_PAGE_SIZE, offset: 0 });
      | ^^^^^^^^^^^^^^^^^^^^^^^^^^^^^^^^^^^^^^^^^^^^^^^^^^^^^^^^^^^^^^^^^^^^
> 115 |
      | ^^^^^^^^^^^^^^^^^^^^^^^^^^^^^^^^^^^^^^^^^^^^^^^^^^^^^^^^^^^^^^^^^^^^
> 116 |       setRows(page.expenses);
      | ^^^^^^^^^^^^^^^^^^^^^^^^^^^^^^^^^^^^^^^^^^^^^^^^^^^^^^^^^^^^^^^^^^^^
> 117 |       setHasMore(page.hasMore);
      | ^^^^^^^^^^^^^^^^^^^^^^^^^^^^^^^^^^^^^^^^^^^^^^^^^^^^^^^^^^^^^^^^^^^^
> 118 |       setStatus('ready');
      | ^^^^^^^^^^^^^^^^^^^^^^^^^^^^^^^^^^^^^^^^^^^^^^^^^^^^^^^^^^^^^^^^^^^^
> 119 |     } catch (error) {
      | ^^^^^^^^^^^^^^^^^^^^^^^^^^^^^^^^^^^^^^^^^^^^^^^^^^^^^^^^^^^^^^^^^^^^
> 120 |       // Rows already on screen are left alone; only a first load with nothing to
      | ^^^^^^^^^^^^^^^^^^^^^^^^^^^^^^^^^^^^^^^^^^^^^^^^^^^^^^^^^^^^^^^^^^^^
> 121 |       // show replaces them with an error.
      | ^^^^^^^^^^^^^^^^^^^^^^^^^^^^^^^^^^^^^^^^^^^^^^^^^^^^^^^^^^^^^^^^^^^^
> 122 |       console.warn('[expenses] could not load the first page', error);
      | ^^^^^^^^^^^^^^^^^^^^^^^^^^^^^^^^^^^^^^^^^^^^^^^^^^^^^^^^^^^^^^^^^^^^
> 123 |
      | ^^^^^^^^^^^^^^^^^^^^^^^^^^^^^^^^^^^^^^^^^^^^^^^^^^^^^^^^^^^^^^^^^^^^
> 124 |       if (rows.length === 0) {
      | ^^^^^^^^^^^^^^^^^^^^^^^^^^^^^^^^^^^^^^^^^^^^^^^^^^^^^^^^^^^^^^^^^^^^
> 125 |         setStatus('error');
      | ^^^^^^^^^^^^^^^^^^^^^^^^^^^^^^^^^^^^^^^^^^^^^^^^^^^^^^^^^^^^^^^^^^^^
> 126 |       }
      | ^^^^^^^^^^^^^^^^^^^^^^^^^^^^^^^^^^^^^^^^^^^^^^^^^^^^^^^^^^^^^^^^^^^^
> 127 |     } finally {
      | ^^^^^^^^^^^^^^^^^^^^^^^^^^^^^^^^^^^^^^^^^^^^^^^^^^^^^^^^^^^^^^^^^^^^
> 128 |       loadingMore.current = false;
      | ^^^^^^^^^^^^^^^^^^^^^^^^^^^^^^^^^^^^^^^^^^^^^^^^^^^^^^^^^^^^^^^^^^^^
> 129 |     }
      | ^^^^^^ (BuildHIR::lowerStatement) Handle TryStatement with a finalizer ('finally') clause
  130 |   }, [rows.length]);
  131 |
  132 |   const loadNextPage = useCallback(async () => {

Todo: (BuildHIR::lowerStatement) Handle TryStatement with a finalizer ('finally') clause

  140 |     loadingMore.current = true;
  141 |
> 142 |     try {
      |     ^^^^^
> 143 |       const repository = new ExpenseRepository(await getDatabase());
      | ^^^^^^^^^^^^^^^^^^^^^^^^^^^^^^^^^^^^^^^^^^^^^^^^^^^^^^^^^^^^^^^^^^^^
> 144 |       const page = await repository.listRecent({
      | ^^^^^^^^^^^^^^^^^^^^^^^^^^^^^^^^^^^^^^^^^^^^^^^^^^^^^^^^^^^^^^^^^^^^
> 145 |         limit: EXPENSE_PAGE_SIZE,
      | ^^^^^^^^^^^^^^^^^^^^^^^^^^^^^^^^^^^^^^^^^^^^^^^^^^^^^^^^^^^^^^^^^^^^
> 146 |         // Read against the rows on screen, not against a separate counter that
      | ^^^^^^^^^^^^^^^^^^^^^^^^^^^^^^^^^^^^^^^^^^^^^^^^^^^^^^^^^^^^^^^^^^^^
> 147 |         // could drift from them.
      | ^^^^^^^^^^^^^^^^^^^^^^^^^^^^^^^^^^^^^^^^^^^^^^^^^^^^^^^^^^^^^^^^^^^^
> 148 |         offset: rows.length,
      | ^^^^^^^^^^^^^^^^^^^^^^^^^^^^^^^^^^^^^^^^^^^^^^^^^^^^^^^^^^^^^^^^^^^^
> 149 |       });
      | ^^^^^^^^^^^^^^^^^^^^^^^^^^^^^^^^^^^^^^^^^^^^^^^^^^^^^^^^^^^^^^^^^^^^
> 150 |
      | ^^^^^^^^^^^^^^^^^^^^^^^^^^^^^^^^^^^^^^^^^^^^^^^^^^^^^^^^^^^^^^^^^^^^
> 151 |       setHasMore(page.hasMore);
      | ^^^^^^^^^^^^^^^^^^^^^^^^^^^^^^^^^^^^^^^^^^^^^^^^^^^^^^^^^^^^^^^^^^^^
> 152 |
      | ^^^^^^^^^^^^^^^^^^^^^^^^^^^^^^^^^^^^^^^^^^^^^^^^^^^^^^^^^^^^^^^^^^^^
> 153 |       if (page.expenses.length > 0) {
      | ^^^^^^^^^^^^^^^^^^^^^^^^^^^^^^^^^^^^^^^^^^^^^^^^^^^^^^^^^^^^^^^^^^^^
> 154 |         // Append. These are the same row objects the query returned, so the
      | ^^^^^^^^^^^^^^^^^^^^^^^^^^^^^^^^^^^^^^^^^^^^^^^^^^^^^^^^^^^^^^^^^^^^
> 155 |         // rows already on screen keep their identity and do not re-render.
      | ^^^^^^^^^^^^^^^^^^^^^^^^^^^^^^^^^^^^^^^^^^^^^^^^^^^^^^^^^^^^^^^^^^^^
> 156 |         setRows((current) => [...current, ...page.expenses]);
      | ^^^^^^^^^^^^^^^^^^^^^^^^^^^^^^^^^^^^^^^^^^^^^^^^^^^^^^^^^^^^^^^^^^^^
> 157 |       }
      | ^^^^^^^^^^^^^^^^^^^^^^^^^^^^^^^^^^^^^^^^^^^^^^^^^^^^^^^^^^^^^^^^^^^^
> 158 |     } catch (error) {
      | ^^^^^^^^^^^^^^^^^^^^^^^^^^^^^^^^^^^^^^^^^^^^^^^^^^^^^^^^^^^^^^^^^^^^
> 159 |       /*
      | ^^^^^^^^^^^^^^^^^^^^^^^^^^^^^^^^^^^^^^^^^^^^^^^^^^^^^^^^^^^^^^^^^^^^
> 160 |         Stop paging rather than looping. A failure here leaves the offset where it
      | ^^^^^^^^^^^^^^^^^^^^^^^^^^^^^^^^^^^^^^^^^^^^^^^^^^^^^^^^^^^^^^^^^^^^
> 161 |         was, so the next scroll would ask for the same page again and keep
      | ^^^^^^^^^^^^^^^^^^^^^^^^^^^^^^^^^^^^^^^^^^^^^^^^^^^^^^^^^^^^^^^^^^^^
> 162 |         failing; clearing `hasMore` turns the footer into "End of history" and
      | ^^^^^^^^^^^^^^^^^^^^^^^^^^^^^^^^^^^^^^^^^^^^^^^^^^^^^^^^^^^^^^^^^^^^
> 163 |         leaves a working part of the list rather than an endless spinner.
      | ^^^^^^^^^^^^^^^^^^^^^^^^^^^^^^^^^^^^^^^^^^^^^^^^^^^^^^^^^^^^^^^^^^^^
> 164 |       */
      | ^^^^^^^^^^^^^^^^^^^^^^^^^^^^^^^^^^^^^^^^^^^^^^^^^^^^^^^^^^^^^^^^^^^^
> 165 |       console.warn('[expenses] could not load the next page', error);
      | ^^^^^^^^^^^^^^^^^^^^^^^^^^^^^^^^^^^^^^^^^^^^^^^^^^^^^^^^^^^^^^^^^^^^
> 166 |       setHasMore(false);
      | ^^^^^^^^^^^^^^^^^^^^^^^^^^^^^^^^^^^^^^^^^^^^^^^^^^^^^^^^^^^^^^^^^^^^
> 167 |     } finally {
      | ^^^^^^^^^^^^^^^^^^^^^^^^^^^^^^^^^^^^^^^^^^^^^^^^^^^^^^^^^^^^^^^^^^^^
> 168 |       loadingMore.current = false;
      | ^^^^^^^^^^^^^^^^^^^^^^^^^^^^^^^^^^^^^^^^^^^^^^^^^^^^^^^^^^^^^^^^^^^^
> 169 |     }
      | ^^^^^^ (BuildHIR::lowerStatement) Handle TryStatement with a finalizer ('finally') clause
  170 |   }, [hasMore, rows.length]);
  171 |
  172 |   /*
    at new HIRBuilder (C:\Users\DboxAdmin\skill_projects\expense-tracker\node_modules\babel-plugin-react-compiler\dist\index.js:76126:19)
    at lower (C:\Users\DboxAdmin\skill_projects\expense-tracker\node_modules\babel-plugin-react-compiler\dist\index.js:78097:19)
    at runWithEnvironment (C:\Users\DboxAdmin\skill_projects\expense-tracker\node_modules\babel-plugin-react-compiler\dist\index.js:106368:15)
    at run (C:\Users\DboxAdmin\skill_projects\expense-tracker\node_modules\babel-plugin-react-compiler\dist\index.js:106361:10)
    at compileFn (C:\Users\DboxAdmin\skill_projects\expense-tracker\node_modules\babel-plugin-react-compiler\dist\index.js:106689:10)
    at tryCompileFunction (C:\Users\DboxAdmin\skill_projects\expense-tracker\node_modules\babel-plugin-react-compiler\dist\index.js:107289:19)
    at processFn (C:\Users\DboxAdmin\skill_projects\expense-tracker\node_modules\babel-plugin-react-compiler\dist\index.js:107226:25)
    at compileProgram (C:\Users\DboxAdmin\skill_projects\expense-tracker\node_modules\babel-plugin-react-compiler\dist\index.js:107107:22)
    at PluginPass.enter (C:\Users\DboxAdmin\skill_projects\expense-tracker\node_modules\babel-plugin-react-compiler\dist\index.js:108443:28)
    at newFn (C:\Users\DboxAdmin\skill_projects\expense-tracker\node_modules\@babel\traverse\lib\visitors.js:168:14)
    at NodePath._call (C:\Users\DboxAdmin\skill_projects\expense-tracker\node_modules\@babel\traverse\lib\path\context.js:50:20)
    at NodePath.call (C:\Users\DboxAdmin\skill_projects\expense-tracker\node_modules\@babel\traverse\lib\path\context.js:40:18)
    at NodePath.visit (C:\Users\DboxAdmin\skill_projects\expense-tracker\node_modules\@babel\traverse\lib\path\context.js:87:31)
    at TraversalContext.visitQueue (C:\Users\DboxAdmin\skill_projects\expense-tracker\node_modules\@babel\traverse\lib\context.js:96:16)
    at TraversalContext.visitSingle (C:\Users\DboxAdmin\skill_projects\expense-tracker\node_modules\@babel\traverse\lib\context.js:72:19)
    at TraversalContext.visit (C:\Users\DboxAdmin\skill_projects\expense-tracker\node_modules\@babel\traverse\lib\context.js:119:19)
    at traverseNode (C:\Users\DboxAdmin\skill_projects\expense-tracker\node_modules\@babel\traverse\lib\traverse-node.js:130:17)
    at traverse (C:\Users\DboxAdmin\skill_projects\expense-tracker\node_modules\@babel\traverse\lib\index.js:53:34)
    at transformFile (C:\Users\DboxAdmin\skill_projects\expense-tracker\node_modules\@babel\core\lib\transformation\index.js:79:29)
    at transformFile.next (<anonymous>)
    at run (C:\Users\DboxAdmin\skill_projects\expense-tracker\node_modules\@babel\core\lib\transformation\index.js:25:12)
    at run.next (<anonymous>)
    at transform (C:\Users\DboxAdmin\skill_projects\expense-tracker\node_modules\@babel\core\lib\transform.js:22:33)
    at transform.next (<anonymous>)
    at evaluateSync (C:\Users\DboxAdmin\skill_projects\expense-tracker\node_modules\gensync\index.js:251:28)
    at sync (C:\Users\DboxAdmin\skill_projects\expense-tracker\node_modules\gensync\index.js:89:14)
    at stopHiding - secret - don't use this - v1 (C:\Users\DboxAdmin\skill_projects\expense-tracker\node_modules\@babel\core\lib\errors\rewrite-stack-trace.js:47:12)
    at Object.transformSync (C:\Users\DboxAdmin\skill_projects\expense-tracker\node_modules\@babel\core\lib\transform.js:40:76)
    at parseWithBabel (C:\Users\DboxAdmin\skill_projects\expense-tracker\node_modules\@expo\metro-config\build\transformSync.js:75:18)
    at transformSync (C:\Users\DboxAdmin\skill_projects\expense-tracker\node_modules\@expo\metro-config\build\transformSync.js:54:16)
    at Object.transform (C:\Users\DboxAdmin\skill_projects\expense-tracker\node_modules\@expo\metro-config\build\babel-transformer.js:146:58)
    at transformJSWithBabel (C:\Users\DboxAdmin\skill_projects\expense-tracker\node_modules\@expo\metro-config\build\transform-worker\metro-transform-worker.js:495:47)
    at Object.transform (C:\Users\DboxAdmin\skill_projects\expense-tracker\node_modules\@expo\metro-config\build\transform-worker\metro-transform-worker.js:614:12)
    at Object.transform (C:\Users\DboxAdmin\skill_projects\expense-tracker\node_modules\@expo\metro-config\build\transform-worker\transform-worker.js:179:19)
    at transformFile (C:\Users\DboxAdmin\skill_projects\expense-tracker\node_modules\metro\src\DeltaBundler\Worker.flow.js:67:36)
    at Object.transform (C:\Users\DboxAdmin\skill_projects\expense-tracker\node_modules\metro\src\DeltaBundler\Worker.flow.js:42:10)
    at execFunction (C:\Users\DboxAdmin\skill_projects\expense-tracker\node_modules\jest-worker\build\workers\threadChild.js:167:17)
    at execHelper (C:\Users\DboxAdmin\skill_projects\expense-tracker\node_modules\jest-worker\build\workers\threadChild.js:155:5)
    at execMethod (C:\Users\DboxAdmin\skill_projects\expense-tracker\node_modules\jest-worker\build\workers\threadChild.js:158:5)
    at MessagePort.messageListener (C:\Users\DboxAdmin\skill_projects\expense-tracker\node_modules\jest-worker\build\workers\threadChild.js:52:7)
    at [nodejs.internal.kHybridDispatch] (node:internal/event_target:848:20)
 ERROR  ReactCompilerError: Found 2 errors:

Todo: (BuildHIR::lowerStatement) Handle TryStatement with a finalizer ('finally') clause

  110 |     loadingMore.current = true;
  111 |
> 112 |     try {
      |     ^^^^^
> 113 |       const repository = new ExpenseRepository(await getDatabase());
      | ^^^^^^^^^^^^^^^^^^^^^^^^^^^^^^^^^^^^^^^^^^^^^^^^^^^^^^^^^^^^^^^^^^^^
> 114 |       const page = await repository.listRecent({ limit: EXPENSE_PAGE_SIZE, offset: 0 });
      | ^^^^^^^^^^^^^^^^^^^^^^^^^^^^^^^^^^^^^^^^^^^^^^^^^^^^^^^^^^^^^^^^^^^^
> 115 |
      | ^^^^^^^^^^^^^^^^^^^^^^^^^^^^^^^^^^^^^^^^^^^^^^^^^^^^^^^^^^^^^^^^^^^^
> 116 |       setRows(page.expenses);
      | ^^^^^^^^^^^^^^^^^^^^^^^^^^^^^^^^^^^^^^^^^^^^^^^^^^^^^^^^^^^^^^^^^^^^
> 117 |       setHasMore(page.hasMore);
      | ^^^^^^^^^^^^^^^^^^^^^^^^^^^^^^^^^^^^^^^^^^^^^^^^^^^^^^^^^^^^^^^^^^^^
> 118 |       setStatus('ready');
      | ^^^^^^^^^^^^^^^^^^^^^^^^^^^^^^^^^^^^^^^^^^^^^^^^^^^^^^^^^^^^^^^^^^^^
> 119 |     } catch (error) {
      | ^^^^^^^^^^^^^^^^^^^^^^^^^^^^^^^^^^^^^^^^^^^^^^^^^^^^^^^^^^^^^^^^^^^^
> 120 |       // Rows already on screen are left alone; only a first load with nothing to
      | ^^^^^^^^^^^^^^^^^^^^^^^^^^^^^^^^^^^^^^^^^^^^^^^^^^^^^^^^^^^^^^^^^^^^
> 121 |       // show replaces them with an error.
      | ^^^^^^^^^^^^^^^^^^^^^^^^^^^^^^^^^^^^^^^^^^^^^^^^^^^^^^^^^^^^^^^^^^^^
> 122 |       console.warn('[expenses] could not load the first page', error);
      | ^^^^^^^^^^^^^^^^^^^^^^^^^^^^^^^^^^^^^^^^^^^^^^^^^^^^^^^^^^^^^^^^^^^^
> 123 |
      | ^^^^^^^^^^^^^^^^^^^^^^^^^^^^^^^^^^^^^^^^^^^^^^^^^^^^^^^^^^^^^^^^^^^^
> 124 |       if (rows.length === 0) {
      | ^^^^^^^^^^^^^^^^^^^^^^^^^^^^^^^^^^^^^^^^^^^^^^^^^^^^^^^^^^^^^^^^^^^^
> 125 |         setStatus('error');
      | ^^^^^^^^^^^^^^^^^^^^^^^^^^^^^^^^^^^^^^^^^^^^^^^^^^^^^^^^^^^^^^^^^^^^
> 126 |       }
      | ^^^^^^^^^^^^^^^^^^^^^^^^^^^^^^^^^^^^^^^^^^^^^^^^^^^^^^^^^^^^^^^^^^^^
> 127 |     } finally {
      | ^^^^^^^^^^^^^^^^^^^^^^^^^^^^^^^^^^^^^^^^^^^^^^^^^^^^^^^^^^^^^^^^^^^^
> 128 |       loadingMore.current = false;
      | ^^^^^^^^^^^^^^^^^^^^^^^^^^^^^^^^^^^^^^^^^^^^^^^^^^^^^^^^^^^^^^^^^^^^
> 129 |     }
      | ^^^^^^ (BuildHIR::lowerStatement) Handle TryStatement with a finalizer ('finally') clause
  130 |   }, [rows.length]);
  131 |
  132 |   const loadNextPage = useCallback(async () => {

Todo: (BuildHIR::lowerStatement) Handle TryStatement with a finalizer ('finally') clause

  140 |     loadingMore.current = true;
  141 |
> 142 |     try {
      |     ^^^^^
> 143 |       const repository = new ExpenseRepository(await getDatabase());
      | ^^^^^^^^^^^^^^^^^^^^^^^^^^^^^^^^^^^^^^^^^^^^^^^^^^^^^^^^^^^^^^^^^^^^
> 144 |       const page = await repository.listRecent({
      | ^^^^^^^^^^^^^^^^^^^^^^^^^^^^^^^^^^^^^^^^^^^^^^^^^^^^^^^^^^^^^^^^^^^^
> 145 |         limit: EXPENSE_PAGE_SIZE,
      | ^^^^^^^^^^^^^^^^^^^^^^^^^^^^^^^^^^^^^^^^^^^^^^^^^^^^^^^^^^^^^^^^^^^^
> 146 |         // Read against the rows on screen, not against a separate counter that
      | ^^^^^^^^^^^^^^^^^^^^^^^^^^^^^^^^^^^^^^^^^^^^^^^^^^^^^^^^^^^^^^^^^^^^
> 147 |         // could drift from them.
      | ^^^^^^^^^^^^^^^^^^^^^^^^^^^^^^^^^^^^^^^^^^^^^^^^^^^^^^^^^^^^^^^^^^^^
> 148 |         offset: rows.length,
      | ^^^^^^^^^^^^^^^^^^^^^^^^^^^^^^^^^^^^^^^^^^^^^^^^^^^^^^^^^^^^^^^^^^^^
> 149 |       });
      | ^^^^^^^^^^^^^^^^^^^^^^^^^^^^^^^^^^^^^^^^^^^^^^^^^^^^^^^^^^^^^^^^^^^^
> 150 |
      | ^^^^^^^^^^^^^^^^^^^^^^^^^^^^^^^^^^^^^^^^^^^^^^^^^^^^^^^^^^^^^^^^^^^^
> 151 |       setHasMore(page.hasMore);
      | ^^^^^^^^^^^^^^^^^^^^^^^^^^^^^^^^^^^^^^^^^^^^^^^^^^^^^^^^^^^^^^^^^^^^
> 152 |
      | ^^^^^^^^^^^^^^^^^^^^^^^^^^^^^^^^^^^^^^^^^^^^^^^^^^^^^^^^^^^^^^^^^^^^
> 153 |       if (page.expenses.length > 0) {
      | ^^^^^^^^^^^^^^^^^^^^^^^^^^^^^^^^^^^^^^^^^^^^^^^^^^^^^^^^^^^^^^^^^^^^
> 154 |         // Append. These are the same row objects the query returned, so the
      | ^^^^^^^^^^^^^^^^^^^^^^^^^^^^^^^^^^^^^^^^^^^^^^^^^^^^^^^^^^^^^^^^^^^^
> 155 |         // rows already on screen keep their identity and do not re-render.
      | ^^^^^^^^^^^^^^^^^^^^^^^^^^^^^^^^^^^^^^^^^^^^^^^^^^^^^^^^^^^^^^^^^^^^
> 156 |         setRows((current) => [...current, ...page.expenses]);
      | ^^^^^^^^^^^^^^^^^^^^^^^^^^^^^^^^^^^^^^^^^^^^^^^^^^^^^^^^^^^^^^^^^^^^
> 157 |       }
      | ^^^^^^^^^^^^^^^^^^^^^^^^^^^^^^^^^^^^^^^^^^^^^^^^^^^^^^^^^^^^^^^^^^^^
> 158 |     } catch (error) {
      | ^^^^^^^^^^^^^^^^^^^^^^^^^^^^^^^^^^^^^^^^^^^^^^^^^^^^^^^^^^^^^^^^^^^^
> 159 |       /*
      | ^^^^^^^^^^^^^^^^^^^^^^^^^^^^^^^^^^^^^^^^^^^^^^^^^^^^^^^^^^^^^^^^^^^^
> 160 |         Stop paging rather than looping. A failure here leaves the offset where it
      | ^^^^^^^^^^^^^^^^^^^^^^^^^^^^^^^^^^^^^^^^^^^^^^^^^^^^^^^^^^^^^^^^^^^^
> 161 |         was, so the next scroll would ask for the same page again and keep
      | ^^^^^^^^^^^^^^^^^^^^^^^^^^^^^^^^^^^^^^^^^^^^^^^^^^^^^^^^^^^^^^^^^^^^
> 162 |         failing; clearing `hasMore` turns the footer into "End of history" and
      | ^^^^^^^^^^^^^^^^^^^^^^^^^^^^^^^^^^^^^^^^^^^^^^^^^^^^^^^^^^^^^^^^^^^^
> 163 |         leaves a working part of the list rather than an endless spinner.
      | ^^^^^^^^^^^^^^^^^^^^^^^^^^^^^^^^^^^^^^^^^^^^^^^^^^^^^^^^^^^^^^^^^^^^
> 164 |       */
      | ^^^^^^^^^^^^^^^^^^^^^^^^^^^^^^^^^^^^^^^^^^^^^^^^^^^^^^^^^^^^^^^^^^^^
> 165 |       console.warn('[expenses] could not load the next page', error);
      | ^^^^^^^^^^^^^^^^^^^^^^^^^^^^^^^^^^^^^^^^^^^^^^^^^^^^^^^^^^^^^^^^^^^^
> 166 |       setHasMore(false);
      | ^^^^^^^^^^^^^^^^^^^^^^^^^^^^^^^^^^^^^^^^^^^^^^^^^^^^^^^^^^^^^^^^^^^^
> 167 |     } finally {
      | ^^^^^^^^^^^^^^^^^^^^^^^^^^^^^^^^^^^^^^^^^^^^^^^^^^^^^^^^^^^^^^^^^^^^
> 168 |       loadingMore.current = false;
      | ^^^^^^^^^^^^^^^^^^^^^^^^^^^^^^^^^^^^^^^^^^^^^^^^^^^^^^^^^^^^^^^^^^^^
> 169 |     }
      | ^^^^^^ (BuildHIR::lowerStatement) Handle TryStatement with a finalizer ('finally') clause
  170 |   }, [hasMore, rows.length]);
  171 |
  172 |   /*
    at new HIRBuilder (C:\Users\DboxAdmin\skill_projects\expense-tracker\node_modules\babel-plugin-react-compiler\dist\index.js:76126:19)
    at lower (C:\Users\DboxAdmin\skill_projects\expense-tracker\node_modules\babel-plugin-react-compiler\dist\index.js:78097:19)
    at runWithEnvironment (C:\Users\DboxAdmin\skill_projects\expense-tracker\node_modules\babel-plugin-react-compiler\dist\index.js:106368:15)
    at run (C:\Users\DboxAdmin\skill_projects\expense-tracker\node_modules\babel-plugin-react-compiler\dist\index.js:106361:10)
    at compileFn (C:\Users\DboxAdmin\skill_projects\expense-tracker\node_modules\babel-plugin-react-compiler\dist\index.js:106689:10)
    at tryCompileFunction (C:\Users\DboxAdmin\skill_projects\expense-tracker\node_modules\babel-plugin-react-compiler\dist\index.js:107289:19)
    at processFn (C:\Users\DboxAdmin\skill_projects\expense-tracker\node_modules\babel-plugin-react-compiler\dist\index.js:107226:25)
    at compileProgram (C:\Users\DboxAdmin\skill_projects\expense-tracker\node_modules\babel-plugin-react-compiler\dist\index.js:107107:22)
    at PluginPass.enter (C:\Users\DboxAdmin\skill_projects\expense-tracker\node_modules\babel-plugin-react-compiler\dist\index.js:108443:28)
    at newFn (C:\Users\DboxAdmin\skill_projects\expense-tracker\node_modules\@babel\traverse\lib\visitors.js:168:14)
    at NodePath._call (C:\Users\DboxAdmin\skill_projects\expense-tracker\node_modules\@babel\traverse\lib\path\context.js:50:20)
    at NodePath.call (C:\Users\DboxAdmin\skill_projects\expense-tracker\node_modules\@babel\traverse\lib\path\context.js:40:18)
    at NodePath.visit (C:\Users\DboxAdmin\skill_projects\expense-tracker\node_modules\@babel\traverse\lib\path\context.js:87:31)
    at TraversalContext.visitQueue (C:\Users\DboxAdmin\skill_projects\expense-tracker\node_modules\@babel\traverse\lib\context.js:96:16)
    at TraversalContext.visitSingle (C:\Users\DboxAdmin\skill_projects\expense-tracker\node_modules\@babel\traverse\lib\context.js:72:19)
    at TraversalContext.visit (C:\Users\DboxAdmin\skill_projects\expense-tracker\node_modules\@babel\traverse\lib\context.js:119:19)
    at traverseNode (C:\Users\DboxAdmin\skill_projects\expense-tracker\node_modules\@babel\traverse\lib\traverse-node.js:130:17)
    at traverse (C:\Users\DboxAdmin\skill_projects\expense-tracker\node_modules\@babel\traverse\lib\index.js:53:34)
    at transformFile (C:\Users\DboxAdmin\skill_projects\expense-tracker\node_modules\@babel\core\lib\transformation\index.js:79:29)
    at transformFile.next (<anonymous>)
    at run (C:\Users\DboxAdmin\skill_projects\expense-tracker\node_modules\@babel\core\lib\transformation\index.js:25:12)
    at run.next (<anonymous>)
    at transform (C:\Users\DboxAdmin\skill_projects\expense-tracker\node_modules\@babel\core\lib\transform.js:22:33)
    at transform.next (<anonymous>)
    at evaluateSync (C:\Users\DboxAdmin\skill_projects\expense-tracker\node_modules\gensync\index.js:251:28)
    at sync (C:\Users\DboxAdmin\skill_projects\expense-tracker\node_modules\gensync\index.js:89:14)
    at stopHiding - secret - don't use this - v1 (C:\Users\DboxAdmin\skill_projects\expense-tracker\node_modules\@babel\core\lib\errors\rewrite-stack-trace.js:47:12)
    at Object.transformSync (C:\Users\DboxAdmin\skill_projects\expense-tracker\node_modules\@babel\core\lib\transform.js:40:76)
    at parseWithBabel (C:\Users\DboxAdmin\skill_projects\expense-tracker\node_modules\@expo\metro-config\build\transformSync.js:75:18)
    at transformSync (C:\Users\DboxAdmin\skill_projects\expense-tracker\node_modules\@expo\metro-config\build\transformSync.js:54:16)
    at Object.transform (C:\Users\DboxAdmin\skill_projects\expense-tracker\node_modules\@expo\metro-config\build\babel-transformer.js:146:58)
    at transformJSWithBabel (C:\Users\DboxAdmin\skill_projects\expense-tracker\node_modules\@expo\metro-config\build\transform-worker\metro-transform-worker.js:495:47)
    at Object.transform (C:\Users\DboxAdmin\skill_projects\expense-tracker\node_modules\@expo\metro-config\build\transform-worker\metro-transform-worker.js:614:12)
    at Object.transform (C:\Users\DboxAdmin\skill_projects\expense-tracker\node_modules\@expo\metro-config\build\transform-worker\transform-worker.js:179:19)
    at transformFile (C:\Users\DboxAdmin\skill_projects\expense-tracker\node_modules\metro\src\DeltaBundler\Worker.flow.js:67:36)
    at Object.transform (C:\Users\DboxAdmin\skill_projects\expense-tracker\node_modules\metro\src\DeltaBundler\Worker.flow.js:42:10)
    at execFunction (C:\Users\DboxAdmin\skill_projects\expense-tracker\node_modules\jest-worker\build\workers\threadChild.js:167:17)
    at execHelper (C:\Users\DboxAdmin\skill_projects\expense-tracker\node_modules\jest-worker\build\workers\threadChild.js:155:5)
    at execMethod (C:\Users\DboxAdmin\skill_projects\expense-tracker\node_modules\jest-worker\build\workers\threadChild.js:158:5)
    at MessagePort.messageListener (C:\Users\DboxAdmin\skill_projects\expense-tracker\node_modules\jest-worker\build\workers\threadChild.js:52:7)
    at [nodejs.internal.kHybridDispatch] (node:internal/event_target:848:20)
 ERROR  ReactCompilerError: Found 2 errors:

Todo: (BuildHIR::lowerStatement) Handle TryStatement with a finalizer ('finally') clause

  110 |     loadingMore.current = true;
  111 |
> 112 |     try {
      |     ^^^^^
> 113 |       const repository = new ExpenseRepository(await getDatabase());
      | ^^^^^^^^^^^^^^^^^^^^^^^^^^^^^^^^^^^^^^^^^^^^^^^^^^^^^^^^^^^^^^^^^^^^
> 114 |       const page = await repository.listRecent({ limit: EXPENSE_PAGE_SIZE, offset: 0 });
      | ^^^^^^^^^^^^^^^^^^^^^^^^^^^^^^^^^^^^^^^^^^^^^^^^^^^^^^^^^^^^^^^^^^^^
> 115 |
      | ^^^^^^^^^^^^^^^^^^^^^^^^^^^^^^^^^^^^^^^^^^^^^^^^^^^^^^^^^^^^^^^^^^^^
> 116 |       setRows(page.expenses);
      | ^^^^^^^^^^^^^^^^^^^^^^^^^^^^^^^^^^^^^^^^^^^^^^^^^^^^^^^^^^^^^^^^^^^^
> 117 |       setHasMore(page.hasMore);
      | ^^^^^^^^^^^^^^^^^^^^^^^^^^^^^^^^^^^^^^^^^^^^^^^^^^^^^^^^^^^^^^^^^^^^
> 118 |       setStatus('ready');
      | ^^^^^^^^^^^^^^^^^^^^^^^^^^^^^^^^^^^^^^^^^^^^^^^^^^^^^^^^^^^^^^^^^^^^
> 119 |     } catch (error) {
      | ^^^^^^^^^^^^^^^^^^^^^^^^^^^^^^^^^^^^^^^^^^^^^^^^^^^^^^^^^^^^^^^^^^^^
> 120 |       // Rows already on screen are left alone; only a first load with nothing to
      | ^^^^^^^^^^^^^^^^^^^^^^^^^^^^^^^^^^^^^^^^^^^^^^^^^^^^^^^^^^^^^^^^^^^^
> 121 |       // show replaces them with an error.
      | ^^^^^^^^^^^^^^^^^^^^^^^^^^^^^^^^^^^^^^^^^^^^^^^^^^^^^^^^^^^^^^^^^^^^
> 122 |       console.warn('[expenses] could not load the first page', error);
      | ^^^^^^^^^^^^^^^^^^^^^^^^^^^^^^^^^^^^^^^^^^^^^^^^^^^^^^^^^^^^^^^^^^^^
> 123 |
      | ^^^^^^^^^^^^^^^^^^^^^^^^^^^^^^^^^^^^^^^^^^^^^^^^^^^^^^^^^^^^^^^^^^^^
> 124 |       if (rows.length === 0) {
      | ^^^^^^^^^^^^^^^^^^^^^^^^^^^^^^^^^^^^^^^^^^^^^^^^^^^^^^^^^^^^^^^^^^^^
> 125 |         setStatus('error');
      | ^^^^^^^^^^^^^^^^^^^^^^^^^^^^^^^^^^^^^^^^^^^^^^^^^^^^^^^^^^^^^^^^^^^^
> 126 |       }
      | ^^^^^^^^^^^^^^^^^^^^^^^^^^^^^^^^^^^^^^^^^^^^^^^^^^^^^^^^^^^^^^^^^^^^
> 127 |     } finally {
      | ^^^^^^^^^^^^^^^^^^^^^^^^^^^^^^^^^^^^^^^^^^^^^^^^^^^^^^^^^^^^^^^^^^^^
> 128 |       loadingMore.current = false;
      | ^^^^^^^^^^^^^^^^^^^^^^^^^^^^^^^^^^^^^^^^^^^^^^^^^^^^^^^^^^^^^^^^^^^^
> 129 |     }
      | ^^^^^^ (BuildHIR::lowerStatement) Handle TryStatement with a finalizer ('finally') clause
  130 |   }, [rows.length]);
  131 |
  132 |   const loadNextPage = useCallback(async () => {

Todo: (BuildHIR::lowerStatement) Handle TryStatement with a finalizer ('finally') clause

  140 |     loadingMore.current = true;
  141 |
> 142 |     try {
      |     ^^^^^
> 143 |       const repository = new ExpenseRepository(await getDatabase());
      | ^^^^^^^^^^^^^^^^^^^^^^^^^^^^^^^^^^^^^^^^^^^^^^^^^^^^^^^^^^^^^^^^^^^^
> 144 |       const page = await repository.listRecent({
      | ^^^^^^^^^^^^^^^^^^^^^^^^^^^^^^^^^^^^^^^^^^^^^^^^^^^^^^^^^^^^^^^^^^^^
> 145 |         limit: EXPENSE_PAGE_SIZE,
      | ^^^^^^^^^^^^^^^^^^^^^^^^^^^^^^^^^^^^^^^^^^^^^^^^^^^^^^^^^^^^^^^^^^^^
> 146 |         // Read against the rows on screen, not against a separate counter that
      | ^^^^^^^^^^^^^^^^^^^^^^^^^^^^^^^^^^^^^^^^^^^^^^^^^^^^^^^^^^^^^^^^^^^^
> 147 |         // could drift from them.
      | ^^^^^^^^^^^^^^^^^^^^^^^^^^^^^^^^^^^^^^^^^^^^^^^^^^^^^^^^^^^^^^^^^^^^
> 148 |         offset: rows.length,
      | ^^^^^^^^^^^^^^^^^^^^^^^^^^^^^^^^^^^^^^^^^^^^^^^^^^^^^^^^^^^^^^^^^^^^
> 149 |       });
      | ^^^^^^^^^^^^^^^^^^^^^^^^^^^^^^^^^^^^^^^^^^^^^^^^^^^^^^^^^^^^^^^^^^^^
> 150 |
      | ^^^^^^^^^^^^^^^^^^^^^^^^^^^^^^^^^^^^^^^^^^^^^^^^^^^^^^^^^^^^^^^^^^^^
> 151 |       setHasMore(page.hasMore);
      | ^^^^^^^^^^^^^^^^^^^^^^^^^^^^^^^^^^^^^^^^^^^^^^^^^^^^^^^^^^^^^^^^^^^^
> 152 |
      | ^^^^^^^^^^^^^^^^^^^^^^^^^^^^^^^^^^^^^^^^^^^^^^^^^^^^^^^^^^^^^^^^^^^^
> 153 |       if (page.expenses.length > 0) {
      | ^^^^^^^^^^^^^^^^^^^^^^^^^^^^^^^^^^^^^^^^^^^^^^^^^^^^^^^^^^^^^^^^^^^^
> 154 |         // Append. These are the same row objects the query returned, so the
      | ^^^^^^^^^^^^^^^^^^^^^^^^^^^^^^^^^^^^^^^^^^^^^^^^^^^^^^^^^^^^^^^^^^^^
> 155 |         // rows already on screen keep their identity and do not re-render.
      | ^^^^^^^^^^^^^^^^^^^^^^^^^^^^^^^^^^^^^^^^^^^^^^^^^^^^^^^^^^^^^^^^^^^^
> 156 |         setRows((current) => [...current, ...page.expenses]);
      | ^^^^^^^^^^^^^^^^^^^^^^^^^^^^^^^^^^^^^^^^^^^^^^^^^^^^^^^^^^^^^^^^^^^^
> 157 |       }
      | ^^^^^^^^^^^^^^^^^^^^^^^^^^^^^^^^^^^^^^^^^^^^^^^^^^^^^^^^^^^^^^^^^^^^
> 158 |     } catch (error) {
      | ^^^^^^^^^^^^^^^^^^^^^^^^^^^^^^^^^^^^^^^^^^^^^^^^^^^^^^^^^^^^^^^^^^^^
> 159 |       /*
      | ^^^^^^^^^^^^^^^^^^^^^^^^^^^^^^^^^^^^^^^^^^^^^^^^^^^^^^^^^^^^^^^^^^^^
> 160 |         Stop paging rather than looping. A failure here leaves the offset where it
      | ^^^^^^^^^^^^^^^^^^^^^^^^^^^^^^^^^^^^^^^^^^^^^^^^^^^^^^^^^^^^^^^^^^^^
> 161 |         was, so the next scroll would ask for the same page again and keep
      | ^^^^^^^^^^^^^^^^^^^^^^^^^^^^^^^^^^^^^^^^^^^^^^^^^^^^^^^^^^^^^^^^^^^^
> 162 |         failing; clearing `hasMore` turns the footer into "End of history" and
      | ^^^^^^^^^^^^^^^^^^^^^^^^^^^^^^^^^^^^^^^^^^^^^^^^^^^^^^^^^^^^^^^^^^^^
> 163 |         leaves a working part of the list rather than an endless spinner.
      | ^^^^^^^^^^^^^^^^^^^^^^^^^^^^^^^^^^^^^^^^^^^^^^^^^^^^^^^^^^^^^^^^^^^^
> 164 |       */
      | ^^^^^^^^^^^^^^^^^^^^^^^^^^^^^^^^^^^^^^^^^^^^^^^^^^^^^^^^^^^^^^^^^^^^
> 165 |       console.warn('[expenses] could not load the next page', error);
      | ^^^^^^^^^^^^^^^^^^^^^^^^^^^^^^^^^^^^^^^^^^^^^^^^^^^^^^^^^^^^^^^^^^^^
> 166 |       setHasMore(false);
      | ^^^^^^^^^^^^^^^^^^^^^^^^^^^^^^^^^^^^^^^^^^^^^^^^^^^^^^^^^^^^^^^^^^^^
> 167 |     } finally {
      | ^^^^^^^^^^^^^^^^^^^^^^^^^^^^^^^^^^^^^^^^^^^^^^^^^^^^^^^^^^^^^^^^^^^^
> 168 |       loadingMore.current = false;
      | ^^^^^^^^^^^^^^^^^^^^^^^^^^^^^^^^^^^^^^^^^^^^^^^^^^^^^^^^^^^^^^^^^^^^
> 169 |     }
      | ^^^^^^ (BuildHIR::lowerStatement) Handle TryStatement with a finalizer ('finally') clause
  170 |   }, [hasMore, rows.length]);
  171 |
  172 |   /*
    at new HIRBuilder (C:\Users\DboxAdmin\skill_projects\expense-tracker\node_modules\babel-plugin-react-compiler\dist\index.js:76126:19)
    at lower (C:\Users\DboxAdmin\skill_projects\expense-tracker\node_modules\babel-plugin-react-compiler\dist\index.js:78097:19)
    at runWithEnvironment (C:\Users\DboxAdmin\skill_projects\expense-tracker\node_modules\babel-plugin-react-compiler\dist\index.js:106368:15)
    at run (C:\Users\DboxAdmin\skill_projects\expense-tracker\node_modules\babel-plugin-react-compiler\dist\index.js:106361:10)
    at compileFn (C:\Users\DboxAdmin\skill_projects\expense-tracker\node_modules\babel-plugin-react-compiler\dist\index.js:106689:10)
    at tryCompileFunction (C:\Users\DboxAdmin\skill_projects\expense-tracker\node_modules\babel-plugin-react-compiler\dist\index.js:107289:19)
    at processFn (C:\Users\DboxAdmin\skill_projects\expense-tracker\node_modules\babel-plugin-react-compiler\dist\index.js:107226:25)
    at compileProgram (C:\Users\DboxAdmin\skill_projects\expense-tracker\node_modules\babel-plugin-react-compiler\dist\index.js:107107:22)
    at PluginPass.enter (C:\Users\DboxAdmin\skill_projects\expense-tracker\node_modules\babel-plugin-react-compiler\dist\index.js:108443:28)
    at newFn (C:\Users\DboxAdmin\skill_projects\expense-tracker\node_modules\@babel\traverse\lib\visitors.js:168:14)
    at NodePath._call (C:\Users\DboxAdmin\skill_projects\expense-tracker\node_modules\@babel\traverse\lib\path\context.js:50:20)
    at NodePath.call (C:\Users\DboxAdmin\skill_projects\expense-tracker\node_modules\@babel\traverse\lib\path\context.js:40:18)
    at NodePath.visit (C:\Users\DboxAdmin\skill_projects\expense-tracker\node_modules\@babel\traverse\lib\path\context.js:87:31)
    at TraversalContext.visitQueue (C:\Users\DboxAdmin\skill_projects\expense-tracker\node_modules\@babel\traverse\lib\context.js:96:16)
    at TraversalContext.visitSingle (C:\Users\DboxAdmin\skill_projects\expense-tracker\node_modules\@babel\traverse\lib\context.js:72:19)
    at TraversalContext.visit (C:\Users\DboxAdmin\skill_projects\expense-tracker\node_modules\@babel\traverse\lib\context.js:119:19)
    at traverseNode (C:\Users\DboxAdmin\skill_projects\expense-tracker\node_modules\@babel\traverse\lib\traverse-node.js:130:17)
    at traverse (C:\Users\DboxAdmin\skill_projects\expense-tracker\node_modules\@babel\traverse\lib\index.js:53:34)
    at transformFile (C:\Users\DboxAdmin\skill_projects\expense-tracker\node_modules\@babel\core\lib\transformation\index.js:79:29)
    at transformFile.next (<anonymous>)
    at run (C:\Users\DboxAdmin\skill_projects\expense-tracker\node_modules\@babel\core\lib\transformation\index.js:25:12)
    at run.next (<anonymous>)
    at transform (C:\Users\DboxAdmin\skill_projects\expense-tracker\node_modules\@babel\core\lib\transform.js:22:33)
    at transform.next (<anonymous>)
    at evaluateSync (C:\Users\DboxAdmin\skill_projects\expense-tracker\node_modules\gensync\index.js:251:28)
    at sync (C:\Users\DboxAdmin\skill_projects\expense-tracker\node_modules\gensync\index.js:89:14)
    at stopHiding - secret - don't use this - v1 (C:\Users\DboxAdmin\skill_projects\expense-tracker\node_modules\@babel\core\lib\errors\rewrite-stack-trace.js:47:12)
    at Object.transformSync (C:\Users\DboxAdmin\skill_projects\expense-tracker\node_modules\@babel\core\lib\transform.js:40:76)
    at parseWithBabel (C:\Users\DboxAdmin\skill_projects\expense-tracker\node_modules\@expo\metro-config\build\transformSync.js:75:18)
    at transformSync (C:\Users\DboxAdmin\skill_projects\expense-tracker\node_modules\@expo\metro-config\build\transformSync.js:54:16)
    at Object.transform (C:\Users\DboxAdmin\skill_projects\expense-tracker\node_modules\@expo\metro-config\build\babel-transformer.js:146:58)
    at transformJSWithBabel (C:\Users\DboxAdmin\skill_projects\expense-tracker\node_modules\@expo\metro-config\build\transform-worker\metro-transform-worker.js:495:47)
    at Object.transform (C:\Users\DboxAdmin\skill_projects\expense-tracker\node_modules\@expo\metro-config\build\transform-worker\metro-transform-worker.js:614:12)
    at Object.transform (C:\Users\DboxAdmin\skill_projects\expense-tracker\node_modules\@expo\metro-config\build\transform-worker\transform-worker.js:179:19)
    at transformFile (C:\Users\DboxAdmin\skill_projects\expense-tracker\node_modules\metro\src\DeltaBundler\Worker.flow.js:67:36)
    at Object.transform (C:\Users\DboxAdmin\skill_projects\expense-tracker\node_modules\metro\src\DeltaBundler\Worker.flow.js:42:10)
    at execFunction (C:\Users\DboxAdmin\skill_projects\expense-tracker\node_modules\jest-worker\build\workers\threadChild.js:167:17)
    at execHelper (C:\Users\DboxAdmin\skill_projects\expense-tracker\node_modules\jest-worker\build\workers\threadChild.js:155:5)
    at execMethod (C:\Users\DboxAdmin\skill_projects\expense-tracker\node_modules\jest-worker\build\workers\threadChild.js:158:5)
    at MessagePort.messageListener (C:\Users\DboxAdmin\skill_projects\expense-tracker\node_modules\jest-worker\build\workers\threadChild.js:52:7)
    at [nodejs.internal.kHybridDispatch] (node:internal/event_target:848:20)
 ERROR  ReactCompilerError: Found 2 errors:

Todo: (BuildHIR::lowerStatement) Handle TryStatement with a finalizer ('finally') clause

  110 |     loadingMore.current = true;
  111 |
> 112 |     try {
      |     ^^^^^
> 113 |       const repository = new ExpenseRepository(await getDatabase());
      | ^^^^^^^^^^^^^^^^^^^^^^^^^^^^^^^^^^^^^^^^^^^^^^^^^^^^^^^^^^^^^^^^^^^^
> 114 |       const page = await repository.listRecent({ limit: EXPENSE_PAGE_SIZE, offset: 0 });
      | ^^^^^^^^^^^^^^^^^^^^^^^^^^^^^^^^^^^^^^^^^^^^^^^^^^^^^^^^^^^^^^^^^^^^
> 115 |
      | ^^^^^^^^^^^^^^^^^^^^^^^^^^^^^^^^^^^^^^^^^^^^^^^^^^^^^^^^^^^^^^^^^^^^
> 116 |       setRows(page.expenses);
      | ^^^^^^^^^^^^^^^^^^^^^^^^^^^^^^^^^^^^^^^^^^^^^^^^^^^^^^^^^^^^^^^^^^^^
> 117 |       setHasMore(page.hasMore);
      | ^^^^^^^^^^^^^^^^^^^^^^^^^^^^^^^^^^^^^^^^^^^^^^^^^^^^^^^^^^^^^^^^^^^^
> 118 |       setStatus('ready');
      | ^^^^^^^^^^^^^^^^^^^^^^^^^^^^^^^^^^^^^^^^^^^^^^^^^^^^^^^^^^^^^^^^^^^^
> 119 |     } catch (error) {
      | ^^^^^^^^^^^^^^^^^^^^^^^^^^^^^^^^^^^^^^^^^^^^^^^^^^^^^^^^^^^^^^^^^^^^
> 120 |       // Rows already on screen are left alone; only a first load with nothing to
      | ^^^^^^^^^^^^^^^^^^^^^^^^^^^^^^^^^^^^^^^^^^^^^^^^^^^^^^^^^^^^^^^^^^^^
> 121 |       // show replaces them with an error.
      | ^^^^^^^^^^^^^^^^^^^^^^^^^^^^^^^^^^^^^^^^^^^^^^^^^^^^^^^^^^^^^^^^^^^^
> 122 |       console.warn('[expenses] could not load the first page', error);
      | ^^^^^^^^^^^^^^^^^^^^^^^^^^^^^^^^^^^^^^^^^^^^^^^^^^^^^^^^^^^^^^^^^^^^
> 123 |
      | ^^^^^^^^^^^^^^^^^^^^^^^^^^^^^^^^^^^^^^^^^^^^^^^^^^^^^^^^^^^^^^^^^^^^
> 124 |       if (rows.length === 0) {
      | ^^^^^^^^^^^^^^^^^^^^^^^^^^^^^^^^^^^^^^^^^^^^^^^^^^^^^^^^^^^^^^^^^^^^
> 125 |         setStatus('error');
      | ^^^^^^^^^^^^^^^^^^^^^^^^^^^^^^^^^^^^^^^^^^^^^^^^^^^^^^^^^^^^^^^^^^^^
> 126 |       }
      | ^^^^^^^^^^^^^^^^^^^^^^^^^^^^^^^^^^^^^^^^^^^^^^^^^^^^^^^^^^^^^^^^^^^^
> 127 |     } finally {
      | ^^^^^^^^^^^^^^^^^^^^^^^^^^^^^^^^^^^^^^^^^^^^^^^^^^^^^^^^^^^^^^^^^^^^
> 128 |       loadingMore.current = false;
      | ^^^^^^^^^^^^^^^^^^^^^^^^^^^^^^^^^^^^^^^^^^^^^^^^^^^^^^^^^^^^^^^^^^^^
> 129 |     }
      | ^^^^^^ (BuildHIR::lowerStatement) Handle TryStatement with a finalizer ('finally') clause
  130 |   }, [rows.length]);
  131 |
  132 |   const loadNextPage = useCallback(async () => {

Todo: (BuildHIR::lowerStatement) Handle TryStatement with a finalizer ('finally') clause

  140 |     loadingMore.current = true;
  141 |
> 142 |     try {
      |     ^^^^^
> 143 |       const repository = new ExpenseRepository(await getDatabase());
      | ^^^^^^^^^^^^^^^^^^^^^^^^^^^^^^^^^^^^^^^^^^^^^^^^^^^^^^^^^^^^^^^^^^^^
> 144 |       const page = await repository.listRecent({
      | ^^^^^^^^^^^^^^^^^^^^^^^^^^^^^^^^^^^^^^^^^^^^^^^^^^^^^^^^^^^^^^^^^^^^
> 145 |         limit: EXPENSE_PAGE_SIZE,
      | ^^^^^^^^^^^^^^^^^^^^^^^^^^^^^^^^^^^^^^^^^^^^^^^^^^^^^^^^^^^^^^^^^^^^
> 146 |         // Read against the rows on screen, not against a separate counter that
      | ^^^^^^^^^^^^^^^^^^^^^^^^^^^^^^^^^^^^^^^^^^^^^^^^^^^^^^^^^^^^^^^^^^^^
> 147 |         // could drift from them.
      | ^^^^^^^^^^^^^^^^^^^^^^^^^^^^^^^^^^^^^^^^^^^^^^^^^^^^^^^^^^^^^^^^^^^^
> 148 |         offset: rows.length,
      | ^^^^^^^^^^^^^^^^^^^^^^^^^^^^^^^^^^^^^^^^^^^^^^^^^^^^^^^^^^^^^^^^^^^^
> 149 |       });
      | ^^^^^^^^^^^^^^^^^^^^^^^^^^^^^^^^^^^^^^^^^^^^^^^^^^^^^^^^^^^^^^^^^^^^
> 150 |
      | ^^^^^^^^^^^^^^^^^^^^^^^^^^^^^^^^^^^^^^^^^^^^^^^^^^^^^^^^^^^^^^^^^^^^
> 151 |       setHasMore(page.hasMore);
      | ^^^^^^^^^^^^^^^^^^^^^^^^^^^^^^^^^^^^^^^^^^^^^^^^^^^^^^^^^^^^^^^^^^^^
> 152 |
      | ^^^^^^^^^^^^^^^^^^^^^^^^^^^^^^^^^^^^^^^^^^^^^^^^^^^^^^^^^^^^^^^^^^^^
> 153 |       if (page.expenses.length > 0) {
      | ^^^^^^^^^^^^^^^^^^^^^^^^^^^^^^^^^^^^^^^^^^^^^^^^^^^^^^^^^^^^^^^^^^^^
> 154 |         // Append. These are the same row objects the query returned, so the
      | ^^^^^^^^^^^^^^^^^^^^^^^^^^^^^^^^^^^^^^^^^^^^^^^^^^^^^^^^^^^^^^^^^^^^
> 155 |         // rows already on screen keep their identity and do not re-render.
      | ^^^^^^^^^^^^^^^^^^^^^^^^^^^^^^^^^^^^^^^^^^^^^^^^^^^^^^^^^^^^^^^^^^^^
> 156 |         setRows((current) => [...current, ...page.expenses]);
      | ^^^^^^^^^^^^^^^^^^^^^^^^^^^^^^^^^^^^^^^^^^^^^^^^^^^^^^^^^^^^^^^^^^^^
> 157 |       }
      | ^^^^^^^^^^^^^^^^^^^^^^^^^^^^^^^^^^^^^^^^^^^^^^^^^^^^^^^^^^^^^^^^^^^^
> 158 |     } catch (error) {
      | ^^^^^^^^^^^^^^^^^^^^^^^^^^^^^^^^^^^^^^^^^^^^^^^^^^^^^^^^^^^^^^^^^^^^
> 159 |       /*
      | ^^^^^^^^^^^^^^^^^^^^^^^^^^^^^^^^^^^^^^^^^^^^^^^^^^^^^^^^^^^^^^^^^^^^
> 160 |         Stop paging rather than looping. A failure here leaves the offset where it
      | ^^^^^^^^^^^^^^^^^^^^^^^^^^^^^^^^^^^^^^^^^^^^^^^^^^^^^^^^^^^^^^^^^^^^
> 161 |         was, so the next scroll would ask for the same page again and keep
      | ^^^^^^^^^^^^^^^^^^^^^^^^^^^^^^^^^^^^^^^^^^^^^^^^^^^^^^^^^^^^^^^^^^^^
> 162 |         failing; clearing `hasMore` turns the footer into "End of history" and
      | ^^^^^^^^^^^^^^^^^^^^^^^^^^^^^^^^^^^^^^^^^^^^^^^^^^^^^^^^^^^^^^^^^^^^
> 163 |         leaves a working part of the list rather than an endless spinner.
      | ^^^^^^^^^^^^^^^^^^^^^^^^^^^^^^^^^^^^^^^^^^^^^^^^^^^^^^^^^^^^^^^^^^^^
> 164 |       */
      | ^^^^^^^^^^^^^^^^^^^^^^^^^^^^^^^^^^^^^^^^^^^^^^^^^^^^^^^^^^^^^^^^^^^^
> 165 |       console.warn('[expenses] could not load the next page', error);
      | ^^^^^^^^^^^^^^^^^^^^^^^^^^^^^^^^^^^^^^^^^^^^^^^^^^^^^^^^^^^^^^^^^^^^
> 166 |       setHasMore(false);
      | ^^^^^^^^^^^^^^^^^^^^^^^^^^^^^^^^^^^^^^^^^^^^^^^^^^^^^^^^^^^^^^^^^^^^
> 167 |     } finally {
      | ^^^^^^^^^^^^^^^^^^^^^^^^^^^^^^^^^^^^^^^^^^^^^^^^^^^^^^^^^^^^^^^^^^^^
> 168 |       loadingMore.current = false;
      | ^^^^^^^^^^^^^^^^^^^^^^^^^^^^^^^^^^^^^^^^^^^^^^^^^^^^^^^^^^^^^^^^^^^^
> 169 |     }
      | ^^^^^^ (BuildHIR::lowerStatement) Handle TryStatement with a finalizer ('finally') clause
  170 |   }, [hasMore, rows.length]);
  171 |
  172 |   /*
    at new HIRBuilder (C:\Users\DboxAdmin\skill_projects\expense-tracker\node_modules\babel-plugin-react-compiler\dist\index.js:76126:19)
    at lower (C:\Users\DboxAdmin\skill_projects\expense-tracker\node_modules\babel-plugin-react-compiler\dist\index.js:78097:19)
    at runWithEnvironment (C:\Users\DboxAdmin\skill_projects\expense-tracker\node_modules\babel-plugin-react-compiler\dist\index.js:106368:15)
    at run (C:\Users\DboxAdmin\skill_projects\expense-tracker\node_modules\babel-plugin-react-compiler\dist\index.js:106361:10)
    at compileFn (C:\Users\DboxAdmin\skill_projects\expense-tracker\node_modules\babel-plugin-react-compiler\dist\index.js:106689:10)
    at tryCompileFunction (C:\Users\DboxAdmin\skill_projects\expense-tracker\node_modules\babel-plugin-react-compiler\dist\index.js:107289:19)
    at processFn (C:\Users\DboxAdmin\skill_projects\expense-tracker\node_modules\babel-plugin-react-compiler\dist\index.js:107226:25)
    at compileProgram (C:\Users\DboxAdmin\skill_projects\expense-tracker\node_modules\babel-plugin-react-compiler\dist\index.js:107107:22)
    at PluginPass.enter (C:\Users\DboxAdmin\skill_projects\expense-tracker\node_modules\babel-plugin-react-compiler\dist\index.js:108443:28)
    at newFn (C:\Users\DboxAdmin\skill_projects\expense-tracker\node_modules\@babel\traverse\lib\visitors.js:168:14)
    at NodePath._call (C:\Users\DboxAdmin\skill_projects\expense-tracker\node_modules\@babel\traverse\lib\path\context.js:50:20)
    at NodePath.call (C:\Users\DboxAdmin\skill_projects\expense-tracker\node_modules\@babel\traverse\lib\path\context.js:40:18)
    at NodePath.visit (C:\Users\DboxAdmin\skill_projects\expense-tracker\node_modules\@babel\traverse\lib\path\context.js:87:31)
    at TraversalContext.visitQueue (C:\Users\DboxAdmin\skill_projects\expense-tracker\node_modules\@babel\traverse\lib\context.js:96:16)
    at TraversalContext.visitSingle (C:\Users\DboxAdmin\skill_projects\expense-tracker\node_modules\@babel\traverse\lib\context.js:72:19)
    at TraversalContext.visit (C:\Users\DboxAdmin\skill_projects\expense-tracker\node_modules\@babel\traverse\lib\context.js:119:19)
    at traverseNode (C:\Users\DboxAdmin\skill_projects\expense-tracker\node_modules\@babel\traverse\lib\traverse-node.js:130:17)
    at traverse (C:\Users\DboxAdmin\skill_projects\expense-tracker\node_modules\@babel\traverse\lib\index.js:53:34)
    at transformFile (C:\Users\DboxAdmin\skill_projects\expense-tracker\node_modules\@babel\core\lib\transformation\index.js:79:29)
    at transformFile.next (<anonymous>)
    at run (C:\Users\DboxAdmin\skill_projects\expense-tracker\node_modules\@babel\core\lib\transformation\index.js:25:12)
    at run.next (<anonymous>)
    at transform (C:\Users\DboxAdmin\skill_projects\expense-tracker\node_modules\@babel\core\lib\transform.js:22:33)
    at transform.next (<anonymous>)
    at evaluateSync (C:\Users\DboxAdmin\skill_projects\expense-tracker\node_modules\gensync\index.js:251:28)
    at sync (C:\Users\DboxAdmin\skill_projects\expense-tracker\node_modules\gensync\index.js:89:14)
    at stopHiding - secret - don't use this - v1 (C:\Users\DboxAdmin\skill_projects\expense-tracker\node_modules\@babel\core\lib\errors\rewrite-stack-trace.js:47:12)
    at Object.transformSync (C:\Users\DboxAdmin\skill_projects\expense-tracker\node_modules\@babel\core\lib\transform.js:40:76)
    at parseWithBabel (C:\Users\DboxAdmin\skill_projects\expense-tracker\node_modules\@expo\metro-config\build\transformSync.js:75:18)
    at transformSync (C:\Users\DboxAdmin\skill_projects\expense-tracker\node_modules\@expo\metro-config\build\transformSync.js:54:16)
    at Object.transform (C:\Users\DboxAdmin\skill_projects\expense-tracker\node_modules\@expo\metro-config\build\babel-transformer.js:146:58)
    at transformJSWithBabel (C:\Users\DboxAdmin\skill_projects\expense-tracker\node_modules\@expo\metro-config\build\transform-worker\metro-transform-worker.js:495:47)
    at Object.transform (C:\Users\DboxAdmin\skill_projects\expense-tracker\node_modules\@expo\metro-config\build\transform-worker\metro-transform-worker.js:614:12)
    at Object.transform (C:\Users\DboxAdmin\skill_projects\expense-tracker\node_modules\@expo\metro-config\build\transform-worker\transform-worker.js:179:19)
    at transformFile (C:\Users\DboxAdmin\skill_projects\expense-tracker\node_modules\metro\src\DeltaBundler\Worker.flow.js:67:36)
    at Object.transform (C:\Users\DboxAdmin\skill_projects\expense-tracker\node_modules\metro\src\DeltaBundler\Worker.flow.js:42:10)
    at execFunction (C:\Users\DboxAdmin\skill_projects\expense-tracker\node_modules\jest-worker\build\workers\threadChild.js:167:17)
    at execHelper (C:\Users\DboxAdmin\skill_projects\expense-tracker\node_modules\jest-worker\build\workers\threadChild.js:155:5)
    at execMethod (C:\Users\DboxAdmin\skill_projects\expense-tracker\node_modules\jest-worker\build\workers\threadChild.js:158:5)
    at MessagePort.messageListener (C:\Users\DboxAdmin\skill_projects\expense-tracker\node_modules\jest-worker\build\workers\threadChild.js:52:7)
    at [nodejs.internal.kHybridDispatch] (node:internal/event_target:848:20)
 ERROR  ReactCompilerError: Found 2 errors:

Todo: (BuildHIR::lowerStatement) Handle TryStatement with a finalizer ('finally') clause

  110 |     loadingMore.current = true;
  111 |
> 112 |     try {
      |     ^^^^^
> 113 |       const repository = new ExpenseRepository(await getDatabase());
      | ^^^^^^^^^^^^^^^^^^^^^^^^^^^^^^^^^^^^^^^^^^^^^^^^^^^^^^^^^^^^^^^^^^^^
> 114 |       const page = await repository.listRecent({ limit: EXPENSE_PAGE_SIZE, offset: 0 });
      | ^^^^^^^^^^^^^^^^^^^^^^^^^^^^^^^^^^^^^^^^^^^^^^^^^^^^^^^^^^^^^^^^^^^^
> 115 |
      | ^^^^^^^^^^^^^^^^^^^^^^^^^^^^^^^^^^^^^^^^^^^^^^^^^^^^^^^^^^^^^^^^^^^^
> 116 |       setRows(page.expenses);
      | ^^^^^^^^^^^^^^^^^^^^^^^^^^^^^^^^^^^^^^^^^^^^^^^^^^^^^^^^^^^^^^^^^^^^
> 117 |       setHasMore(page.hasMore);
      | ^^^^^^^^^^^^^^^^^^^^^^^^^^^^^^^^^^^^^^^^^^^^^^^^^^^^^^^^^^^^^^^^^^^^
> 118 |       setStatus('ready');
      | ^^^^^^^^^^^^^^^^^^^^^^^^^^^^^^^^^^^^^^^^^^^^^^^^^^^^^^^^^^^^^^^^^^^^
> 119 |     } catch (error) {
      | ^^^^^^^^^^^^^^^^^^^^^^^^^^^^^^^^^^^^^^^^^^^^^^^^^^^^^^^^^^^^^^^^^^^^
> 120 |       // Rows already on screen are left alone; only a first load with nothing to
      | ^^^^^^^^^^^^^^^^^^^^^^^^^^^^^^^^^^^^^^^^^^^^^^^^^^^^^^^^^^^^^^^^^^^^
> 121 |       // show replaces them with an error.
      | ^^^^^^^^^^^^^^^^^^^^^^^^^^^^^^^^^^^^^^^^^^^^^^^^^^^^^^^^^^^^^^^^^^^^
> 122 |       console.warn('[expenses] could not load the first page', error);
      | ^^^^^^^^^^^^^^^^^^^^^^^^^^^^^^^^^^^^^^^^^^^^^^^^^^^^^^^^^^^^^^^^^^^^
> 123 |
      | ^^^^^^^^^^^^^^^^^^^^^^^^^^^^^^^^^^^^^^^^^^^^^^^^^^^^^^^^^^^^^^^^^^^^
> 124 |       if (rows.length === 0) {
      | ^^^^^^^^^^^^^^^^^^^^^^^^^^^^^^^^^^^^^^^^^^^^^^^^^^^^^^^^^^^^^^^^^^^^
> 125 |         setStatus('error');
      | ^^^^^^^^^^^^^^^^^^^^^^^^^^^^^^^^^^^^^^^^^^^^^^^^^^^^^^^^^^^^^^^^^^^^
> 126 |       }
      | ^^^^^^^^^^^^^^^^^^^^^^^^^^^^^^^^^^^^^^^^^^^^^^^^^^^^^^^^^^^^^^^^^^^^
> 127 |     } finally {
      | ^^^^^^^^^^^^^^^^^^^^^^^^^^^^^^^^^^^^^^^^^^^^^^^^^^^^^^^^^^^^^^^^^^^^
> 128 |       loadingMore.current = false;
      | ^^^^^^^^^^^^^^^^^^^^^^^^^^^^^^^^^^^^^^^^^^^^^^^^^^^^^^^^^^^^^^^^^^^^
> 129 |     }
      | ^^^^^^ (BuildHIR::lowerStatement) Handle TryStatement with a finalizer ('finally') clause
  130 |   }, [rows.length]);
  131 |
  132 |   const loadNextPage = useCallback(async () => {

Todo: (BuildHIR::lowerStatement) Handle TryStatement with a finalizer ('finally') clause

  140 |     loadingMore.current = true;
  141 |
> 142 |     try {
      |     ^^^^^
> 143 |       const repository = new ExpenseRepository(await getDatabase());
      | ^^^^^^^^^^^^^^^^^^^^^^^^^^^^^^^^^^^^^^^^^^^^^^^^^^^^^^^^^^^^^^^^^^^^
> 144 |       const page = await repository.listRecent({
      | ^^^^^^^^^^^^^^^^^^^^^^^^^^^^^^^^^^^^^^^^^^^^^^^^^^^^^^^^^^^^^^^^^^^^
> 145 |         limit: EXPENSE_PAGE_SIZE,
      | ^^^^^^^^^^^^^^^^^^^^^^^^^^^^^^^^^^^^^^^^^^^^^^^^^^^^^^^^^^^^^^^^^^^^
> 146 |         // Read against the rows on screen, not against a separate counter that
      | ^^^^^^^^^^^^^^^^^^^^^^^^^^^^^^^^^^^^^^^^^^^^^^^^^^^^^^^^^^^^^^^^^^^^
> 147 |         // could drift from them.
      | ^^^^^^^^^^^^^^^^^^^^^^^^^^^^^^^^^^^^^^^^^^^^^^^^^^^^^^^^^^^^^^^^^^^^
> 148 |         offset: rows.length,
      | ^^^^^^^^^^^^^^^^^^^^^^^^^^^^^^^^^^^^^^^^^^^^^^^^^^^^^^^^^^^^^^^^^^^^
> 149 |       });
      | ^^^^^^^^^^^^^^^^^^^^^^^^^^^^^^^^^^^^^^^^^^^^^^^^^^^^^^^^^^^^^^^^^^^^
> 150 |
      | ^^^^^^^^^^^^^^^^^^^^^^^^^^^^^^^^^^^^^^^^^^^^^^^^^^^^^^^^^^^^^^^^^^^^
> 151 |       setHasMore(page.hasMore);
      | ^^^^^^^^^^^^^^^^^^^^^^^^^^^^^^^^^^^^^^^^^^^^^^^^^^^^^^^^^^^^^^^^^^^^
> 152 |
      | ^^^^^^^^^^^^^^^^^^^^^^^^^^^^^^^^^^^^^^^^^^^^^^^^^^^^^^^^^^^^^^^^^^^^
> 153 |       if (page.expenses.length > 0) {
      | ^^^^^^^^^^^^^^^^^^^^^^^^^^^^^^^^^^^^^^^^^^^^^^^^^^^^^^^^^^^^^^^^^^^^
> 154 |         // Append. These are the same row objects the query returned, so the
      | ^^^^^^^^^^^^^^^^^^^^^^^^^^^^^^^^^^^^^^^^^^^^^^^^^^^^^^^^^^^^^^^^^^^^
> 155 |         // rows already on screen keep their identity and do not re-render.
      | ^^^^^^^^^^^^^^^^^^^^^^^^^^^^^^^^^^^^^^^^^^^^^^^^^^^^^^^^^^^^^^^^^^^^
> 156 |         setRows((current) => [...current, ...page.expenses]);
      | ^^^^^^^^^^^^^^^^^^^^^^^^^^^^^^^^^^^^^^^^^^^^^^^^^^^^^^^^^^^^^^^^^^^^
> 157 |       }
      | ^^^^^^^^^^^^^^^^^^^^^^^^^^^^^^^^^^^^^^^^^^^^^^^^^^^^^^^^^^^^^^^^^^^^
> 158 |     } catch (error) {
      | ^^^^^^^^^^^^^^^^^^^^^^^^^^^^^^^^^^^^^^^^^^^^^^^^^^^^^^^^^^^^^^^^^^^^
> 159 |       /*
      | ^^^^^^^^^^^^^^^^^^^^^^^^^^^^^^^^^^^^^^^^^^^^^^^^^^^^^^^^^^^^^^^^^^^^
> 160 |         Stop paging rather than looping. A failure here leaves the offset where it
      | ^^^^^^^^^^^^^^^^^^^^^^^^^^^^^^^^^^^^^^^^^^^^^^^^^^^^^^^^^^^^^^^^^^^^
> 161 |         was, so the next scroll would ask for the same page again and keep
      | ^^^^^^^^^^^^^^^^^^^^^^^^^^^^^^^^^^^^^^^^^^^^^^^^^^^^^^^^^^^^^^^^^^^^
> 162 |         failing; clearing `hasMore` turns the footer into "End of history" and
      | ^^^^^^^^^^^^^^^^^^^^^^^^^^^^^^^^^^^^^^^^^^^^^^^^^^^^^^^^^^^^^^^^^^^^
> 163 |         leaves a working part of the list rather than an endless spinner.
      | ^^^^^^^^^^^^^^^^^^^^^^^^^^^^^^^^^^^^^^^^^^^^^^^^^^^^^^^^^^^^^^^^^^^^
> 164 |       */
      | ^^^^^^^^^^^^^^^^^^^^^^^^^^^^^^^^^^^^^^^^^^^^^^^^^^^^^^^^^^^^^^^^^^^^
> 165 |       console.warn('[expenses] could not load the next page', error);
      | ^^^^^^^^^^^^^^^^^^^^^^^^^^^^^^^^^^^^^^^^^^^^^^^^^^^^^^^^^^^^^^^^^^^^
> 166 |       setHasMore(false);
      | ^^^^^^^^^^^^^^^^^^^^^^^^^^^^^^^^^^^^^^^^^^^^^^^^^^^^^^^^^^^^^^^^^^^^
> 167 |     } finally {
      | ^^^^^^^^^^^^^^^^^^^^^^^^^^^^^^^^^^^^^^^^^^^^^^^^^^^^^^^^^^^^^^^^^^^^
> 168 |       loadingMore.current = false;
      | ^^^^^^^^^^^^^^^^^^^^^^^^^^^^^^^^^^^^^^^^^^^^^^^^^^^^^^^^^^^^^^^^^^^^
> 169 |     }
      | ^^^^^^ (BuildHIR::lowerStatement) Handle TryStatement with a finalizer ('finally') clause
  170 |   }, [hasMore, rows.length]);
  171 |
  172 |   /*
    at new HIRBuilder (C:\Users\DboxAdmin\skill_projects\expense-tracker\node_modules\babel-plugin-react-compiler\dist\index.js:76126:19)
    at lower (C:\Users\DboxAdmin\skill_projects\expense-tracker\node_modules\babel-plugin-react-compiler\dist\index.js:78097:19)
    at runWithEnvironment (C:\Users\DboxAdmin\skill_projects\expense-tracker\node_modules\babel-plugin-react-compiler\dist\index.js:106368:15)
    at run (C:\Users\DboxAdmin\skill_projects\expense-tracker\node_modules\babel-plugin-react-compiler\dist\index.js:106361:10)
    at compileFn (C:\Users\DboxAdmin\skill_projects\expense-tracker\node_modules\babel-plugin-react-compiler\dist\index.js:106689:10)
    at tryCompileFunction (C:\Users\DboxAdmin\skill_projects\expense-tracker\node_modules\babel-plugin-react-compiler\dist\index.js:107289:19)
    at processFn (C:\Users\DboxAdmin\skill_projects\expense-tracker\node_modules\babel-plugin-react-compiler\dist\index.js:107226:25)
    at compileProgram (C:\Users\DboxAdmin\skill_projects\expense-tracker\node_modules\babel-plugin-react-compiler\dist\index.js:107107:22)
    at PluginPass.enter (C:\Users\DboxAdmin\skill_projects\expense-tracker\node_modules\babel-plugin-react-compiler\dist\index.js:108443:28)
    at newFn (C:\Users\DboxAdmin\skill_projects\expense-tracker\node_modules\@babel\traverse\lib\visitors.js:168:14)
    at NodePath._call (C:\Users\DboxAdmin\skill_projects\expense-tracker\node_modules\@babel\traverse\lib\path\context.js:50:20)
    at NodePath.call (C:\Users\DboxAdmin\skill_projects\expense-tracker\node_modules\@babel\traverse\lib\path\context.js:40:18)
    at NodePath.visit (C:\Users\DboxAdmin\skill_projects\expense-tracker\node_modules\@babel\traverse\lib\path\context.js:87:31)
    at TraversalContext.visitQueue (C:\Users\DboxAdmin\skill_projects\expense-tracker\node_modules\@babel\traverse\lib\context.js:96:16)
    at TraversalContext.visitSingle (C:\Users\DboxAdmin\skill_projects\expense-tracker\node_modules\@babel\traverse\lib\context.js:72:19)
    at TraversalContext.visit (C:\Users\DboxAdmin\skill_projects\expense-tracker\node_modules\@babel\traverse\lib\context.js:119:19)
    at traverseNode (C:\Users\DboxAdmin\skill_projects\expense-tracker\node_modules\@babel\traverse\lib\traverse-node.js:130:17)
    at traverse (C:\Users\DboxAdmin\skill_projects\expense-tracker\node_modules\@babel\traverse\lib\index.js:53:34)
    at transformFile (C:\Users\DboxAdmin\skill_projects\expense-tracker\node_modules\@babel\core\lib\transformation\index.js:79:29)
    at transformFile.next (<anonymous>)
    at run (C:\Users\DboxAdmin\skill_projects\expense-tracker\node_modules\@babel\core\lib\transformation\index.js:25:12)
    at run.next (<anonymous>)
    at transform (C:\Users\DboxAdmin\skill_projects\expense-tracker\node_modules\@babel\core\lib\transform.js:22:33)
    at transform.next (<anonymous>)
    at evaluateSync (C:\Users\DboxAdmin\skill_projects\expense-tracker\node_modules\gensync\index.js:251:28)
    at sync (C:\Users\DboxAdmin\skill_projects\expense-tracker\node_modules\gensync\index.js:89:14)
    at stopHiding - secret - don't use this - v1 (C:\Users\DboxAdmin\skill_projects\expense-tracker\node_modules\@babel\core\lib\errors\rewrite-stack-trace.js:47:12)
    at Object.transformSync (C:\Users\DboxAdmin\skill_projects\expense-tracker\node_modules\@babel\core\lib\transform.js:40:76)
    at parseWithBabel (C:\Users\DboxAdmin\skill_projects\expense-tracker\node_modules\@expo\metro-config\build\transformSync.js:75:18)
    at transformSync (C:\Users\DboxAdmin\skill_projects\expense-tracker\node_modules\@expo\metro-config\build\transformSync.js:54:16)
    at Object.transform (C:\Users\DboxAdmin\skill_projects\expense-tracker\node_modules\@expo\metro-config\build\babel-transformer.js:146:58)
    at transformJSWithBabel (C:\Users\DboxAdmin\skill_projects\expense-tracker\node_modules\@expo\metro-config\build\transform-worker\metro-transform-worker.js:495:47)
    at Object.transform (C:\Users\DboxAdmin\skill_projects\expense-tracker\node_modules\@expo\metro-config\build\transform-worker\metro-transform-worker.js:614:12)
    at Object.transform (C:\Users\DboxAdmin\skill_projects\expense-tracker\node_modules\@expo\metro-config\build\transform-worker\transform-worker.js:179:19)
    at transformFile (C:\Users\DboxAdmin\skill_projects\expense-tracker\node_modules\metro\src\DeltaBundler\Worker.flow.js:67:36)
    at Object.transform (C:\Users\DboxAdmin\skill_projects\expense-tracker\node_modules\metro\src\DeltaBundler\Worker.flow.js:42:10)
    at execFunction (C:\Users\DboxAdmin\skill_projects\expense-tracker\node_modules\jest-worker\build\workers\threadChild.js:167:17)
    at execHelper (C:\Users\DboxAdmin\skill_projects\expense-tracker\node_modules\jest-worker\build\workers\threadChild.js:155:5)
    at execMethod (C:\Users\DboxAdmin\skill_projects\expense-tracker\node_modules\jest-worker\build\workers\threadChild.js:158:5)
    at MessagePort.messageListener (C:\Users\DboxAdmin\skill_projects\expense-tracker\node_modules\jest-worker\build\workers\threadChild.js:52:7)
    at [nodejs.internal.kHybridDispatch] (node:internal/event_target:848:20)
 ERROR  ReactCompilerError: Found 2 errors:

Todo: (BuildHIR::lowerStatement) Handle TryStatement with a finalizer ('finally') clause

  110 |     loadingMore.current = true;
  111 |
> 112 |     try {
      |     ^^^^^
> 113 |       const repository = new ExpenseRepository(await getDatabase());
      | ^^^^^^^^^^^^^^^^^^^^^^^^^^^^^^^^^^^^^^^^^^^^^^^^^^^^^^^^^^^^^^^^^^^^
> 114 |       const page = await repository.listRecent({ limit: EXPENSE_PAGE_SIZE, offset: 0 });
      | ^^^^^^^^^^^^^^^^^^^^^^^^^^^^^^^^^^^^^^^^^^^^^^^^^^^^^^^^^^^^^^^^^^^^
> 115 |
      | ^^^^^^^^^^^^^^^^^^^^^^^^^^^^^^^^^^^^^^^^^^^^^^^^^^^^^^^^^^^^^^^^^^^^
> 116 |       setRows(page.expenses);
      | ^^^^^^^^^^^^^^^^^^^^^^^^^^^^^^^^^^^^^^^^^^^^^^^^^^^^^^^^^^^^^^^^^^^^
> 117 |       setHasMore(page.hasMore);
      | ^^^^^^^^^^^^^^^^^^^^^^^^^^^^^^^^^^^^^^^^^^^^^^^^^^^^^^^^^^^^^^^^^^^^
> 118 |       setStatus('ready');
      | ^^^^^^^^^^^^^^^^^^^^^^^^^^^^^^^^^^^^^^^^^^^^^^^^^^^^^^^^^^^^^^^^^^^^
> 119 |     } catch (error) {
      | ^^^^^^^^^^^^^^^^^^^^^^^^^^^^^^^^^^^^^^^^^^^^^^^^^^^^^^^^^^^^^^^^^^^^
> 120 |       // Rows already on screen are left alone; only a first load with nothing to
      | ^^^^^^^^^^^^^^^^^^^^^^^^^^^^^^^^^^^^^^^^^^^^^^^^^^^^^^^^^^^^^^^^^^^^
> 121 |       // show replaces them with an error.
      | ^^^^^^^^^^^^^^^^^^^^^^^^^^^^^^^^^^^^^^^^^^^^^^^^^^^^^^^^^^^^^^^^^^^^
> 122 |       console.warn('[expenses] could not load the first page', error);
      | ^^^^^^^^^^^^^^^^^^^^^^^^^^^^^^^^^^^^^^^^^^^^^^^^^^^^^^^^^^^^^^^^^^^^
> 123 |
      | ^^^^^^^^^^^^^^^^^^^^^^^^^^^^^^^^^^^^^^^^^^^^^^^^^^^^^^^^^^^^^^^^^^^^
> 124 |       if (rows.length === 0) {
      | ^^^^^^^^^^^^^^^^^^^^^^^^^^^^^^^^^^^^^^^^^^^^^^^^^^^^^^^^^^^^^^^^^^^^
> 125 |         setStatus('error');
      | ^^^^^^^^^^^^^^^^^^^^^^^^^^^^^^^^^^^^^^^^^^^^^^^^^^^^^^^^^^^^^^^^^^^^
> 126 |       }
      | ^^^^^^^^^^^^^^^^^^^^^^^^^^^^^^^^^^^^^^^^^^^^^^^^^^^^^^^^^^^^^^^^^^^^
> 127 |     } finally {
      | ^^^^^^^^^^^^^^^^^^^^^^^^^^^^^^^^^^^^^^^^^^^^^^^^^^^^^^^^^^^^^^^^^^^^
> 128 |       loadingMore.current = false;
      | ^^^^^^^^^^^^^^^^^^^^^^^^^^^^^^^^^^^^^^^^^^^^^^^^^^^^^^^^^^^^^^^^^^^^
> 129 |     }
      | ^^^^^^ (BuildHIR::lowerStatement) Handle TryStatement with a finalizer ('finally') clause
  130 |   }, [rows.length]);
  131 |
  132 |   const loadNextPage = useCallback(async () => {

Todo: (BuildHIR::lowerStatement) Handle TryStatement with a finalizer ('finally') clause

  140 |     loadingMore.current = true;
  141 |
> 142 |     try {
      |     ^^^^^
> 143 |       const repository = new ExpenseRepository(await getDatabase());
      | ^^^^^^^^^^^^^^^^^^^^^^^^^^^^^^^^^^^^^^^^^^^^^^^^^^^^^^^^^^^^^^^^^^^^
> 144 |       const page = await repository.listRecent({
      | ^^^^^^^^^^^^^^^^^^^^^^^^^^^^^^^^^^^^^^^^^^^^^^^^^^^^^^^^^^^^^^^^^^^^
> 145 |         limit: EXPENSE_PAGE_SIZE,
      | ^^^^^^^^^^^^^^^^^^^^^^^^^^^^^^^^^^^^^^^^^^^^^^^^^^^^^^^^^^^^^^^^^^^^
> 146 |         // Read against the rows on screen, not against a separate counter that
      | ^^^^^^^^^^^^^^^^^^^^^^^^^^^^^^^^^^^^^^^^^^^^^^^^^^^^^^^^^^^^^^^^^^^^
> 147 |         // could drift from them.
      | ^^^^^^^^^^^^^^^^^^^^^^^^^^^^^^^^^^^^^^^^^^^^^^^^^^^^^^^^^^^^^^^^^^^^
> 148 |         offset: rows.length,
      | ^^^^^^^^^^^^^^^^^^^^^^^^^^^^^^^^^^^^^^^^^^^^^^^^^^^^^^^^^^^^^^^^^^^^
> 149 |       });
      | ^^^^^^^^^^^^^^^^^^^^^^^^^^^^^^^^^^^^^^^^^^^^^^^^^^^^^^^^^^^^^^^^^^^^
> 150 |
      | ^^^^^^^^^^^^^^^^^^^^^^^^^^^^^^^^^^^^^^^^^^^^^^^^^^^^^^^^^^^^^^^^^^^^
> 151 |       setHasMore(page.hasMore);
      | ^^^^^^^^^^^^^^^^^^^^^^^^^^^^^^^^^^^^^^^^^^^^^^^^^^^^^^^^^^^^^^^^^^^^
> 152 |
      | ^^^^^^^^^^^^^^^^^^^^^^^^^^^^^^^^^^^^^^^^^^^^^^^^^^^^^^^^^^^^^^^^^^^^
> 153 |       if (page.expenses.length > 0) {
      | ^^^^^^^^^^^^^^^^^^^^^^^^^^^^^^^^^^^^^^^^^^^^^^^^^^^^^^^^^^^^^^^^^^^^
> 154 |         // Append. These are the same row objects the query returned, so the
      | ^^^^^^^^^^^^^^^^^^^^^^^^^^^^^^^^^^^^^^^^^^^^^^^^^^^^^^^^^^^^^^^^^^^^
> 155 |         // rows already on screen keep their identity and do not re-render.
      | ^^^^^^^^^^^^^^^^^^^^^^^^^^^^^^^^^^^^^^^^^^^^^^^^^^^^^^^^^^^^^^^^^^^^
> 156 |         setRows((current) => [...current, ...page.expenses]);
      | ^^^^^^^^^^^^^^^^^^^^^^^^^^^^^^^^^^^^^^^^^^^^^^^^^^^^^^^^^^^^^^^^^^^^
> 157 |       }
      | ^^^^^^^^^^^^^^^^^^^^^^^^^^^^^^^^^^^^^^^^^^^^^^^^^^^^^^^^^^^^^^^^^^^^
> 158 |     } catch (error) {
      | ^^^^^^^^^^^^^^^^^^^^^^^^^^^^^^^^^^^^^^^^^^^^^^^^^^^^^^^^^^^^^^^^^^^^
> 159 |       /*
      | ^^^^^^^^^^^^^^^^^^^^^^^^^^^^^^^^^^^^^^^^^^^^^^^^^^^^^^^^^^^^^^^^^^^^
> 160 |         Stop paging rather than looping. A failure here leaves the offset where it
      | ^^^^^^^^^^^^^^^^^^^^^^^^^^^^^^^^^^^^^^^^^^^^^^^^^^^^^^^^^^^^^^^^^^^^
> 161 |         was, so the next scroll would ask for the same page again and keep
      | ^^^^^^^^^^^^^^^^^^^^^^^^^^^^^^^^^^^^^^^^^^^^^^^^^^^^^^^^^^^^^^^^^^^^
> 162 |         failing; clearing `hasMore` turns the footer into "End of history" and
      | ^^^^^^^^^^^^^^^^^^^^^^^^^^^^^^^^^^^^^^^^^^^^^^^^^^^^^^^^^^^^^^^^^^^^
> 163 |         leaves a working part of the list rather than an endless spinner.
      | ^^^^^^^^^^^^^^^^^^^^^^^^^^^^^^^^^^^^^^^^^^^^^^^^^^^^^^^^^^^^^^^^^^^^
> 164 |       */
      | ^^^^^^^^^^^^^^^^^^^^^^^^^^^^^^^^^^^^^^^^^^^^^^^^^^^^^^^^^^^^^^^^^^^^
> 165 |       console.warn('[expenses] could not load the next page', error);
      | ^^^^^^^^^^^^^^^^^^^^^^^^^^^^^^^^^^^^^^^^^^^^^^^^^^^^^^^^^^^^^^^^^^^^
> 166 |       setHasMore(false);
      | ^^^^^^^^^^^^^^^^^^^^^^^^^^^^^^^^^^^^^^^^^^^^^^^^^^^^^^^^^^^^^^^^^^^^
> 167 |     } finally {
      | ^^^^^^^^^^^^^^^^^^^^^^^^^^^^^^^^^^^^^^^^^^^^^^^^^^^^^^^^^^^^^^^^^^^^
> 168 |       loadingMore.current = false;
      | ^^^^^^^^^^^^^^^^^^^^^^^^^^^^^^^^^^^^^^^^^^^^^^^^^^^^^^^^^^^^^^^^^^^^
> 169 |     }
      | ^^^^^^ (BuildHIR::lowerStatement) Handle TryStatement with a finalizer ('finally') clause
  170 |   }, [hasMore, rows.length]);
  171 |
  172 |   /*
    at new HIRBuilder (C:\Users\DboxAdmin\skill_projects\expense-tracker\node_modules\babel-plugin-react-compiler\dist\index.js:76126:19)
    at lower (C:\Users\DboxAdmin\skill_projects\expense-tracker\node_modules\babel-plugin-react-compiler\dist\index.js:78097:19)
    at runWithEnvironment (C:\Users\DboxAdmin\skill_projects\expense-tracker\node_modules\babel-plugin-react-compiler\dist\index.js:106368:15)
    at run (C:\Users\DboxAdmin\skill_projects\expense-tracker\node_modules\babel-plugin-react-compiler\dist\index.js:106361:10)
    at compileFn (C:\Users\DboxAdmin\skill_projects\expense-tracker\node_modules\babel-plugin-react-compiler\dist\index.js:106689:10)
    at tryCompileFunction (C:\Users\DboxAdmin\skill_projects\expense-tracker\node_modules\babel-plugin-react-compiler\dist\index.js:107289:19)
    at processFn (C:\Users\DboxAdmin\skill_projects\expense-tracker\node_modules\babel-plugin-react-compiler\dist\index.js:107226:25)
    at compileProgram (C:\Users\DboxAdmin\skill_projects\expense-tracker\node_modules\babel-plugin-react-compiler\dist\index.js:107107:22)
    at PluginPass.enter (C:\Users\DboxAdmin\skill_projects\expense-tracker\node_modules\babel-plugin-react-compiler\dist\index.js:108443:28)
    at newFn (C:\Users\DboxAdmin\skill_projects\expense-tracker\node_modules\@babel\traverse\lib\visitors.js:168:14)
    at NodePath._call (C:\Users\DboxAdmin\skill_projects\expense-tracker\node_modules\@babel\traverse\lib\path\context.js:50:20)
    at NodePath.call (C:\Users\DboxAdmin\skill_projects\expense-tracker\node_modules\@babel\traverse\lib\path\context.js:40:18)
    at NodePath.visit (C:\Users\DboxAdmin\skill_projects\expense-tracker\node_modules\@babel\traverse\lib\path\context.js:87:31)
    at TraversalContext.visitQueue (C:\Users\DboxAdmin\skill_projects\expense-tracker\node_modules\@babel\traverse\lib\context.js:96:16)
    at TraversalContext.visitSingle (C:\Users\DboxAdmin\skill_projects\expense-tracker\node_modules\@babel\traverse\lib\context.js:72:19)
    at TraversalContext.visit (C:\Users\DboxAdmin\skill_projects\expense-tracker\node_modules\@babel\traverse\lib\context.js:119:19)
    at traverseNode (C:\Users\DboxAdmin\skill_projects\expense-tracker\node_modules\@babel\traverse\lib\traverse-node.js:130:17)
    at traverse (C:\Users\DboxAdmin\skill_projects\expense-tracker\node_modules\@babel\traverse\lib\index.js:53:34)
    at transformFile (C:\Users\DboxAdmin\skill_projects\expense-tracker\node_modules\@babel\core\lib\transformation\index.js:79:29)
    at transformFile.next (<anonymous>)
    at run (C:\Users\DboxAdmin\skill_projects\expense-tracker\node_modules\@babel\core\lib\transformation\index.js:25:12)
    at run.next (<anonymous>)
    at transform (C:\Users\DboxAdmin\skill_projects\expense-tracker\node_modules\@babel\core\lib\transform.js:22:33)
    at transform.next (<anonymous>)
    at evaluateSync (C:\Users\DboxAdmin\skill_projects\expense-tracker\node_modules\gensync\index.js:251:28)
    at sync (C:\Users\DboxAdmin\skill_projects\expense-tracker\node_modules\gensync\index.js:89:14)
    at stopHiding - secret - don't use this - v1 (C:\Users\DboxAdmin\skill_projects\expense-tracker\node_modules\@babel\core\lib\errors\rewrite-stack-trace.js:47:12)
    at Object.transformSync (C:\Users\DboxAdmin\skill_projects\expense-tracker\node_modules\@babel\core\lib\transform.js:40:76)
    at parseWithBabel (C:\Users\DboxAdmin\skill_projects\expense-tracker\node_modules\@expo\metro-config\build\transformSync.js:75:18)
    at transformSync (C:\Users\DboxAdmin\skill_projects\expense-tracker\node_modules\@expo\metro-config\build\transformSync.js:54:16)
    at Object.transform (C:\Users\DboxAdmin\skill_projects\expense-tracker\node_modules\@expo\metro-config\build\babel-transformer.js:146:58)
    at transformJSWithBabel (C:\Users\DboxAdmin\skill_projects\expense-tracker\node_modules\@expo\metro-config\build\transform-worker\metro-transform-worker.js:495:47)
    at Object.transform (C:\Users\DboxAdmin\skill_projects\expense-tracker\node_modules\@expo\metro-config\build\transform-worker\metro-transform-worker.js:614:12)
    at Object.transform (C:\Users\DboxAdmin\skill_projects\expense-tracker\node_modules\@expo\metro-config\build\transform-worker\transform-worker.js:179:19)
    at transformFile (C:\Users\DboxAdmin\skill_projects\expense-tracker\node_modules\metro\src\DeltaBundler\Worker.flow.js:67:36)
    at Object.transform (C:\Users\DboxAdmin\skill_projects\expense-tracker\node_modules\metro\src\DeltaBundler\Worker.flow.js:42:10)
    at execFunction (C:\Users\DboxAdmin\skill_projects\expense-tracker\node_modules\jest-worker\build\workers\threadChild.js:167:17)
    at execHelper (C:\Users\DboxAdmin\skill_projects\expense-tracker\node_modules\jest-worker\build\workers\threadChild.js:155:5)
    at execMethod (C:\Users\DboxAdmin\skill_projects\expense-tracker\node_modules\jest-worker\build\workers\threadChild.js:158:5)
    at MessagePort.messageListener (C:\Users\DboxAdmin\skill_projects\expense-tracker\node_modules\jest-worker\build\workers\threadChild.js:52:7)
    at [nodejs.internal.kHybridDispatch] (node:internal/event_target:848:20)
 ERROR  ReactCompilerError: Found 2 errors:

Todo: (BuildHIR::lowerStatement) Handle TryStatement with a finalizer ('finally') clause

  110 |     loadingMore.current = true;
  111 |
> 112 |     try {
      |     ^^^^^
> 113 |       const repository = new ExpenseRepository(await getDatabase());
      | ^^^^^^^^^^^^^^^^^^^^^^^^^^^^^^^^^^^^^^^^^^^^^^^^^^^^^^^^^^^^^^^^^^^^
> 114 |       const page = await repository.listRecent({ limit: EXPENSE_PAGE_SIZE, offset: 0 });
      | ^^^^^^^^^^^^^^^^^^^^^^^^^^^^^^^^^^^^^^^^^^^^^^^^^^^^^^^^^^^^^^^^^^^^
> 115 |
      | ^^^^^^^^^^^^^^^^^^^^^^^^^^^^^^^^^^^^^^^^^^^^^^^^^^^^^^^^^^^^^^^^^^^^
> 116 |       setRows(page.expenses);
      | ^^^^^^^^^^^^^^^^^^^^^^^^^^^^^^^^^^^^^^^^^^^^^^^^^^^^^^^^^^^^^^^^^^^^
> 117 |       setHasMore(page.hasMore);
      | ^^^^^^^^^^^^^^^^^^^^^^^^^^^^^^^^^^^^^^^^^^^^^^^^^^^^^^^^^^^^^^^^^^^^
> 118 |       setStatus('ready');
      | ^^^^^^^^^^^^^^^^^^^^^^^^^^^^^^^^^^^^^^^^^^^^^^^^^^^^^^^^^^^^^^^^^^^^
> 119 |     } catch (error) {
      | ^^^^^^^^^^^^^^^^^^^^^^^^^^^^^^^^^^^^^^^^^^^^^^^^^^^^^^^^^^^^^^^^^^^^
> 120 |       // Rows already on screen are left alone; only a first load with nothing to
      | ^^^^^^^^^^^^^^^^^^^^^^^^^^^^^^^^^^^^^^^^^^^^^^^^^^^^^^^^^^^^^^^^^^^^
> 121 |       // show replaces them with an error.
      | ^^^^^^^^^^^^^^^^^^^^^^^^^^^^^^^^^^^^^^^^^^^^^^^^^^^^^^^^^^^^^^^^^^^^
> 122 |       console.warn('[expenses] could not load the first page', error);
      | ^^^^^^^^^^^^^^^^^^^^^^^^^^^^^^^^^^^^^^^^^^^^^^^^^^^^^^^^^^^^^^^^^^^^
> 123 |
      | ^^^^^^^^^^^^^^^^^^^^^^^^^^^^^^^^^^^^^^^^^^^^^^^^^^^^^^^^^^^^^^^^^^^^
> 124 |       if (rows.length === 0) {
      | ^^^^^^^^^^^^^^^^^^^^^^^^^^^^^^^^^^^^^^^^^^^^^^^^^^^^^^^^^^^^^^^^^^^^
> 125 |         setStatus('error');
      | ^^^^^^^^^^^^^^^^^^^^^^^^^^^^^^^^^^^^^^^^^^^^^^^^^^^^^^^^^^^^^^^^^^^^
> 126 |       }
      | ^^^^^^^^^^^^^^^^^^^^^^^^^^^^^^^^^^^^^^^^^^^^^^^^^^^^^^^^^^^^^^^^^^^^
> 127 |     } finally {
      | ^^^^^^^^^^^^^^^^^^^^^^^^^^^^^^^^^^^^^^^^^^^^^^^^^^^^^^^^^^^^^^^^^^^^
> 128 |       loadingMore.current = false;
      | ^^^^^^^^^^^^^^^^^^^^^^^^^^^^^^^^^^^^^^^^^^^^^^^^^^^^^^^^^^^^^^^^^^^^
> 129 |     }
      | ^^^^^^ (BuildHIR::lowerStatement) Handle TryStatement with a finalizer ('finally') clause
  130 |   }, [rows.length]);
  131 |
  132 |   const loadNextPage = useCallback(async () => {

Todo: (BuildHIR::lowerStatement) Handle TryStatement with a finalizer ('finally') clause

  140 |     loadingMore.current = true;
  141 |
> 142 |     try {
      |     ^^^^^
> 143 |       const repository = new ExpenseRepository(await getDatabase());
      | ^^^^^^^^^^^^^^^^^^^^^^^^^^^^^^^^^^^^^^^^^^^^^^^^^^^^^^^^^^^^^^^^^^^^
> 144 |       const page = await repository.listRecent({
      | ^^^^^^^^^^^^^^^^^^^^^^^^^^^^^^^^^^^^^^^^^^^^^^^^^^^^^^^^^^^^^^^^^^^^
> 145 |         limit: EXPENSE_PAGE_SIZE,
      | ^^^^^^^^^^^^^^^^^^^^^^^^^^^^^^^^^^^^^^^^^^^^^^^^^^^^^^^^^^^^^^^^^^^^
> 146 |         // Read against the rows on screen, not against a separate counter that
      | ^^^^^^^^^^^^^^^^^^^^^^^^^^^^^^^^^^^^^^^^^^^^^^^^^^^^^^^^^^^^^^^^^^^^
> 147 |         // could drift from them.
      | ^^^^^^^^^^^^^^^^^^^^^^^^^^^^^^^^^^^^^^^^^^^^^^^^^^^^^^^^^^^^^^^^^^^^
> 148 |         offset: rows.length,
      | ^^^^^^^^^^^^^^^^^^^^^^^^^^^^^^^^^^^^^^^^^^^^^^^^^^^^^^^^^^^^^^^^^^^^
> 149 |       });
      | ^^^^^^^^^^^^^^^^^^^^^^^^^^^^^^^^^^^^^^^^^^^^^^^^^^^^^^^^^^^^^^^^^^^^
> 150 |
      | ^^^^^^^^^^^^^^^^^^^^^^^^^^^^^^^^^^^^^^^^^^^^^^^^^^^^^^^^^^^^^^^^^^^^
> 151 |       setHasMore(page.hasMore);
      | ^^^^^^^^^^^^^^^^^^^^^^^^^^^^^^^^^^^^^^^^^^^^^^^^^^^^^^^^^^^^^^^^^^^^
> 152 |
      | ^^^^^^^^^^^^^^^^^^^^^^^^^^^^^^^^^^^^^^^^^^^^^^^^^^^^^^^^^^^^^^^^^^^^
> 153 |       if (page.expenses.length > 0) {
      | ^^^^^^^^^^^^^^^^^^^^^^^^^^^^^^^^^^^^^^^^^^^^^^^^^^^^^^^^^^^^^^^^^^^^
> 154 |         // Append. These are the same row objects the query returned, so the
      | ^^^^^^^^^^^^^^^^^^^^^^^^^^^^^^^^^^^^^^^^^^^^^^^^^^^^^^^^^^^^^^^^^^^^
> 155 |         // rows already on screen keep their identity and do not re-render.
      | ^^^^^^^^^^^^^^^^^^^^^^^^^^^^^^^^^^^^^^^^^^^^^^^^^^^^^^^^^^^^^^^^^^^^
> 156 |         setRows((current) => [...current, ...page.expenses]);
      | ^^^^^^^^^^^^^^^^^^^^^^^^^^^^^^^^^^^^^^^^^^^^^^^^^^^^^^^^^^^^^^^^^^^^
> 157 |       }
      | ^^^^^^^^^^^^^^^^^^^^^^^^^^^^^^^^^^^^^^^^^^^^^^^^^^^^^^^^^^^^^^^^^^^^
> 158 |     } catch (error) {
      | ^^^^^^^^^^^^^^^^^^^^^^^^^^^^^^^^^^^^^^^^^^^^^^^^^^^^^^^^^^^^^^^^^^^^
> 159 |       /*
      | ^^^^^^^^^^^^^^^^^^^^^^^^^^^^^^^^^^^^^^^^^^^^^^^^^^^^^^^^^^^^^^^^^^^^
> 160 |         Stop paging rather than looping. A failure here leaves the offset where it
      | ^^^^^^^^^^^^^^^^^^^^^^^^^^^^^^^^^^^^^^^^^^^^^^^^^^^^^^^^^^^^^^^^^^^^
> 161 |         was, so the next scroll would ask for the same page again and keep
      | ^^^^^^^^^^^^^^^^^^^^^^^^^^^^^^^^^^^^^^^^^^^^^^^^^^^^^^^^^^^^^^^^^^^^
> 162 |         failing; clearing `hasMore` turns the footer into "End of history" and
      | ^^^^^^^^^^^^^^^^^^^^^^^^^^^^^^^^^^^^^^^^^^^^^^^^^^^^^^^^^^^^^^^^^^^^
> 163 |         leaves a working part of the list rather than an endless spinner.
      | ^^^^^^^^^^^^^^^^^^^^^^^^^^^^^^^^^^^^^^^^^^^^^^^^^^^^^^^^^^^^^^^^^^^^
> 164 |       */
      | ^^^^^^^^^^^^^^^^^^^^^^^^^^^^^^^^^^^^^^^^^^^^^^^^^^^^^^^^^^^^^^^^^^^^
> 165 |       console.warn('[expenses] could not load the next page', error);
      | ^^^^^^^^^^^^^^^^^^^^^^^^^^^^^^^^^^^^^^^^^^^^^^^^^^^^^^^^^^^^^^^^^^^^
> 166 |       setHasMore(false);
      | ^^^^^^^^^^^^^^^^^^^^^^^^^^^^^^^^^^^^^^^^^^^^^^^^^^^^^^^^^^^^^^^^^^^^
> 167 |     } finally {
      | ^^^^^^^^^^^^^^^^^^^^^^^^^^^^^^^^^^^^^^^^^^^^^^^^^^^^^^^^^^^^^^^^^^^^
> 168 |       loadingMore.current = false;
      | ^^^^^^^^^^^^^^^^^^^^^^^^^^^^^^^^^^^^^^^^^^^^^^^^^^^^^^^^^^^^^^^^^^^^
> 169 |     }
      | ^^^^^^ (BuildHIR::lowerStatement) Handle TryStatement with a finalizer ('finally') clause
  170 |   }, [hasMore, rows.length]);
  171 |
  172 |   /*
    at new HIRBuilder (C:\Users\DboxAdmin\skill_projects\expense-tracker\node_modules\babel-plugin-react-compiler\dist\index.js:76126:19)
    at lower (C:\Users\DboxAdmin\skill_projects\expense-tracker\node_modules\babel-plugin-react-compiler\dist\index.js:78097:19)
    at runWithEnvironment (C:\Users\DboxAdmin\skill_projects\expense-tracker\node_modules\babel-plugin-react-compiler\dist\index.js:106368:15)
    at run (C:\Users\DboxAdmin\skill_projects\expense-tracker\node_modules\babel-plugin-react-compiler\dist\index.js:106361:10)
    at compileFn (C:\Users\DboxAdmin\skill_projects\expense-tracker\node_modules\babel-plugin-react-compiler\dist\index.js:106689:10)
    at tryCompileFunction (C:\Users\DboxAdmin\skill_projects\expense-tracker\node_modules\babel-plugin-react-compiler\dist\index.js:107289:19)
    at processFn (C:\Users\DboxAdmin\skill_projects\expense-tracker\node_modules\babel-plugin-react-compiler\dist\index.js:107226:25)
    at compileProgram (C:\Users\DboxAdmin\skill_projects\expense-tracker\node_modules\babel-plugin-react-compiler\dist\index.js:107107:22)
    at PluginPass.enter (C:\Users\DboxAdmin\skill_projects\expense-tracker\node_modules\babel-plugin-react-compiler\dist\index.js:108443:28)
    at newFn (C:\Users\DboxAdmin\skill_projects\expense-tracker\node_modules\@babel\traverse\lib\visitors.js:168:14)
    at NodePath._call (C:\Users\DboxAdmin\skill_projects\expense-tracker\node_modules\@babel\traverse\lib\path\context.js:50:20)
    at NodePath.call (C:\Users\DboxAdmin\skill_projects\expense-tracker\node_modules\@babel\traverse\lib\path\context.js:40:18)
    at NodePath.visit (C:\Users\DboxAdmin\skill_projects\expense-tracker\node_modules\@babel\traverse\lib\path\context.js:87:31)
    at TraversalContext.visitQueue (C:\Users\DboxAdmin\skill_projects\expense-tracker\node_modules\@babel\traverse\lib\context.js:96:16)
    at TraversalContext.visitSingle (C:\Users\DboxAdmin\skill_projects\expense-tracker\node_modules\@babel\traverse\lib\context.js:72:19)
    at TraversalContext.visit (C:\Users\DboxAdmin\skill_projects\expense-tracker\node_modules\@babel\traverse\lib\context.js:119:19)
    at traverseNode (C:\Users\DboxAdmin\skill_projects\expense-tracker\node_modules\@babel\traverse\lib\traverse-node.js:130:17)
    at traverse (C:\Users\DboxAdmin\skill_projects\expense-tracker\node_modules\@babel\traverse\lib\index.js:53:34)
    at transformFile (C:\Users\DboxAdmin\skill_projects\expense-tracker\node_modules\@babel\core\lib\transformation\index.js:79:29)
    at transformFile.next (<anonymous>)
    at run (C:\Users\DboxAdmin\skill_projects\expense-tracker\node_modules\@babel\core\lib\transformation\index.js:25:12)
    at run.next (<anonymous>)
    at transform (C:\Users\DboxAdmin\skill_projects\expense-tracker\node_modules\@babel\core\lib\transform.js:22:33)
    at transform.next (<anonymous>)
    at evaluateSync (C:\Users\DboxAdmin\skill_projects\expense-tracker\node_modules\gensync\index.js:251:28)
    at sync (C:\Users\DboxAdmin\skill_projects\expense-tracker\node_modules\gensync\index.js:89:14)
    at stopHiding - secret - don't use this - v1 (C:\Users\DboxAdmin\skill_projects\expense-tracker\node_modules\@babel\core\lib\errors\rewrite-stack-trace.js:47:12)
    at Object.transformSync (C:\Users\DboxAdmin\skill_projects\expense-tracker\node_modules\@babel\core\lib\transform.js:40:76)
    at parseWithBabel (C:\Users\DboxAdmin\skill_projects\expense-tracker\node_modules\@expo\metro-config\build\transformSync.js:75:18)
    at transformSync (C:\Users\DboxAdmin\skill_projects\expense-tracker\node_modules\@expo\metro-config\build\transformSync.js:54:16)
    at Object.transform (C:\Users\DboxAdmin\skill_projects\expense-tracker\node_modules\@expo\metro-config\build\babel-transformer.js:146:58)
    at transformJSWithBabel (C:\Users\DboxAdmin\skill_projects\expense-tracker\node_modules\@expo\metro-config\build\transform-worker\metro-transform-worker.js:495:47)
    at Object.transform (C:\Users\DboxAdmin\skill_projects\expense-tracker\node_modules\@expo\metro-config\build\transform-worker\metro-transform-worker.js:614:12)
    at Object.transform (C:\Users\DboxAdmin\skill_projects\expense-tracker\node_modules\@expo\metro-config\build\transform-worker\transform-worker.js:179:19)
    at transformFile (C:\Users\DboxAdmin\skill_projects\expense-tracker\node_modules\metro\src\DeltaBundler\Worker.flow.js:67:36)
    at Object.transform (C:\Users\DboxAdmin\skill_projects\expense-tracker\node_modules\metro\src\DeltaBundler\Worker.flow.js:42:10)
    at execFunction (C:\Users\DboxAdmin\skill_projects\expense-tracker\node_modules\jest-worker\build\workers\threadChild.js:167:17)
    at execHelper (C:\Users\DboxAdmin\skill_projects\expense-tracker\node_modules\jest-worker\build\workers\threadChild.js:155:5)
    at execMethod (C:\Users\DboxAdmin\skill_projects\expense-tracker\node_modules\jest-worker\build\workers\threadChild.js:158:5)
    at MessagePort.messageListener (C:\Users\DboxAdmin\skill_projects\expense-tracker\node_modules\jest-worker\build\workers\threadChild.js:52:7)
    at [nodejs.internal.kHybridDispatch] (node:internal/event_target:848:20)
 ERROR  ReactCompilerError: Found 2 errors:

Todo: (BuildHIR::lowerStatement) Handle TryStatement with a finalizer ('finally') clause

  110 |     loadingMore.current = true;
  111 |
> 112 |     try {
      |     ^^^^^
> 113 |       const repository = new ExpenseRepository(await getDatabase());
      | ^^^^^^^^^^^^^^^^^^^^^^^^^^^^^^^^^^^^^^^^^^^^^^^^^^^^^^^^^^^^^^^^^^^^
> 114 |       const page = await repository.listRecent({ limit: EXPENSE_PAGE_SIZE, offset: 0 });
      | ^^^^^^^^^^^^^^^^^^^^^^^^^^^^^^^^^^^^^^^^^^^^^^^^^^^^^^^^^^^^^^^^^^^^
> 115 |
      | ^^^^^^^^^^^^^^^^^^^^^^^^^^^^^^^^^^^^^^^^^^^^^^^^^^^^^^^^^^^^^^^^^^^^
> 116 |       setRows(page.expenses);
      | ^^^^^^^^^^^^^^^^^^^^^^^^^^^^^^^^^^^^^^^^^^^^^^^^^^^^^^^^^^^^^^^^^^^^
> 117 |       setHasMore(page.hasMore);
      | ^^^^^^^^^^^^^^^^^^^^^^^^^^^^^^^^^^^^^^^^^^^^^^^^^^^^^^^^^^^^^^^^^^^^
> 118 |       setStatus('ready');
      | ^^^^^^^^^^^^^^^^^^^^^^^^^^^^^^^^^^^^^^^^^^^^^^^^^^^^^^^^^^^^^^^^^^^^
> 119 |     } catch (error) {
      | ^^^^^^^^^^^^^^^^^^^^^^^^^^^^^^^^^^^^^^^^^^^^^^^^^^^^^^^^^^^^^^^^^^^^
> 120 |       // Rows already on screen are left alone; only a first load with nothing to
      | ^^^^^^^^^^^^^^^^^^^^^^^^^^^^^^^^^^^^^^^^^^^^^^^^^^^^^^^^^^^^^^^^^^^^
> 121 |       // show replaces them with an error.
      | ^^^^^^^^^^^^^^^^^^^^^^^^^^^^^^^^^^^^^^^^^^^^^^^^^^^^^^^^^^^^^^^^^^^^
> 122 |       console.warn('[expenses] could not load the first page', error);
      | ^^^^^^^^^^^^^^^^^^^^^^^^^^^^^^^^^^^^^^^^^^^^^^^^^^^^^^^^^^^^^^^^^^^^
> 123 |
      | ^^^^^^^^^^^^^^^^^^^^^^^^^^^^^^^^^^^^^^^^^^^^^^^^^^^^^^^^^^^^^^^^^^^^
> 124 |       if (rows.length === 0) {
      | ^^^^^^^^^^^^^^^^^^^^^^^^^^^^^^^^^^^^^^^^^^^^^^^^^^^^^^^^^^^^^^^^^^^^
> 125 |         setStatus('error');
      | ^^^^^^^^^^^^^^^^^^^^^^^^^^^^^^^^^^^^^^^^^^^^^^^^^^^^^^^^^^^^^^^^^^^^
> 126 |       }
      | ^^^^^^^^^^^^^^^^^^^^^^^^^^^^^^^^^^^^^^^^^^^^^^^^^^^^^^^^^^^^^^^^^^^^
> 127 |     } finally {
      | ^^^^^^^^^^^^^^^^^^^^^^^^^^^^^^^^^^^^^^^^^^^^^^^^^^^^^^^^^^^^^^^^^^^^
> 128 |       loadingMore.current = false;
      | ^^^^^^^^^^^^^^^^^^^^^^^^^^^^^^^^^^^^^^^^^^^^^^^^^^^^^^^^^^^^^^^^^^^^
> 129 |     }
      | ^^^^^^ (BuildHIR::lowerStatement) Handle TryStatement with a finalizer ('finally') clause
  130 |   }, [rows.length]);
  131 |
  132 |   const loadNextPage = useCallback(async () => {

Todo: (BuildHIR::lowerStatement) Handle TryStatement with a finalizer ('finally') clause

  140 |     loadingMore.current = true;
  141 |
> 142 |     try {
      |     ^^^^^
> 143 |       const repository = new ExpenseRepository(await getDatabase());
      | ^^^^^^^^^^^^^^^^^^^^^^^^^^^^^^^^^^^^^^^^^^^^^^^^^^^^^^^^^^^^^^^^^^^^
> 144 |       const page = await repository.listRecent({
      | ^^^^^^^^^^^^^^^^^^^^^^^^^^^^^^^^^^^^^^^^^^^^^^^^^^^^^^^^^^^^^^^^^^^^
> 145 |         limit: EXPENSE_PAGE_SIZE,
      | ^^^^^^^^^^^^^^^^^^^^^^^^^^^^^^^^^^^^^^^^^^^^^^^^^^^^^^^^^^^^^^^^^^^^
> 146 |         // Read against the rows on screen, not against a separate counter that
      | ^^^^^^^^^^^^^^^^^^^^^^^^^^^^^^^^^^^^^^^^^^^^^^^^^^^^^^^^^^^^^^^^^^^^
> 147 |         // could drift from them.
      | ^^^^^^^^^^^^^^^^^^^^^^^^^^^^^^^^^^^^^^^^^^^^^^^^^^^^^^^^^^^^^^^^^^^^
> 148 |         offset: rows.length,
      | ^^^^^^^^^^^^^^^^^^^^^^^^^^^^^^^^^^^^^^^^^^^^^^^^^^^^^^^^^^^^^^^^^^^^
> 149 |       });
      | ^^^^^^^^^^^^^^^^^^^^^^^^^^^^^^^^^^^^^^^^^^^^^^^^^^^^^^^^^^^^^^^^^^^^
> 150 |
      | ^^^^^^^^^^^^^^^^^^^^^^^^^^^^^^^^^^^^^^^^^^^^^^^^^^^^^^^^^^^^^^^^^^^^
> 151 |       setHasMore(page.hasMore);
      | ^^^^^^^^^^^^^^^^^^^^^^^^^^^^^^^^^^^^^^^^^^^^^^^^^^^^^^^^^^^^^^^^^^^^
> 152 |
      | ^^^^^^^^^^^^^^^^^^^^^^^^^^^^^^^^^^^^^^^^^^^^^^^^^^^^^^^^^^^^^^^^^^^^
> 153 |       if (page.expenses.length > 0) {
      | ^^^^^^^^^^^^^^^^^^^^^^^^^^^^^^^^^^^^^^^^^^^^^^^^^^^^^^^^^^^^^^^^^^^^
> 154 |         // Append. These are the same row objects the query returned, so the
      | ^^^^^^^^^^^^^^^^^^^^^^^^^^^^^^^^^^^^^^^^^^^^^^^^^^^^^^^^^^^^^^^^^^^^
> 155 |         // rows already on screen keep their identity and do not re-render.
      | ^^^^^^^^^^^^^^^^^^^^^^^^^^^^^^^^^^^^^^^^^^^^^^^^^^^^^^^^^^^^^^^^^^^^
> 156 |         setRows((current) => [...current, ...page.expenses]);
      | ^^^^^^^^^^^^^^^^^^^^^^^^^^^^^^^^^^^^^^^^^^^^^^^^^^^^^^^^^^^^^^^^^^^^
> 157 |       }
      | ^^^^^^^^^^^^^^^^^^^^^^^^^^^^^^^^^^^^^^^^^^^^^^^^^^^^^^^^^^^^^^^^^^^^
> 158 |     } catch (error) {
      | ^^^^^^^^^^^^^^^^^^^^^^^^^^^^^^^^^^^^^^^^^^^^^^^^^^^^^^^^^^^^^^^^^^^^
> 159 |       /*
      | ^^^^^^^^^^^^^^^^^^^^^^^^^^^^^^^^^^^^^^^^^^^^^^^^^^^^^^^^^^^^^^^^^^^^
> 160 |         Stop paging rather than looping. A failure here leaves the offset where it
      | ^^^^^^^^^^^^^^^^^^^^^^^^^^^^^^^^^^^^^^^^^^^^^^^^^^^^^^^^^^^^^^^^^^^^
> 161 |         was, so the next scroll would ask for the same page again and keep
      | ^^^^^^^^^^^^^^^^^^^^^^^^^^^^^^^^^^^^^^^^^^^^^^^^^^^^^^^^^^^^^^^^^^^^
> 162 |         failing; clearing `hasMore` turns the footer into "End of history" and
      | ^^^^^^^^^^^^^^^^^^^^^^^^^^^^^^^^^^^^^^^^^^^^^^^^^^^^^^^^^^^^^^^^^^^^
> 163 |         leaves a working part of the list rather than an endless spinner.
      | ^^^^^^^^^^^^^^^^^^^^^^^^^^^^^^^^^^^^^^^^^^^^^^^^^^^^^^^^^^^^^^^^^^^^
> 164 |       */
      | ^^^^^^^^^^^^^^^^^^^^^^^^^^^^^^^^^^^^^^^^^^^^^^^^^^^^^^^^^^^^^^^^^^^^
> 165 |       console.warn('[expenses] could not load the next page', error);
      | ^^^^^^^^^^^^^^^^^^^^^^^^^^^^^^^^^^^^^^^^^^^^^^^^^^^^^^^^^^^^^^^^^^^^
> 166 |       setHasMore(false);
      | ^^^^^^^^^^^^^^^^^^^^^^^^^^^^^^^^^^^^^^^^^^^^^^^^^^^^^^^^^^^^^^^^^^^^
> 167 |     } finally {
      | ^^^^^^^^^^^^^^^^^^^^^^^^^^^^^^^^^^^^^^^^^^^^^^^^^^^^^^^^^^^^^^^^^^^^
> 168 |       loadingMore.current = false;
      | ^^^^^^^^^^^^^^^^^^^^^^^^^^^^^^^^^^^^^^^^^^^^^^^^^^^^^^^^^^^^^^^^^^^^
> 169 |     }
      | ^^^^^^ (BuildHIR::lowerStatement) Handle TryStatement with a finalizer ('finally') clause
  170 |   }, [hasMore, rows.length]);
  171 |
  172 |   /*
    at new HIRBuilder (C:\Users\DboxAdmin\skill_projects\expense-tracker\node_modules\babel-plugin-react-compiler\dist\index.js:76126:19)
    at lower (C:\Users\DboxAdmin\skill_projects\expense-tracker\node_modules\babel-plugin-react-compiler\dist\index.js:78097:19)
    at runWithEnvironment (C:\Users\DboxAdmin\skill_projects\expense-tracker\node_modules\babel-plugin-react-compiler\dist\index.js:106368:15)
    at run (C:\Users\DboxAdmin\skill_projects\expense-tracker\node_modules\babel-plugin-react-compiler\dist\index.js:106361:10)
    at compileFn (C:\Users\DboxAdmin\skill_projects\expense-tracker\node_modules\babel-plugin-react-compiler\dist\index.js:106689:10)
    at tryCompileFunction (C:\Users\DboxAdmin\skill_projects\expense-tracker\node_modules\babel-plugin-react-compiler\dist\index.js:107289:19)
    at processFn (C:\Users\DboxAdmin\skill_projects\expense-tracker\node_modules\babel-plugin-react-compiler\dist\index.js:107226:25)
    at compileProgram (C:\Users\DboxAdmin\skill_projects\expense-tracker\node_modules\babel-plugin-react-compiler\dist\index.js:107107:22)
    at PluginPass.enter (C:\Users\DboxAdmin\skill_projects\expense-tracker\node_modules\babel-plugin-react-compiler\dist\index.js:108443:28)
    at newFn (C:\Users\DboxAdmin\skill_projects\expense-tracker\node_modules\@babel\traverse\lib\visitors.js:168:14)
    at NodePath._call (C:\Users\DboxAdmin\skill_projects\expense-tracker\node_modules\@babel\traverse\lib\path\context.js:50:20)
    at NodePath.call (C:\Users\DboxAdmin\skill_projects\expense-tracker\node_modules\@babel\traverse\lib\path\context.js:40:18)
    at NodePath.visit (C:\Users\DboxAdmin\skill_projects\expense-tracker\node_modules\@babel\traverse\lib\path\context.js:87:31)
    at TraversalContext.visitQueue (C:\Users\DboxAdmin\skill_projects\expense-tracker\node_modules\@babel\traverse\lib\context.js:96:16)
    at TraversalContext.visitSingle (C:\Users\DboxAdmin\skill_projects\expense-tracker\node_modules\@babel\traverse\lib\context.js:72:19)
    at TraversalContext.visit (C:\Users\DboxAdmin\skill_projects\expense-tracker\node_modules\@babel\traverse\lib\context.js:119:19)
    at traverseNode (C:\Users\DboxAdmin\skill_projects\expense-tracker\node_modules\@babel\traverse\lib\traverse-node.js:130:17)
    at traverse (C:\Users\DboxAdmin\skill_projects\expense-tracker\node_modules\@babel\traverse\lib\index.js:53:34)
    at transformFile (C:\Users\DboxAdmin\skill_projects\expense-tracker\node_modules\@babel\core\lib\transformation\index.js:79:29)
    at transformFile.next (<anonymous>)
    at run (C:\Users\DboxAdmin\skill_projects\expense-tracker\node_modules\@babel\core\lib\transformation\index.js:25:12)
    at run.next (<anonymous>)
    at transform (C:\Users\DboxAdmin\skill_projects\expense-tracker\node_modules\@babel\core\lib\transform.js:22:33)
    at transform.next (<anonymous>)
    at evaluateSync (C:\Users\DboxAdmin\skill_projects\expense-tracker\node_modules\gensync\index.js:251:28)
    at sync (C:\Users\DboxAdmin\skill_projects\expense-tracker\node_modules\gensync\index.js:89:14)
    at stopHiding - secret - don't use this - v1 (C:\Users\DboxAdmin\skill_projects\expense-tracker\node_modules\@babel\core\lib\errors\rewrite-stack-trace.js:47:12)
    at Object.transformSync (C:\Users\DboxAdmin\skill_projects\expense-tracker\node_modules\@babel\core\lib\transform.js:40:76)
    at parseWithBabel (C:\Users\DboxAdmin\skill_projects\expense-tracker\node_modules\@expo\metro-config\build\transformSync.js:75:18)
    at transformSync (C:\Users\DboxAdmin\skill_projects\expense-tracker\node_modules\@expo\metro-config\build\transformSync.js:54:16)
    at Object.transform (C:\Users\DboxAdmin\skill_projects\expense-tracker\node_modules\@expo\metro-config\build\babel-transformer.js:146:58)
    at transformJSWithBabel (C:\Users\DboxAdmin\skill_projects\expense-tracker\node_modules\@expo\metro-config\build\transform-worker\metro-transform-worker.js:495:47)
    at Object.transform (C:\Users\DboxAdmin\skill_projects\expense-tracker\node_modules\@expo\metro-config\build\transform-worker\metro-transform-worker.js:614:12)
    at Object.transform (C:\Users\DboxAdmin\skill_projects\expense-tracker\node_modules\@expo\metro-config\build\transform-worker\transform-worker.js:179:19)
    at transformFile (C:\Users\DboxAdmin\skill_projects\expense-tracker\node_modules\metro\src\DeltaBundler\Worker.flow.js:67:36)
    at Object.transform (C:\Users\DboxAdmin\skill_projects\expense-tracker\node_modules\metro\src\DeltaBundler\Worker.flow.js:42:10)
    at execFunction (C:\Users\DboxAdmin\skill_projects\expense-tracker\node_modules\jest-worker\build\workers\threadChild.js:167:17)
    at execHelper (C:\Users\DboxAdmin\skill_projects\expense-tracker\node_modules\jest-worker\build\workers\threadChild.js:155:5)
    at execMethod (C:\Users\DboxAdmin\skill_projects\expense-tracker\node_modules\jest-worker\build\workers\threadChild.js:158:5)
    at MessagePort.messageListener (C:\Users\DboxAdmin\skill_projects\expense-tracker\node_modules\jest-worker\build\workers\threadChild.js:52:7)
    at [nodejs.internal.kHybridDispatch] (node:internal/event_target:848:20)
Android Bundling failed 1255ms node_modules\expo-router\entry.js (1 module)
 ERROR  ReactCompilerError: Found 2 errors:

Todo: (BuildHIR::lowerStatement) Handle TryStatement with a finalizer ('finally') clause

  110 |     loadingMore.current = true;
  111 |
> 112 |     try {
      |     ^^^^^
> 113 |       const repository = new ExpenseRepository(await getDatabase());
      | ^^^^^^^^^^^^^^^^^^^^^^^^^^^^^^^^^^^^^^^^^^^^^^^^^^^^^^^^^^^^^^^^^^^^
> 114 |       const page = await repository.listRecent({ limit: EXPENSE_PAGE_SIZE, offset: 0 });
      | ^^^^^^^^^^^^^^^^^^^^^^^^^^^^^^^^^^^^^^^^^^^^^^^^^^^^^^^^^^^^^^^^^^^^
> 115 |
      | ^^^^^^^^^^^^^^^^^^^^^^^^^^^^^^^^^^^^^^^^^^^^^^^^^^^^^^^^^^^^^^^^^^^^
> 116 |       setRows(page.expenses);
      | ^^^^^^^^^^^^^^^^^^^^^^^^^^^^^^^^^^^^^^^^^^^^^^^^^^^^^^^^^^^^^^^^^^^^
> 117 |       setHasMore(page.hasMore);
      | ^^^^^^^^^^^^^^^^^^^^^^^^^^^^^^^^^^^^^^^^^^^^^^^^^^^^^^^^^^^^^^^^^^^^
> 118 |       setStatus('ready');
      | ^^^^^^^^^^^^^^^^^^^^^^^^^^^^^^^^^^^^^^^^^^^^^^^^^^^^^^^^^^^^^^^^^^^^
> 119 |     } catch (error) {
      | ^^^^^^^^^^^^^^^^^^^^^^^^^^^^^^^^^^^^^^^^^^^^^^^^^^^^^^^^^^^^^^^^^^^^
> 120 |       // Rows already on screen are left alone; only a first load with nothing to
      | ^^^^^^^^^^^^^^^^^^^^^^^^^^^^^^^^^^^^^^^^^^^^^^^^^^^^^^^^^^^^^^^^^^^^
> 121 |       // show replaces them with an error.
      | ^^^^^^^^^^^^^^^^^^^^^^^^^^^^^^^^^^^^^^^^^^^^^^^^^^^^^^^^^^^^^^^^^^^^
> 122 |       console.warn('[expenses] could not load the first page', error);
      | ^^^^^^^^^^^^^^^^^^^^^^^^^^^^^^^^^^^^^^^^^^^^^^^^^^^^^^^^^^^^^^^^^^^^
> 123 |
      | ^^^^^^^^^^^^^^^^^^^^^^^^^^^^^^^^^^^^^^^^^^^^^^^^^^^^^^^^^^^^^^^^^^^^
> 124 |       if (rows.length === 0) {
      | ^^^^^^^^^^^^^^^^^^^^^^^^^^^^^^^^^^^^^^^^^^^^^^^^^^^^^^^^^^^^^^^^^^^^
> 125 |         setStatus('error');
      | ^^^^^^^^^^^^^^^^^^^^^^^^^^^^^^^^^^^^^^^^^^^^^^^^^^^^^^^^^^^^^^^^^^^^
> 126 |       }
      | ^^^^^^^^^^^^^^^^^^^^^^^^^^^^^^^^^^^^^^^^^^^^^^^^^^^^^^^^^^^^^^^^^^^^
> 127 |     } finally {
      | ^^^^^^^^^^^^^^^^^^^^^^^^^^^^^^^^^^^^^^^^^^^^^^^^^^^^^^^^^^^^^^^^^^^^
> 128 |       loadingMore.current = false;
      | ^^^^^^^^^^^^^^^^^^^^^^^^^^^^^^^^^^^^^^^^^^^^^^^^^^^^^^^^^^^^^^^^^^^^
> 129 |     }
      | ^^^^^^ (BuildHIR::lowerStatement) Handle TryStatement with a finalizer ('finally') clause
  130 |   }, [rows.length]);
  131 |
  132 |   const loadNextPage = useCallback(async () => {

Todo: (BuildHIR::lowerStatement) Handle TryStatement with a finalizer ('finally') clause

  140 |     loadingMore.current = true;
  141 |
> 142 |     try {
      |     ^^^^^
> 143 |       const repository = new ExpenseRepository(await getDatabase());
      | ^^^^^^^^^^^^^^^^^^^^^^^^^^^^^^^^^^^^^^^^^^^^^^^^^^^^^^^^^^^^^^^^^^^^
> 144 |       const page = await repository.listRecent({
      | ^^^^^^^^^^^^^^^^^^^^^^^^^^^^^^^^^^^^^^^^^^^^^^^^^^^^^^^^^^^^^^^^^^^^
> 145 |         limit: EXPENSE_PAGE_SIZE,
      | ^^^^^^^^^^^^^^^^^^^^^^^^^^^^^^^^^^^^^^^^^^^^^^^^^^^^^^^^^^^^^^^^^^^^
> 146 |         // Read against the rows on screen, not against a separate counter that
      | ^^^^^^^^^^^^^^^^^^^^^^^^^^^^^^^^^^^^^^^^^^^^^^^^^^^^^^^^^^^^^^^^^^^^
> 147 |         // could drift from them.
      | ^^^^^^^^^^^^^^^^^^^^^^^^^^^^^^^^^^^^^^^^^^^^^^^^^^^^^^^^^^^^^^^^^^^^
> 148 |         offset: rows.length,
      | ^^^^^^^^^^^^^^^^^^^^^^^^^^^^^^^^^^^^^^^^^^^^^^^^^^^^^^^^^^^^^^^^^^^^
> 149 |       });
      | ^^^^^^^^^^^^^^^^^^^^^^^^^^^^^^^^^^^^^^^^^^^^^^^^^^^^^^^^^^^^^^^^^^^^
> 150 |
      | ^^^^^^^^^^^^^^^^^^^^^^^^^^^^^^^^^^^^^^^^^^^^^^^^^^^^^^^^^^^^^^^^^^^^
> 151 |       setHasMore(page.hasMore);
      | ^^^^^^^^^^^^^^^^^^^^^^^^^^^^^^^^^^^^^^^^^^^^^^^^^^^^^^^^^^^^^^^^^^^^
> 152 |
      | ^^^^^^^^^^^^^^^^^^^^^^^^^^^^^^^^^^^^^^^^^^^^^^^^^^^^^^^^^^^^^^^^^^^^
> 153 |       if (page.expenses.length > 0) {
      | ^^^^^^^^^^^^^^^^^^^^^^^^^^^^^^^^^^^^^^^^^^^^^^^^^^^^^^^^^^^^^^^^^^^^
> 154 |         // Append. These are the same row objects the query returned, so the
      | ^^^^^^^^^^^^^^^^^^^^^^^^^^^^^^^^^^^^^^^^^^^^^^^^^^^^^^^^^^^^^^^^^^^^
> 155 |         // rows already on screen keep their identity and do not re-render.
      | ^^^^^^^^^^^^^^^^^^^^^^^^^^^^^^^^^^^^^^^^^^^^^^^^^^^^^^^^^^^^^^^^^^^^
> 156 |         setRows((current) => [...current, ...page.expenses]);
      | ^^^^^^^^^^^^^^^^^^^^^^^^^^^^^^^^^^^^^^^^^^^^^^^^^^^^^^^^^^^^^^^^^^^^
> 157 |       }
      | ^^^^^^^^^^^^^^^^^^^^^^^^^^^^^^^^^^^^^^^^^^^^^^^^^^^^^^^^^^^^^^^^^^^^
> 158 |     } catch (error) {
      | ^^^^^^^^^^^^^^^^^^^^^^^^^^^^^^^^^^^^^^^^^^^^^^^^^^^^^^^^^^^^^^^^^^^^
> 159 |       /*
      | ^^^^^^^^^^^^^^^^^^^^^^^^^^^^^^^^^^^^^^^^^^^^^^^^^^^^^^^^^^^^^^^^^^^^
> 160 |         Stop paging rather than looping. A failure here leaves the offset where it
      | ^^^^^^^^^^^^^^^^^^^^^^^^^^^^^^^^^^^^^^^^^^^^^^^^^^^^^^^^^^^^^^^^^^^^
> 161 |         was, so the next scroll would ask for the same page again and keep
      | ^^^^^^^^^^^^^^^^^^^^^^^^^^^^^^^^^^^^^^^^^^^^^^^^^^^^^^^^^^^^^^^^^^^^
> 162 |         failing; clearing `hasMore` turns the footer into "End of history" and
      | ^^^^^^^^^^^^^^^^^^^^^^^^^^^^^^^^^^^^^^^^^^^^^^^^^^^^^^^^^^^^^^^^^^^^
> 163 |         leaves a working part of the list rather than an endless spinner.
      | ^^^^^^^^^^^^^^^^^^^^^^^^^^^^^^^^^^^^^^^^^^^^^^^^^^^^^^^^^^^^^^^^^^^^
> 164 |       */
      | ^^^^^^^^^^^^^^^^^^^^^^^^^^^^^^^^^^^^^^^^^^^^^^^^^^^^^^^^^^^^^^^^^^^^
> 165 |       console.warn('[expenses] could not load the next page', error);
      | ^^^^^^^^^^^^^^^^^^^^^^^^^^^^^^^^^^^^^^^^^^^^^^^^^^^^^^^^^^^^^^^^^^^^
> 166 |       setHasMore(false);
      | ^^^^^^^^^^^^^^^^^^^^^^^^^^^^^^^^^^^^^^^^^^^^^^^^^^^^^^^^^^^^^^^^^^^^
> 167 |     } finally {
      | ^^^^^^^^^^^^^^^^^^^^^^^^^^^^^^^^^^^^^^^^^^^^^^^^^^^^^^^^^^^^^^^^^^^^
> 168 |       loadingMore.current = false;
      | ^^^^^^^^^^^^^^^^^^^^^^^^^^^^^^^^^^^^^^^^^^^^^^^^^^^^^^^^^^^^^^^^^^^^
> 169 |     }
      | ^^^^^^ (BuildHIR::lowerStatement) Handle TryStatement with a finalizer ('finally') clause
  170 |   }, [hasMore, rows.length]);
  171 |
  172 |   /*
    at new HIRBuilder (C:\Users\DboxAdmin\skill_projects\expense-tracker\node_modules\babel-plugin-react-compiler\dist\index.js:76126:19)
    at lower (C:\Users\DboxAdmin\skill_projects\expense-tracker\node_modules\babel-plugin-react-compiler\dist\index.js:78097:19)
    at runWithEnvironment (C:\Users\DboxAdmin\skill_projects\expense-tracker\node_modules\babel-plugin-react-compiler\dist\index.js:106368:15)
    at run (C:\Users\DboxAdmin\skill_projects\expense-tracker\node_modules\babel-plugin-react-compiler\dist\index.js:106361:10)
    at compileFn (C:\Users\DboxAdmin\skill_projects\expense-tracker\node_modules\babel-plugin-react-compiler\dist\index.js:106689:10)
    at tryCompileFunction (C:\Users\DboxAdmin\skill_projects\expense-tracker\node_modules\babel-plugin-react-compiler\dist\index.js:107289:19)
    at processFn (C:\Users\DboxAdmin\skill_projects\expense-tracker\node_modules\babel-plugin-react-compiler\dist\index.js:107226:25)
    at compileProgram (C:\Users\DboxAdmin\skill_projects\expense-tracker\node_modules\babel-plugin-react-compiler\dist\index.js:107107:22)
    at PluginPass.enter (C:\Users\DboxAdmin\skill_projects\expense-tracker\node_modules\babel-plugin-react-compiler\dist\index.js:108443:28)
    at newFn (C:\Users\DboxAdmin\skill_projects\expense-tracker\node_modules\@babel\traverse\lib\visitors.js:168:14)
    at NodePath._call (C:\Users\DboxAdmin\skill_projects\expense-tracker\node_modules\@babel\traverse\lib\path\context.js:50:20)
    at NodePath.call (C:\Users\DboxAdmin\skill_projects\expense-tracker\node_modules\@babel\traverse\lib\path\context.js:40:18)
    at NodePath.visit (C:\Users\DboxAdmin\skill_projects\expense-tracker\node_modules\@babel\traverse\lib\path\context.js:87:31)
    at TraversalContext.visitQueue (C:\Users\DboxAdmin\skill_projects\expense-tracker\node_modules\@babel\traverse\lib\context.js:96:16)
    at TraversalContext.visitSingle (C:\Users\DboxAdmin\skill_projects\expense-tracker\node_modules\@babel\traverse\lib\context.js:72:19)
    at TraversalContext.visit (C:\Users\DboxAdmin\skill_projects\expense-tracker\node_modules\@babel\traverse\lib\context.js:119:19)
    at traverseNode (C:\Users\DboxAdmin\skill_projects\expense-tracker\node_modules\@babel\traverse\lib\traverse-node.js:130:17)
    at traverse (C:\Users\DboxAdmin\skill_projects\expense-tracker\node_modules\@babel\traverse\lib\index.js:53:34)
    at transformFile (C:\Users\DboxAdmin\skill_projects\expense-tracker\node_modules\@babel\core\lib\transformation\index.js:79:29)
    at transformFile.next (<anonymous>)
    at run (C:\Users\DboxAdmin\skill_projects\expense-tracker\node_modules\@babel\core\lib\transformation\index.js:25:12)
    at run.next (<anonymous>)
    at transform (C:\Users\DboxAdmin\skill_projects\expense-tracker\node_modules\@babel\core\lib\transform.js:22:33)
    at transform.next (<anonymous>)
    at evaluateSync (C:\Users\DboxAdmin\skill_projects\expense-tracker\node_modules\gensync\index.js:251:28)
    at sync (C:\Users\DboxAdmin\skill_projects\expense-tracker\node_modules\gensync\index.js:89:14)
    at stopHiding - secret - don't use this - v1 (C:\Users\DboxAdmin\skill_projects\expense-tracker\node_modules\@babel\core\lib\errors\rewrite-stack-trace.js:47:12)
    at Object.transformSync (C:\Users\DboxAdmin\skill_projects\expense-tracker\node_modules\@babel\core\lib\transform.js:40:76)
    at parseWithBabel (C:\Users\DboxAdmin\skill_projects\expense-tracker\node_modules\@expo\metro-config\build\transformSync.js:75:18)
    at transformSync (C:\Users\DboxAdmin\skill_projects\expense-tracker\node_modules\@expo\metro-config\build\transformSync.js:54:16)
    at Object.transform (C:\Users\DboxAdmin\skill_projects\expense-tracker\node_modules\@expo\metro-config\build\babel-transformer.js:146:58)
    at transformJSWithBabel (C:\Users\DboxAdmin\skill_projects\expense-tracker\node_modules\@expo\metro-config\build\transform-worker\metro-transform-worker.js:495:47)
    at Object.transform (C:\Users\DboxAdmin\skill_projects\expense-tracker\node_modules\@expo\metro-config\build\transform-worker\metro-transform-worker.js:614:12)
    at Object.transform (C:\Users\DboxAdmin\skill_projects\expense-tracker\node_modules\@expo\metro-config\build\transform-worker\transform-worker.js:179:19)
    at transformFile (C:\Users\DboxAdmin\skill_projects\expense-tracker\node_modules\metro\src\DeltaBundler\Worker.flow.js:67:36)
    at Object.transform (C:\Users\DboxAdmin\skill_projects\expense-tracker\node_modules\metro\src\DeltaBundler\Worker.flow.js:42:10)
    at execFunction (C:\Users\DboxAdmin\skill_projects\expense-tracker\node_modules\jest-worker\build\workers\threadChild.js:167:17)
    at execHelper (C:\Users\DboxAdmin\skill_projects\expense-tracker\node_modules\jest-worker\build\workers\threadChild.js:155:5)
    at execMethod (C:\Users\DboxAdmin\skill_projects\expense-tracker\node_modules\jest-worker\build\workers\threadChild.js:158:5)
    at MessagePort.messageListener (C:\Users\DboxAdmin\skill_projects\expense-tracker\node_modules\jest-worker\build\workers\threadChild.js:52:7)
    at [nodejs.internal.kHybridDispatch] (node:internal/event_target:848:20)
Android Bundled 2897ms node_modules\expo-router\entry.js (1 module)
 ERROR  [ReferenceError: Property 'layout' doesn't exist] 

Code: expenses.tsx
[0m [90m 256 |[39m       length[33m:[39m
 [90m 257 |[39m         items[index][33m?[39m[33m.[39mkind [33m===[39m [32m'expense'[39m [33m?[39m [33mEXPENSE_ROW_HEIGHT[39m [33m:[39m [33mEXPENSE_GROUP_HEADER_HEIGHT[39m[33m,[39m
[31m[1m>[22m[39m[90m 258 |[39m       offset[33m:[39m layout[33m.[39moffsets[index] [33m?[39m[33m?[39m [35m0[39m[33m,[39m
 [90m     |[39m               [31m[1m^[22m[39m
 [90m 259 |[39m       index[33m,[39m
 [90m 260 |[39m     })[33m,[39m
 [90m 261 |[39m     [items[33m,[39m layout[33m.[39moffsets][33m,[39m[0m
Call Stack
  getItemLayout (src\app\(tabs)\expenses.tsx:258:15) 

Code: expenses.tsx
[0m [90m 373 |[39m         }
 [90m 374 |[39m       [33m/[39m[33m>[39m
[31m[1m>[22m[39m[90m 375 |[39m     [33m<[39m[33m/[39m[33mScreen[39m[33m>[39m
 [90m     |[39m              [31m[1m^[22m[39m
 [90m 376 |[39m   )[33m;[39m
 [90m 377 |[39m }
 [90m 378 |[39m[0m
Call Stack
  ExpensesScreen (src\app\(tabs)\expenses.tsx:375:14)
  TabsLayout (src\app\(tabs)\_layout.tsx:34:5)
  <global> (src\app\_layout.tsx:61:2)
Android Bundled 219ms node_modules\expo-router\entry.js (1 module)
 ERROR  

Code: expenses.tsx
[0m [90m 278 |[39m       [33m/[39m[33m>[39m
 [90m 279 |[39m
[31m[1m>[22m[39m[90m 280 |[39m       [33m<[39m[33mFlatList[39m
 [90m     |[39m       [31m[1m^[22m[39m
 [90m 281 |[39m         data[33m=[39m{items}
 [90m 282 |[39m         renderItem[33m=[39m{renderItem}
 [90m 283 |[39m         keyExtractor[33m=[39m{keyExtractor}[0m
Call Stack
  ExpensesScreen (src\app\(tabs)\expenses.tsx:280:7)
  TabsLayout (src\app\(tabs)\_layout.tsx:34:5)
  RootLayout (src\app\_layout.tsx:50:13)
 ERROR  

Code: expenses.tsx
[0m [90m 278 |[39m       [33m/[39m[33m>[39m
 [90m 279 |[39m
[31m[1m>[22m[39m[90m 280 |[39m       [33m<[39m[33mFlatList[39m
 [90m     |[39m       [31m[1m^[22m[39m
 [90m 281 |[39m         data[33m=[39m{items}
 [90m 282 |[39m         renderItem[33m=[39m{renderItem}
 [90m 283 |[39m         keyExtractor[33m=[39m{keyExtractor}[0m
Call Stack
  ExpensesScreen (src\app\(tabs)\expenses.tsx:280:7)
  TabsLayout (src\app\(tabs)\_layout.tsx:34:5)
  RootLayout (src\app\_layout.tsx:50:13)
 ERROR  

Code: expenses.tsx
[0m [90m 278 |[39m       [33m/[39m[33m>[39m
 [90m 279 |[39m
[31m[1m>[22m[39m[90m 280 |[39m       [33m<[39m[33mFlatList[39m
 [90m     |[39m       [31m[1m^[22m[39m
 [90m 281 |[39m         data[33m=[39m{items}
 [90m 282 |[39m         renderItem[33m=[39m{renderItem}
 [90m 283 |[39m         keyExtractor[33m=[39m{keyExtractor}[0m
Call Stack
  ExpensesScreen (src\app\(tabs)\expenses.tsx:280:7)
  TabsLayout (src\app\(tabs)\_layout.tsx:34:5)
  RootLayout (src\app\_layout.tsx:50:13)
 ERROR  

Code: expenses.tsx
[0m [90m 278 |[39m       [33m/[39m[33m>[39m
 [90m 279 |[39m
[31m[1m>[22m[39m[90m 280 |[39m       [33m<[39m[33mFlatList[39m
 [90m     |[39m       [31m[1m^[22m[39m
 [90m 281 |[39m         data[33m=[39m{items}
 [90m 282 |[39m         renderItem[33m=[39m{renderItem}
 [90m 283 |[39m         keyExtractor[33m=[39m{keyExtractor}[0m
Call Stack
  ExpensesScreen (src\app\(tabs)\expenses.tsx:280:7)
  TabsLayout (src\app\(tabs)\_layout.tsx:34:5)
  RootLayout (src\app\_layout.tsx:50:13)
 ERROR  

Code: expenses.tsx
[0m [90m 278 |[39m       [33m/[39m[33m>[39m
 [90m 279 |[39m
[31m[1m>[22m[39m[90m 280 |[39m       [33m<[39m[33mFlatList[39m
 [90m     |[39m       [31m[1m^[22m[39m
 [90m 281 |[39m         data[33m=[39m{items}
 [90m 282 |[39m         renderItem[33m=[39m{renderItem}
 [90m 283 |[39m         keyExtractor[33m=[39m{keyExtractor}[0m
Call Stack
  ExpensesScreen (src\app\(tabs)\expenses.tsx:280:7)
  TabsLayout (src\app\(tabs)\_layout.tsx:34:5)
  RootLayout (src\app\_layout.tsx:50:13)
 ERROR  

Code: expenses.tsx
[0m [90m 278 |[39m       [33m/[39m[33m>[39m
 [90m 279 |[39m
[31m[1m>[22m[39m[90m 280 |[39m       [33m<[39m[33mFlatList[39m
 [90m     |[39m       [31m[1m^[22m[39m
 [90m 281 |[39m         data[33m=[39m{items}
 [90m 282 |[39m         renderItem[33m=[39m{renderItem}
 [90m 283 |[39m         keyExtractor[33m=[39m{keyExtractor}[0m
Call Stack
  ExpensesScreen (src\app\(tabs)\expenses.tsx:280:7)
  TabsLayout (src\app\(tabs)\_layout.tsx:34:5)
  RootLayout (src\app\_layout.tsx:50:13)
Android Bundled 149ms node_modules\expo-router\entry.js (1 module)
Android Bundled 188ms node_modules\expo-router\entry.js (1 module)
Android Bundled 184ms node_modules\expo-router\entry.js (1 module)
